2026-09-27 21:59:10,404 [INFO] __main__: vision_ingest[BTCUSDT]: 2021-01-01 → 2026-09-03
2026-09-27 21:59:10,842 [INFO] httpx: HTTP Request: GET https://data.binance.vision/data/futures/um/monthly/fundingRate/BTCUSDT/BTCUSDT-fundingRate-2021-01.zip "HTTP/1.1 200 OK"
2026-09-27 21:59:11,120 [INFO] httpx: HTTP Request: GET https://data.binance.vision/data/futures/um/monthly/fundingRate/BTCUSDT/BTCUSDT-fundingRate-2021-01.zip.CHECKSUM "HTTP/1.1 200 OK"
2026-09-27 21:59:11,912 [INFO] httpx: HTTP Request: GET https://data.binance.vision/data/futures/um/monthly/fundingRate/BTCUSDT/BTCUSDT-fundingRate-2021-02.zip "HTTP/1.1 200 OK"
2026-09-27 21:59:12,205 [INFO] httpx: HTTP Request: GET https://data.binance.vision/data/futures/um/monthly/fundingRate/BTCUSDT/BTCUSDT-fundingRate-2021-02.zip.CHECKSUM "HTTP/1.1 200 OK"
2026-09-27 21:59:12,983 [INFO] httpx: HTTP Request: GET https://data.binance.vision/data/futures/um/monthly/fundingRate/BTCUSDT/BTCUSDT-fundingRate-2021-03.zip "HTTP/1.1 200 OK"
2026-09-27 21:59:13,263 [INFO] httpx: HTTP Request: GET https://data.binance.vision/data/futures/um/monthly/fundingRate/BTCUSDT/BTCUSDT-fundingRate-2021-03.zip.CHECKSUM "HTTP/1.1 200 OK"
2026-09-27 21:59:13,609 [INFO] httpx: HTTP Request: GET https://data.binance.vision/data/futures/um/monthly/fundingRate/BTCUSDT/BTCUSDT-fundingRate-2021-04.zip "HTTP/1.1 200 OK"
2026-09-27 21:59:14,383 [INFO] httpx: HTTP Request: GET https://data.binance.vision/data/futures/um/monthly/fundingRate/BTCUSDT/BTCUSDT-fundingRate-2021-04.zip.CHECKSUM "HTTP/1.1 200 OK"
2026-09-27 21:59:14,684 [INFO] httpx: HTTP Request: GET https://data.binance.vision/data/futures/um/monthly/fundingRate/BTCUSDT/BTCUSDT-fundingRate-2021-05.zip "HTTP/1.1 200 OK"
2026-09-27 21:59:15,454 [INFO] httpx: HTTP Request: GET https://data.binance.vision/data/futures/um/monthly/fundingRate/BTCUSDT/BTCUSDT-fundingRate-2021-05.zip.CHECKSUM "HTTP/1.1 200 OK"
2026-09-27 21:59:16,240 [INFO] httpx: HTTP Request: GET https://data.binance.vision/data/futures/um/monthly/fundingRate/BTCUSDT/BTCUSDT-fundingRate-2021-06.zip "HTTP/1.1 200 OK"
2026-09-27 21:59:17,009 [INFO] httpx: HTTP Request: GET https://data.binance.vision/data/futures/um/monthly/fundingRate/BTCUSDT/BTCUSDT-fundingRate-2021-06.zip.CHECKSUM "HTTP/1.1 200 OK"
2026-09-27 21:59:17,804 [INFO] httpx: HTTP Request: GET https://data.binance.vision/data/futures/um/monthly/fundingRate/BTCUSDT/BTCUSDT-fundingRate-2021-07.zip "HTTP/1.1 200 OK"
2026-09-27 21:59:18,572 [INFO] httpx: HTTP Request: GET https://data.binance.vision/data/futures/um/monthly/fundingRate/BTCUSDT/BTCUSDT-fundingRate-2021-07.zip.CHECKSUM "HTTP/1.1 200 OK"
2026-09-27 21:59:19,348 [INFO] httpx: HTTP Request: GET https://data.binance.vision/data/futures/um/monthly/fundingRate/BTCUSDT/BTCUSDT-fundingRate-2021-08.zip "HTTP/1.1 200 OK"
2026-09-27 21:59:20,118 [INFO] httpx: HTTP Request: GET https://data.binance.vision/data/futures/um/monthly/fundingRate/BTCUSDT/BTCUSDT-fundingRate-2021-08.zip.CHECKSUM "HTTP/1.1 200 OK"
2026-09-27 21:59:20,896 [INFO] httpx: HTTP Request: GET https://data.binance.vision/data/futures/um/monthly/fundingRate/BTCUSDT/BTCUSDT-fundingRate-2021-09.zip "HTTP/1.1 200 OK"
2026-09-27 21:59:21,672 [INFO] httpx: HTTP Request: GET https://data.binance.vision/data/futures/um/monthly/fundingRate/BTCUSDT/BTCUSDT-fundingRate-2021-09.zip.CHECKSUM "HTTP/1.1 200 OK"
2026-09-27 21:59:22,456 [INFO] httpx: HTTP Request: GET https://data.binance.vision/data/futures/um/monthly/fundingRate/BTCUSDT/BTCUSDT-fundingRate-2021-10.zip "HTTP/1.1 200 OK"
2026-09-27 21:59:23,232 [INFO] httpx: HTTP Request: GET https://data.binance.vision/data/futures/um/monthly/fundingRate/BTCUSDT/BTCUSDT-fundingRate-2021-10.zip.CHECKSUM "HTTP/1.1 200 OK"
2026-09-27 21:59:24,024 [INFO] httpx: HTTP Request: GET https://data.binance.vision/data/futures/um/monthly/fundingRate/BTCUSDT/BTCUSDT-fundingRate-2021-11.zip "HTTP/1.1 200 OK"
2026-09-27 21:59:24,801 [INFO] httpx: HTTP Request: GET https://data.binance.vision/data/futures/um/monthly/fundingRate/BTCUSDT/BTCUSDT-fundingRate-2021-11.zip.CHECKSUM "HTTP/1.1 200 OK"
2026-09-27 21:59:25,131 [INFO] httpx: HTTP Request: GET https://data.binance.vision/data/futures/um/monthly/fundingRate/BTCUSDT/BTCUSDT-fundingRate-2021-12.zip "HTTP/1.1 200 OK"
2026-09-27 21:59:25,435 [INFO] httpx: HTTP Request: GET https://data.binance.vision/data/futures/um/monthly/fundingRate/BTCUSDT/BTCUSDT-fundingRate-2021-12.zip.CHECKSUM "HTTP/1.1 200 OK"
2026-09-27 21:59:26,229 [INFO] httpx: HTTP Request: GET https://data.binance.vision/data/futures/um/monthly/fundingRate/BTCUSDT/BTCUSDT-fundingRate-2022-01.zip "HTTP/1.1 200 OK"
2026-09-27 21:59:26,993 [INFO] httpx: HTTP Request: GET https://data.binance.vision/data/futures/um/monthly/fundingRate/BTCUSDT/BTCUSDT-fundingRate-2022-01.zip.CHECKSUM "HTTP/1.1 200 OK"
2026-09-27 21:59:27,698 [INFO] httpx: HTTP Request: GET https://data.binance.vision/data/futures/um/monthly/fundingRate/BTCUSDT/BTCUSDT-fundingRate-2022-02.zip "HTTP/1.1 200 OK"
2026-09-27 21:59:28,464 [INFO] httpx: HTTP Request: GET https://data.binance.vision/data/futures/um/monthly/fundingRate/BTCUSDT/BTCUSDT-fundingRate-2022-02.zip.CHECKSUM "HTTP/1.1 200 OK"
2026-09-27 21:59:28,765 [INFO] httpx: HTTP Request: GET https://data.binance.vision/data/futures/um/monthly/fundingRate/BTCUSDT/BTCUSDT-fundingRate-2022-03.zip "HTTP/1.1 200 OK"
2026-09-27 21:59:29,568 [INFO] httpx: HTTP Request: GET https://data.binance.vision/data/futures/um/monthly/fundingRate/BTCUSDT/BTCUSDT-fundingRate-2022-03.zip.CHECKSUM "HTTP/1.1 200 OK"
2026-09-27 21:59:30,350 [INFO] httpx: HTTP Request: GET https://data.binance.vision/data/futures/um/monthly/fundingRate/BTCUSDT/BTCUSDT-fundingRate-2022-04.zip "HTTP/1.1 200 OK"
2026-09-27 21:59:30,633 [INFO] httpx: HTTP Request: GET https://data.binance.vision/data/futures/um/monthly/fundingRate/BTCUSDT/BTCUSDT-fundingRate-2022-04.zip.CHECKSUM "HTTP/1.1 200 OK"
2026-09-27 21:59:31,414 [INFO] httpx: HTTP Request: GET https://data.binance.vision/data/futures/um/monthly/fundingRate/BTCUSDT/BTCUSDT-fundingRate-2022-05.zip "HTTP/1.1 200 OK"
2026-09-27 21:59:32,198 [INFO] httpx: HTTP Request: GET https://data.binance.vision/data/futures/um/monthly/fundingRate/BTCUSDT/BTCUSDT-fundingRate-2022-05.zip.CHECKSUM "HTTP/1.1 200 OK"
2026-09-27 21:59:33,024 [INFO] httpx: HTTP Request: GET https://data.binance.vision/data/futures/um/monthly/fundingRate/BTCUSDT/BTCUSDT-fundingRate-2022-06.zip "HTTP/1.1 200 OK"
2026-09-27 21:59:33,797 [INFO] httpx: HTTP Request: GET https://data.binance.vision/data/futures/um/monthly/fundingRate/BTCUSDT/BTCUSDT-fundingRate-2022-06.zip.CHECKSUM "HTTP/1.1 200 OK"
2026-09-27 21:59:34,583 [INFO] httpx: HTTP Request: GET https://data.binance.vision/data/futures/um/monthly/fundingRate/BTCUSDT/BTCUSDT-fundingRate-2022-07.zip "HTTP/1.1 200 OK"
2026-09-27 21:59:35,349 [INFO] httpx: HTTP Request: GET https://data.binance.vision/data/futures/um/monthly/fundingRate/BTCUSDT/BTCUSDT-fundingRate-2022-07.zip.CHECKSUM "HTTP/1.1 200 OK"
2026-09-27 21:59:36,152 [INFO] httpx: HTTP Request: GET https://data.binance.vision/data/futures/um/monthly/fundingRate/BTCUSDT/BTCUSDT-fundingRate-2022-08.zip "HTTP/1.1 200 OK"
2026-09-27 21:59:36,917 [INFO] httpx: HTTP Request: GET https://data.binance.vision/data/futures/um/monthly/fundingRate/BTCUSDT/BTCUSDT-fundingRate-2022-08.zip.CHECKSUM "HTTP/1.1 200 OK"
2026-09-27 21:59:37,710 [INFO] httpx: HTTP Request: GET https://data.binance.vision/data/futures/um/monthly/fundingRate/BTCUSDT/BTCUSDT-fundingRate-2022-09.zip "HTTP/1.1 200 OK"
2026-09-27 21:59:38,469 [INFO] httpx: HTTP Request: GET https://data.binance.vision/data/futures/um/monthly/fundingRate/BTCUSDT/BTCUSDT-fundingRate-2022-09.zip.CHECKSUM "HTTP/1.1 200 OK"
2026-09-27 21:59:38,757 [INFO] httpx: HTTP Request: GET https://data.binance.vision/data/futures/um/monthly/fundingRate/BTCUSDT/BTCUSDT-fundingRate-2022-10.zip "HTTP/1.1 200 OK"
2026-09-27 21:59:39,524 [INFO] httpx: HTTP Request: GET https://data.binance.vision/data/futures/um/monthly/fundingRate/BTCUSDT/BTCUSDT-fundingRate-2022-10.zip.CHECKSUM "HTTP/1.1 200 OK"
2026-09-27 21:59:40,302 [INFO] httpx: HTTP Request: GET https://data.binance.vision/data/futures/um/monthly/fundingRate/BTCUSDT/BTCUSDT-fundingRate-2022-11.zip "HTTP/1.1 200 OK"
2026-09-27 21:59:41,096 [INFO] httpx: HTTP Request: GET https://data.binance.vision/data/futures/um/monthly/fundingRate/BTCUSDT/BTCUSDT-fundingRate-2022-11.zip.CHECKSUM "HTTP/1.1 200 OK"
2026-09-27 21:59:43,660 [INFO] httpx: HTTP Request: GET https://data.binance.vision/data/futures/um/monthly/fundingRate/BTCUSDT/BTCUSDT-fundingRate-2022-12.zip "HTTP/1.1 200 OK"
2026-09-27 21:59:44,417 [INFO] httpx: HTTP Request: GET https://data.binance.vision/data/futures/um/monthly/fundingRate/BTCUSDT/BTCUSDT-fundingRate-2022-12.zip.CHECKSUM "HTTP/1.1 200 OK"
2026-09-27 21:59:45,219 [INFO] httpx: HTTP Request: GET https://data.binance.vision/data/futures/um/monthly/fundingRate/BTCUSDT/BTCUSDT-fundingRate-2023-01.zip "HTTP/1.1 200 OK"
2026-09-27 21:59:45,502 [INFO] httpx: HTTP Request: GET https://data.binance.vision/data/futures/um/monthly/fundingRate/BTCUSDT/BTCUSDT-fundingRate-2023-01.zip.CHECKSUM "HTTP/1.1 200 OK"
2026-09-27 21:59:46,264 [INFO] httpx: HTTP Request: GET https://data.binance.vision/data/futures/um/monthly/fundingRate/BTCUSDT/BTCUSDT-fundingRate-2023-02.zip "HTTP/1.1 200 OK"
2026-09-27 21:59:47,023 [INFO] httpx: HTTP Request: GET https://data.binance.vision/data/futures/um/monthly/fundingRate/BTCUSDT/BTCUSDT-fundingRate-2023-02.zip.CHECKSUM "HTTP/1.1 200 OK"
2026-09-27 21:59:47,811 [INFO] httpx: HTTP Request: GET https://data.binance.vision/data/futures/um/monthly/fundingRate/BTCUSDT/BTCUSDT-fundingRate-2023-03.zip "HTTP/1.1 200 OK"
2026-09-27 21:59:48,572 [INFO] httpx: HTTP Request: GET https://data.binance.vision/data/futures/um/monthly/fundingRate/BTCUSDT/BTCUSDT-fundingRate-2023-03.zip.CHECKSUM "HTTP/1.1 200 OK"
2026-09-27 21:59:49,344 [INFO] httpx: HTTP Request: GET https://data.binance.vision/data/futures/um/monthly/fundingRate/BTCUSDT/BTCUSDT-fundingRate-2023-04.zip "HTTP/1.1 200 OK"
2026-09-27 21:59:50,103 [INFO] httpx: HTTP Request: GET https://data.binance.vision/data/futures/um/monthly/fundingRate/BTCUSDT/BTCUSDT-fundingRate-2023-04.zip.CHECKSUM "HTTP/1.1 200 OK"
2026-09-27 21:59:50,874 [INFO] httpx: HTTP Request: GET https://data.binance.vision/data/futures/um/monthly/fundingRate/BTCUSDT/BTCUSDT-fundingRate-2023-05.zip "HTTP/1.1 200 OK"
2026-09-27 21:59:51,661 [INFO] httpx: HTTP Request: GET https://data.binance.vision/data/futures/um/monthly/fundingRate/BTCUSDT/BTCUSDT-fundingRate-2023-05.zip.CHECKSUM "HTTP/1.1 200 OK"
2026-09-27 21:59:52,446 [INFO] httpx: HTTP Request: GET https://data.binance.vision/data/futures/um/monthly/fundingRate/BTCUSDT/BTCUSDT-fundingRate-2023-06.zip "HTTP/1.1 200 OK"
2026-09-27 21:59:53,209 [INFO] httpx: HTTP Request: GET https://data.binance.vision/data/futures/um/monthly/fundingRate/BTCUSDT/BTCUSDT-fundingRate-2023-06.zip.CHECKSUM "HTTP/1.1 200 OK"
2026-09-27 21:59:53,994 [INFO] httpx: HTTP Request: GET https://data.binance.vision/data/futures/um/monthly/fundingRate/BTCUSDT/BTCUSDT-fundingRate-2023-07.zip "HTTP/1.1 200 OK"
2026-09-27 21:59:54,764 [INFO] httpx: HTTP Request: GET https://data.binance.vision/data/futures/um/monthly/fundingRate/BTCUSDT/BTCUSDT-fundingRate-2023-07.zip.CHECKSUM "HTTP/1.1 200 OK"
2026-09-27 21:59:55,562 [INFO] httpx: HTTP Request: GET https://data.binance.vision/data/futures/um/monthly/fundingRate/BTCUSDT/BTCUSDT-fundingRate-2023-08.zip "HTTP/1.1 200 OK"
2026-09-27 21:59:56,360 [INFO] httpx: HTTP Request: GET https://data.binance.vision/data/futures/um/monthly/fundingRate/BTCUSDT/BTCUSDT-fundingRate-2023-08.zip.CHECKSUM "HTTP/1.1 200 OK"
2026-09-27 21:59:57,149 [INFO] httpx: HTTP Request: GET https://data.binance.vision/data/futures/um/monthly/fundingRate/BTCUSDT/BTCUSDT-fundingRate-2023-09.zip "HTTP/1.1 200 OK"
2026-09-27 21:59:57,933 [INFO] httpx: HTTP Request: GET https://data.binance.vision/data/futures/um/monthly/fundingRate/BTCUSDT/BTCUSDT-fundingRate-2023-09.zip.CHECKSUM "HTTP/1.1 200 OK"
2026-09-27 21:59:58,710 [INFO] httpx: HTTP Request: GET https://data.binance.vision/data/futures/um/monthly/fundingRate/BTCUSDT/BTCUSDT-fundingRate-2023-10.zip "HTTP/1.1 200 OK"
2026-09-27 21:59:58,991 [INFO] httpx: HTTP Request: GET https://data.binance.vision/data/futures/um/monthly/fundingRate/BTCUSDT/BTCUSDT-fundingRate-2023-10.zip.CHECKSUM "HTTP/1.1 200 OK"
2026-09-27 21:59:59,791 [INFO] httpx: HTTP Request: GET https://data.binance.vision/data/futures/um/monthly/fundingRate/BTCUSDT/BTCUSDT-fundingRate-2023-11.zip "HTTP/1.1 200 OK"
2026-09-27 22:00:00,555 [INFO] httpx: HTTP Request: GET https://data.binance.vision/data/futures/um/monthly/fundingRate/BTCUSDT/BTCUSDT-fundingRate-2023-11.zip.CHECKSUM "HTTP/1.1 200 OK"
2026-09-27 22:00:01,331 [INFO] httpx: HTTP Request: GET https://data.binance.vision/data/futures/um/monthly/fundingRate/BTCUSDT/BTCUSDT-fundingRate-2023-12.zip "HTTP/1.1 200 OK"
2026-09-27 22:00:02,098 [INFO] httpx: HTTP Request: GET https://data.binance.vision/data/futures/um/monthly/fundingRate/BTCUSDT/BTCUSDT-fundingRate-2023-12.zip.CHECKSUM "HTTP/1.1 200 OK"
2026-09-27 22:00:02,880 [INFO] httpx: HTTP Request: GET https://data.binance.vision/data/futures/um/monthly/fundingRate/BTCUSDT/BTCUSDT-fundingRate-2024-01.zip "HTTP/1.1 200 OK"
2026-09-27 22:00:03,651 [INFO] httpx: HTTP Request: GET https://data.binance.vision/data/futures/um/monthly/fundingRate/BTCUSDT/BTCUSDT-fundingRate-2024-01.zip.CHECKSUM "HTTP/1.1 200 OK"
2026-09-27 22:00:04,453 [INFO] httpx: HTTP Request: GET https://data.binance.vision/data/futures/um/monthly/fundingRate/BTCUSDT/BTCUSDT-fundingRate-2024-02.zip "HTTP/1.1 200 OK"
2026-09-27 22:00:05,210 [INFO] httpx: HTTP Request: GET https://data.binance.vision/data/futures/um/monthly/fundingRate/BTCUSDT/BTCUSDT-fundingRate-2024-02.zip.CHECKSUM "HTTP/1.1 200 OK"
2026-09-27 22:00:05,985 [INFO] httpx: HTTP Request: GET https://data.binance.vision/data/futures/um/monthly/fundingRate/BTCUSDT/BTCUSDT-fundingRate-2024-03.zip "HTTP/1.1 200 OK"
2026-09-27 22:00:06,767 [INFO] httpx: HTTP Request: GET https://data.binance.vision/data/futures/um/monthly/fundingRate/BTCUSDT/BTCUSDT-fundingRate-2024-03.zip.CHECKSUM "HTTP/1.1 200 OK"
2026-09-27 22:00:07,552 [INFO] httpx: HTTP Request: GET https://data.binance.vision/data/futures/um/monthly/fundingRate/BTCUSDT/BTCUSDT-fundingRate-2024-04.zip "HTTP/1.1 200 OK"
2026-09-27 22:00:08,327 [INFO] httpx: HTTP Request: GET https://data.binance.vision/data/futures/um/monthly/fundingRate/BTCUSDT/BTCUSDT-fundingRate-2024-04.zip.CHECKSUM "HTTP/1.1 200 OK"
2026-09-27 22:00:09,109 [INFO] httpx: HTTP Request: GET https://data.binance.vision/data/futures/um/monthly/fundingRate/BTCUSDT/BTCUSDT-fundingRate-2024-05.zip "HTTP/1.1 200 OK"
2026-09-27 22:00:09,884 [INFO] httpx: HTTP Request: GET https://data.binance.vision/data/futures/um/monthly/fundingRate/BTCUSDT/BTCUSDT-fundingRate-2024-05.zip.CHECKSUM "HTTP/1.1 200 OK"
2026-09-27 22:00:10,683 [INFO] httpx: HTTP Request: GET https://data.binance.vision/data/futures/um/monthly/fundingRate/BTCUSDT/BTCUSDT-fundingRate-2024-06.zip "HTTP/1.1 200 OK"
2026-09-27 22:00:11,455 [INFO] httpx: HTTP Request: GET https://data.binance.vision/data/futures/um/monthly/fundingRate/BTCUSDT/BTCUSDT-fundingRate-2024-06.zip.CHECKSUM "HTTP/1.1 200 OK"
2026-09-27 22:00:12,244 [INFO] httpx: HTTP Request: GET https://data.binance.vision/data/futures/um/monthly/fundingRate/BTCUSDT/BTCUSDT-fundingRate-2024-07.zip "HTTP/1.1 200 OK"
2026-09-27 22:00:13,026 [INFO] httpx: HTTP Request: GET https://data.binance.vision/data/futures/um/monthly/fundingRate/BTCUSDT/BTCUSDT-fundingRate-2024-07.zip.CHECKSUM "HTTP/1.1 200 OK"
2026-09-27 22:00:13,812 [INFO] httpx: HTTP Request: GET https://data.binance.vision/data/futures/um/monthly/fundingRate/BTCUSDT/BTCUSDT-fundingRate-2024-08.zip "HTTP/1.1 200 OK"
2026-09-27 22:00:14,570 [INFO] httpx: HTTP Request: GET https://data.binance.vision/data/futures/um/monthly/fundingRate/BTCUSDT/BTCUSDT-fundingRate-2024-08.zip.CHECKSUM "HTTP/1.1 200 OK"
2026-09-27 22:00:17,124 [INFO] httpx: HTTP Request: GET https://data.binance.vision/data/futures/um/monthly/fundingRate/BTCUSDT/BTCUSDT-fundingRate-2024-09.zip "HTTP/1.1 200 OK"
2026-09-27 22:00:17,883 [INFO] httpx: HTTP Request: GET https://data.binance.vision/data/futures/um/monthly/fundingRate/BTCUSDT/BTCUSDT-fundingRate-2024-09.zip.CHECKSUM "HTTP/1.1 200 OK"
2026-09-27 22:00:18,677 [INFO] httpx: HTTP Request: GET https://data.binance.vision/data/futures/um/monthly/fundingRate/BTCUSDT/BTCUSDT-fundingRate-2024-10.zip "HTTP/1.1 200 OK"
2026-09-27 22:00:19,449 [INFO] httpx: HTTP Request: GET https://data.binance.vision/data/futures/um/monthly/fundingRate/BTCUSDT/BTCUSDT-fundingRate-2024-10.zip.CHECKSUM "HTTP/1.1 200 OK"
2026-09-27 22:00:20,226 [INFO] httpx: HTTP Request: GET https://data.binance.vision/data/futures/um/monthly/fundingRate/BTCUSDT/BTCUSDT-fundingRate-2024-11.zip "HTTP/1.1 200 OK"
2026-09-27 22:00:21,012 [INFO] httpx: HTTP Request: GET https://data.binance.vision/data/futures/um/monthly/fundingRate/BTCUSDT/BTCUSDT-fundingRate-2024-11.zip.CHECKSUM "HTTP/1.1 200 OK"
2026-09-27 22:00:21,809 [INFO] httpx: HTTP Request: GET https://data.binance.vision/data/futures/um/monthly/fundingRate/BTCUSDT/BTCUSDT-fundingRate-2024-12.zip "HTTP/1.1 200 OK"
2026-09-27 22:00:22,585 [INFO] httpx: HTTP Request: GET https://data.binance.vision/data/futures/um/monthly/fundingRate/BTCUSDT/BTCUSDT-fundingRate-2024-12.zip.CHECKSUM "HTTP/1.1 200 OK"
2026-09-27 22:00:23,369 [INFO] httpx: HTTP Request: GET https://data.binance.vision/data/futures/um/monthly/fundingRate/BTCUSDT/BTCUSDT-fundingRate-2025-01.zip "HTTP/1.1 200 OK"
2026-09-27 22:00:24,135 [INFO] httpx: HTTP Request: GET https://data.binance.vision/data/futures/um/monthly/fundingRate/BTCUSDT/BTCUSDT-fundingRate-2025-01.zip.CHECKSUM "HTTP/1.1 200 OK"
2026-09-27 22:00:24,943 [INFO] httpx: HTTP Request: GET https://data.binance.vision/data/futures/um/monthly/fundingRate/BTCUSDT/BTCUSDT-fundingRate-2025-02.zip "HTTP/1.1 200 OK"
2026-09-27 22:00:25,719 [INFO] httpx: HTTP Request: GET https://data.binance.vision/data/futures/um/monthly/fundingRate/BTCUSDT/BTCUSDT-fundingRate-2025-02.zip.CHECKSUM "HTTP/1.1 200 OK"
2026-09-27 22:00:26,504 [INFO] httpx: HTTP Request: GET https://data.binance.vision/data/futures/um/monthly/fundingRate/BTCUSDT/BTCUSDT-fundingRate-2025-03.zip "HTTP/1.1 200 OK"
2026-09-27 22:00:27,270 [INFO] httpx: HTTP Request: GET https://data.binance.vision/data/futures/um/monthly/fundingRate/BTCUSDT/BTCUSDT-fundingRate-2025-03.zip.CHECKSUM "HTTP/1.1 200 OK"
2026-09-27 22:00:28,056 [INFO] httpx: HTTP Request: GET https://data.binance.vision/data/futures/um/monthly/fundingRate/BTCUSDT/BTCUSDT-fundingRate-2025-04.zip "HTTP/1.1 200 OK"
2026-09-27 22:00:28,822 [INFO] httpx: HTTP Request: GET https://data.binance.vision/data/futures/um/monthly/fundingRate/BTCUSDT/BTCUSDT-fundingRate-2025-04.zip.CHECKSUM "HTTP/1.1 200 OK"
2026-09-27 22:00:29,625 [INFO] httpx: HTTP Request: GET https://data.binance.vision/data/futures/um/monthly/fundingRate/BTCUSDT/BTCUSDT-fundingRate-2025-05.zip "HTTP/1.1 200 OK"
2026-09-27 22:00:30,398 [INFO] httpx: HTTP Request: GET https://data.binance.vision/data/futures/um/monthly/fundingRate/BTCUSDT/BTCUSDT-fundingRate-2025-05.zip.CHECKSUM "HTTP/1.1 200 OK"
2026-09-27 22:00:31,196 [INFO] httpx: HTTP Request: GET https://data.binance.vision/data/futures/um/monthly/fundingRate/BTCUSDT/BTCUSDT-fundingRate-2025-06.zip "HTTP/1.1 200 OK"
2026-09-27 22:00:31,995 [INFO] httpx: HTTP Request: GET https://data.binance.vision/data/futures/um/monthly/fundingRate/BTCUSDT/BTCUSDT-fundingRate-2025-06.zip.CHECKSUM "HTTP/1.1 200 OK"
2026-09-27 22:00:32,777 [INFO] httpx: HTTP Request: GET https://data.binance.vision/data/futures/um/monthly/fundingRate/BTCUSDT/BTCUSDT-fundingRate-2025-07.zip "HTTP/1.1 200 OK"
2026-09-27 22:00:33,557 [INFO] httpx: HTTP Request: GET https://data.binance.vision/data/futures/um/monthly/fundingRate/BTCUSDT/BTCUSDT-fundingRate-2025-07.zip.CHECKSUM "HTTP/1.1 200 OK"
2026-09-27 22:00:34,356 [INFO] httpx: HTTP Request: GET https://data.binance.vision/data/futures/um/monthly/fundingRate/BTCUSDT/BTCUSDT-fundingRate-2025-08.zip "HTTP/1.1 200 OK"
2026-09-27 22:00:34,637 [INFO] httpx: HTTP Request: GET https://data.binance.vision/data/futures/um/monthly/fundingRate/BTCUSDT/BTCUSDT-fundingRate-2025-08.zip.CHECKSUM "HTTP/1.1 200 OK"
2026-09-27 22:00:35,421 [INFO] httpx: HTTP Request: GET https://data.binance.vision/data/futures/um/monthly/fundingRate/BTCUSDT/BTCUSDT-fundingRate-2025-09.zip "HTTP/1.1 200 OK"
2026-09-27 22:00:36,242 [INFO] httpx: HTTP Request: GET https://data.binance.vision/data/futures/um/monthly/fundingRate/BTCUSDT/BTCUSDT-fundingRate-2025-09.zip.CHECKSUM "HTTP/1.1 200 OK"
2026-09-27 22:00:37,034 [INFO] httpx: HTTP Request: GET https://data.binance.vision/data/futures/um/monthly/fundingRate/BTCUSDT/BTCUSDT-fundingRate-2025-10.zip "HTTP/1.1 200 OK"
2026-09-27 22:00:37,829 [INFO] httpx: HTTP Request: GET https://data.binance.vision/data/futures/um/monthly/fundingRate/BTCUSDT/BTCUSDT-fundingRate-2025-10.zip.CHECKSUM "HTTP/1.1 200 OK"
2026-09-27 22:00:38,156 [INFO] httpx: HTTP Request: GET https://data.binance.vision/data/futures/um/monthly/fundingRate/BTCUSDT/BTCUSDT-fundingRate-2025-11.zip "HTTP/1.1 200 OK"
2026-09-27 22:00:38,918 [INFO] httpx: HTTP Request: GET https://data.binance.vision/data/futures/um/monthly/fundingRate/BTCUSDT/BTCUSDT-fundingRate-2025-11.zip.CHECKSUM "HTTP/1.1 200 OK"
2026-09-27 22:00:39,716 [INFO] httpx: HTTP Request: GET https://data.binance.vision/data/futures/um/monthly/fundingRate/BTCUSDT/BTCUSDT-fundingRate-2025-12.zip "HTTP/1.1 200 OK"
2026-09-27 22:00:40,482 [INFO] httpx: HTTP Request: GET https://data.binance.vision/data/futures/um/monthly/fundingRate/BTCUSDT/BTCUSDT-fundingRate-2025-12.zip.CHECKSUM "HTTP/1.1 200 OK"
2026-09-27 22:00:41,269 [INFO] httpx: HTTP Request: GET https://data.binance.vision/data/futures/um/monthly/fundingRate/BTCUSDT/BTCUSDT-fundingRate-2026-01.zip "HTTP/1.1 200 OK"
2026-09-27 22:00:42,030 [INFO] httpx: HTTP Request: GET https://data.binance.vision/data/futures/um/monthly/fundingRate/BTCUSDT/BTCUSDT-fundingRate-2026-01.zip.CHECKSUM "HTTP/1.1 200 OK"
2026-09-27 22:00:42,806 [INFO] httpx: HTTP Request: GET https://data.binance.vision/data/futures/um/monthly/fundingRate/BTCUSDT/BTCUSDT-fundingRate-2026-02.zip "HTTP/1.1 200 OK"
2026-09-27 22:00:43,590 [INFO] httpx: HTTP Request: GET https://data.binance.vision/data/futures/um/monthly/fundingRate/BTCUSDT/BTCUSDT-fundingRate-2026-02.zip.CHECKSUM "HTTP/1.1 200 OK"
2026-09-27 22:00:44,379 [INFO] httpx: HTTP Request: GET https://data.binance.vision/data/futures/um/monthly/fundingRate/BTCUSDT/BTCUSDT-fundingRate-2026-03.zip "HTTP/1.1 200 OK"
2026-09-27 22:00:45,163 [INFO] httpx: HTTP Request: GET https://data.binance.vision/data/futures/um/monthly/fundingRate/BTCUSDT/BTCUSDT-fundingRate-2026-03.zip.CHECKSUM "HTTP/1.1 200 OK"
2026-09-27 22:00:46,005 [INFO] httpx: HTTP Request: GET https://data.binance.vision/data/futures/um/monthly/fundingRate/BTCUSDT/BTCUSDT-fundingRate-2026-04.zip "HTTP/1.1 200 OK"
2026-09-27 22:00:46,782 [INFO] httpx: HTTP Request: GET https://data.binance.vision/data/futures/um/monthly/fundingRate/BTCUSDT/BTCUSDT-fundingRate-2026-04.zip.CHECKSUM "HTTP/1.1 200 OK"
2026-09-27 22:00:47,560 [INFO] httpx: HTTP Request: GET https://data.binance.vision/data/futures/um/monthly/fundingRate/BTCUSDT/BTCUSDT-fundingRate-2026-05.zip "HTTP/1.1 200 OK"
2026-09-27 22:00:48,344 [INFO] httpx: HTTP Request: GET https://data.binance.vision/data/futures/um/monthly/fundingRate/BTCUSDT/BTCUSDT-fundingRate-2026-05.zip.CHECKSUM "HTTP/1.1 200 OK"
2026-09-27 22:00:49,121 [INFO] httpx: HTTP Request: GET https://data.binance.vision/data/futures/um/monthly/fundingRate/BTCUSDT/BTCUSDT-fundingRate-2026-06.zip "HTTP/1.1 200 OK"
2026-09-27 22:00:51,663 [INFO] httpx: HTTP Request: GET https://data.binance.vision/data/futures/um/monthly/fundingRate/BTCUSDT/BTCUSDT-fundingRate-2026-06.zip.CHECKSUM "HTTP/1.1 200 OK"
2026-09-27 22:00:52,445 [INFO] httpx: HTTP Request: GET https://data.binance.vision/data/futures/um/monthly/fundingRate/BTCUSDT/BTCUSDT-fundingRate-2026-07.zip "HTTP/1.1 200 OK"
2026-09-27 22:00:53,219 [INFO] httpx: HTTP Request: GET https://data.binance.vision/data/futures/um/monthly/fundingRate/BTCUSDT/BTCUSDT-fundingRate-2026-07.zip.CHECKSUM "HTTP/1.1 200 OK"
2026-09-27 22:00:53,991 [INFO] httpx: HTTP Request: GET https://data.binance.vision/data/futures/um/monthly/fundingRate/BTCUSDT/BTCUSDT-fundingRate-2026-08.zip "HTTP/1.1 200 OK"
2026-09-27 22:00:54,277 [INFO] httpx: HTTP Request: GET https://data.binance.vision/data/futures/um/monthly/fundingRate/BTCUSDT/BTCUSDT-fundingRate-2026-08.zip.CHECKSUM "HTTP/1.1 200 OK"
2026-09-27 22:00:55,062 [INFO] httpx: HTTP Request: GET https://data.binance.vision/data/futures/um/monthly/fundingRate/BTCUSDT/BTCUSDT-fundingRate-2026-09.zip "HTTP/1.1 404 Not Found"
2026-09-27 22:00:55,063 [WARNING] GarimpoInvestimentos.v3.collectors.binance_vision: Arquivo Vision ausente: https://data.binance.vision/data/futures/um/monthly/fundingRate/BTCUSDT/BTCUSDT-fundingRate-2026-09.zip
2026-09-27 22:00:55,063 [INFO] GarimpoInvestimentos.v3.collectors.binance_vision: binance_vision[BTCUSDT]: 6207 funding records
2026-09-27 22:00:55,470 [INFO] httpx: HTTP Request: GET https://data.binance.vision/data/futures/um/daily/metrics/BTCUSDT/BTCUSDT-metrics-2021-01-01.zip "HTTP/1.1 200 OK"
2026-09-27 22:00:55,758 [INFO] httpx: HTTP Request: GET https://data.binance.vision/data/futures/um/daily/metrics/BTCUSDT/BTCUSDT-metrics-2021-01-01.zip.CHECKSUM "HTTP/1.1 200 OK"
2026-09-27 22:00:56,574 [INFO] httpx: HTTP Request: GET https://data.binance.vision/data/futures/um/daily/metrics/BTCUSDT/BTCUSDT-metrics-2021-01-02.zip "HTTP/1.1 200 OK"
2026-09-27 22:00:57,343 [INFO] httpx: HTTP Request: GET https://data.binance.vision/data/futures/um/daily/metrics/BTCUSDT/BTCUSDT-metrics-2021-01-02.zip.CHECKSUM "HTTP/1.1 200 OK"
2026-09-27 22:00:58,133 [INFO] httpx: HTTP Request: GET https://data.binance.vision/data/futures/um/daily/metrics/BTCUSDT/BTCUSDT-metrics-2021-01-03.zip "HTTP/1.1 200 OK"
2026-09-27 22:00:58,902 [INFO] httpx: HTTP Request: GET https://data.binance.vision/data/futures/um/daily/metrics/BTCUSDT/BTCUSDT-metrics-2021-01-03.zip.CHECKSUM "HTTP/1.1 200 OK"
2026-09-27 22:00:59,196 [INFO] httpx: HTTP Request: GET https://data.binance.vision/data/futures/um/daily/metrics/BTCUSDT/BTCUSDT-metrics-2021-01-04.zip "HTTP/1.1 200 OK"
2026-09-27 22:00:59,976 [INFO] httpx: HTTP Request: GET https://data.binance.vision/data/futures/um/daily/metrics/BTCUSDT/BTCUSDT-metrics-2021-01-04.zip.CHECKSUM "HTTP/1.1 200 OK"
2026-09-27 22:01:00,778 [INFO] httpx: HTTP Request: GET https://data.binance.vision/data/futures/um/daily/metrics/BTCUSDT/BTCUSDT-metrics-2021-01-05.zip "HTTP/1.1 200 OK"
2026-09-27 22:01:01,552 [INFO] httpx: HTTP Request: GET https://data.binance.vision/data/futures/um/daily/metrics/BTCUSDT/BTCUSDT-metrics-2021-01-05.zip.CHECKSUM "HTTP/1.1 200 OK"
2026-09-27 22:01:02,350 [INFO] httpx: HTTP Request: GET https://data.binance.vision/data/futures/um/daily/metrics/BTCUSDT/BTCUSDT-metrics-2021-01-06.zip "HTTP/1.1 200 OK"
2026-09-27 22:01:03,125 [INFO] httpx: HTTP Request: GET https://data.binance.vision/data/futures/um/daily/metrics/BTCUSDT/BTCUSDT-metrics-2021-01-06.zip.CHECKSUM "HTTP/1.1 200 OK"
2026-09-27 22:01:03,902 [INFO] httpx: HTTP Request: GET https://data.binance.vision/data/futures/um/daily/metrics/BTCUSDT/BTCUSDT-metrics-2021-01-07.zip "HTTP/1.1 200 OK"
2026-09-27 22:01:04,667 [INFO] httpx: HTTP Request: GET https://data.binance.vision/data/futures/um/daily/metrics/BTCUSDT/BTCUSDT-metrics-2021-01-07.zip.CHECKSUM "HTTP/1.1 200 OK"
2026-09-27 22:01:05,445 [INFO] httpx: HTTP Request: GET https://data.binance.vision/data/futures/um/daily/metrics/BTCUSDT/BTCUSDT-metrics-2021-01-08.zip "HTTP/1.1 200 OK"
2026-09-27 22:01:06,216 [INFO] httpx: HTTP Request: GET https://data.binance.vision/data/futures/um/daily/metrics/BTCUSDT/BTCUSDT-metrics-2021-01-08.zip.CHECKSUM "HTTP/1.1 200 OK"
2026-09-27 22:01:07,007 [INFO] httpx: HTTP Request: GET https://data.binance.vision/data/futures/um/daily/metrics/BTCUSDT/BTCUSDT-metrics-2021-01-09.zip "HTTP/1.1 200 OK"
2026-09-27 22:01:07,769 [INFO] httpx: HTTP Request: GET https://data.binance.vision/data/futures/um/daily/metrics/BTCUSDT/BTCUSDT-metrics-2021-01-09.zip.CHECKSUM "HTTP/1.1 200 OK"
2026-09-27 22:01:08,551 [INFO] httpx: HTTP Request: GET https://data.binance.vision/data/futures/um/daily/metrics/BTCUSDT/BTCUSDT-metrics-2021-01-10.zip "HTTP/1.1 200 OK"
2026-09-27 22:01:09,319 [INFO] httpx: HTTP Request: GET https://data.binance.vision/data/futures/um/daily/metrics/BTCUSDT/BTCUSDT-metrics-2021-01-10.zip.CHECKSUM "HTTP/1.1 200 OK"
2026-09-27 22:01:10,110 [INFO] httpx: HTTP Request: GET https://data.binance.vision/data/futures/um/daily/metrics/BTCUSDT/BTCUSDT-metrics-2021-01-11.zip "HTTP/1.1 200 OK"
2026-09-27 22:01:10,388 [INFO] httpx: HTTP Request: GET https://data.binance.vision/data/futures/um/daily/metrics/BTCUSDT/BTCUSDT-metrics-2021-01-11.zip.CHECKSUM "HTTP/1.1 200 OK"
2026-09-27 22:01:10,691 [INFO] httpx: HTTP Request: GET https://data.binance.vision/data/futures/um/daily/metrics/BTCUSDT/BTCUSDT-metrics-2021-01-12.zip "HTTP/1.1 200 OK"
2026-09-27 22:01:11,473 [INFO] httpx: HTTP Request: GET https://data.binance.vision/data/futures/um/daily/metrics/BTCUSDT/BTCUSDT-metrics-2021-01-12.zip.CHECKSUM "HTTP/1.1 200 OK"
2026-09-27 22:01:12,296 [INFO] httpx: HTTP Request: GET https://data.binance.vision/data/futures/um/daily/metrics/BTCUSDT/BTCUSDT-metrics-2021-01-13.zip "HTTP/1.1 200 OK"
2026-09-27 22:01:13,057 [INFO] httpx: HTTP Request: GET https://data.binance.vision/data/futures/um/daily/metrics/BTCUSDT/BTCUSDT-metrics-2021-01-13.zip.CHECKSUM "HTTP/1.1 200 OK"
2026-09-27 22:01:13,843 [INFO] httpx: HTTP Request: GET https://data.binance.vision/data/futures/um/daily/metrics/BTCUSDT/BTCUSDT-metrics-2021-01-14.zip "HTTP/1.1 200 OK"
2026-09-27 22:01:14,604 [INFO] httpx: HTTP Request: GET https://data.binance.vision/data/futures/um/daily/metrics/BTCUSDT/BTCUSDT-metrics-2021-01-14.zip.CHECKSUM "HTTP/1.1 200 OK"
2026-09-27 22:01:15,391 [INFO] httpx: HTTP Request: GET https://data.binance.vision/data/futures/um/daily/metrics/BTCUSDT/BTCUSDT-metrics-2021-01-15.zip "HTTP/1.1 200 OK"
2026-09-27 22:01:16,157 [INFO] httpx: HTTP Request: GET https://data.binance.vision/data/futures/um/daily/metrics/BTCUSDT/BTCUSDT-metrics-2021-01-15.zip.CHECKSUM "HTTP/1.1 200 OK"
2026-09-27 22:01:16,482 [INFO] httpx: HTTP Request: GET https://data.binance.vision/data/futures/um/daily/metrics/BTCUSDT/BTCUSDT-metrics-2021-01-16.zip "HTTP/1.1 200 OK"
2026-09-27 22:01:17,252 [INFO] httpx: HTTP Request: GET https://data.binance.vision/data/futures/um/daily/metrics/BTCUSDT/BTCUSDT-metrics-2021-01-16.zip.CHECKSUM "HTTP/1.1 200 OK"
2026-09-27 22:01:18,022 [INFO] httpx: HTTP Request: GET https://data.binance.vision/data/futures/um/daily/metrics/BTCUSDT/BTCUSDT-metrics-2021-01-17.zip "HTTP/1.1 200 OK"
2026-09-27 22:01:18,783 [INFO] httpx: HTTP Request: GET https://data.binance.vision/data/futures/um/daily/metrics/BTCUSDT/BTCUSDT-metrics-2021-01-17.zip.CHECKSUM "HTTP/1.1 200 OK"
2026-09-27 22:01:19,093 [INFO] httpx: HTTP Request: GET https://data.binance.vision/data/futures/um/daily/metrics/BTCUSDT/BTCUSDT-metrics-2021-01-18.zip "HTTP/1.1 200 OK"
2026-09-27 22:01:19,367 [INFO] httpx: HTTP Request: GET https://data.binance.vision/data/futures/um/daily/metrics/BTCUSDT/BTCUSDT-metrics-2021-01-18.zip.CHECKSUM "HTTP/1.1 200 OK"
2026-09-27 22:01:20,149 [INFO] httpx: HTTP Request: GET https://data.binance.vision/data/futures/um/daily/metrics/BTCUSDT/BTCUSDT-metrics-2021-01-19.zip "HTTP/1.1 200 OK"
2026-09-27 22:01:20,425 [INFO] httpx: HTTP Request: GET https://data.binance.vision/data/futures/um/daily/metrics/BTCUSDT/BTCUSDT-metrics-2021-01-19.zip.CHECKSUM "HTTP/1.1 200 OK"
2026-09-27 22:01:21,191 [INFO] httpx: HTTP Request: GET https://data.binance.vision/data/futures/um/daily/metrics/BTCUSDT/BTCUSDT-metrics-2021-01-20.zip "HTTP/1.1 200 OK"
2026-09-27 22:01:21,974 [INFO] httpx: HTTP Request: GET https://data.binance.vision/data/futures/um/daily/metrics/BTCUSDT/BTCUSDT-metrics-2021-01-20.zip.CHECKSUM "HTTP/1.1 200 OK"
2026-09-27 22:01:22,762 [INFO] httpx: HTTP Request: GET https://data.binance.vision/data/futures/um/daily/metrics/BTCUSDT/BTCUSDT-metrics-2021-01-21.zip "HTTP/1.1 200 OK"
2026-09-27 22:01:25,313 [INFO] httpx: HTTP Request: GET https://data.binance.vision/data/futures/um/daily/metrics/BTCUSDT/BTCUSDT-metrics-2021-01-21.zip.CHECKSUM "HTTP/1.1 200 OK"
2026-09-27 22:01:26,106 [INFO] httpx: HTTP Request: GET https://data.binance.vision/data/futures/um/daily/metrics/BTCUSDT/BTCUSDT-metrics-2021-01-22.zip "HTTP/1.1 200 OK"
2026-09-27 22:01:26,880 [INFO] httpx: HTTP Request: GET https://data.binance.vision/data/futures/um/daily/metrics/BTCUSDT/BTCUSDT-metrics-2021-01-22.zip.CHECKSUM "HTTP/1.1 200 OK"
2026-09-27 22:01:27,659 [INFO] httpx: HTTP Request: GET https://data.binance.vision/data/futures/um/daily/metrics/BTCUSDT/BTCUSDT-metrics-2021-01-23.zip "HTTP/1.1 200 OK"
2026-09-27 22:01:28,427 [INFO] httpx: HTTP Request: GET https://data.binance.vision/data/futures/um/daily/metrics/BTCUSDT/BTCUSDT-metrics-2021-01-23.zip.CHECKSUM "HTTP/1.1 200 OK"
2026-09-27 22:01:29,205 [INFO] httpx: HTTP Request: GET https://data.binance.vision/data/futures/um/daily/metrics/BTCUSDT/BTCUSDT-metrics-2021-01-24.zip "HTTP/1.1 200 OK"
2026-09-27 22:01:29,980 [INFO] httpx: HTTP Request: GET https://data.binance.vision/data/futures/um/daily/metrics/BTCUSDT/BTCUSDT-metrics-2021-01-24.zip.CHECKSUM "HTTP/1.1 200 OK"
2026-09-27 22:01:30,752 [INFO] httpx: HTTP Request: GET https://data.binance.vision/data/futures/um/daily/metrics/BTCUSDT/BTCUSDT-metrics-2021-01-25.zip "HTTP/1.1 200 OK"
2026-09-27 22:01:31,522 [INFO] httpx: HTTP Request: GET https://data.binance.vision/data/futures/um/daily/metrics/BTCUSDT/BTCUSDT-metrics-2021-01-25.zip.CHECKSUM "HTTP/1.1 200 OK"
2026-09-27 22:01:32,316 [INFO] httpx: HTTP Request: GET https://data.binance.vision/data/futures/um/daily/metrics/BTCUSDT/BTCUSDT-metrics-2021-01-26.zip "HTTP/1.1 200 OK"
2026-09-27 22:01:33,084 [INFO] httpx: HTTP Request: GET https://data.binance.vision/data/futures/um/daily/metrics/BTCUSDT/BTCUSDT-metrics-2021-01-26.zip.CHECKSUM "HTTP/1.1 200 OK"
2026-09-27 22:01:33,875 [INFO] httpx: HTTP Request: GET https://data.binance.vision/data/futures/um/daily/metrics/BTCUSDT/BTCUSDT-metrics-2021-01-27.zip "HTTP/1.1 200 OK"
2026-09-27 22:01:34,158 [INFO] httpx: HTTP Request: GET https://data.binance.vision/data/futures/um/daily/metrics/BTCUSDT/BTCUSDT-metrics-2021-01-27.zip.CHECKSUM "HTTP/1.1 200 OK"
2026-09-27 22:01:34,451 [INFO] httpx: HTTP Request: GET https://data.binance.vision/data/futures/um/daily/metrics/BTCUSDT/BTCUSDT-metrics-2021-01-28.zip "HTTP/1.1 200 OK"
2026-09-27 22:01:35,216 [INFO] httpx: HTTP Request: GET https://data.binance.vision/data/futures/um/daily/metrics/BTCUSDT/BTCUSDT-metrics-2021-01-28.zip.CHECKSUM "HTTP/1.1 200 OK"
2026-09-27 22:01:36,005 [INFO] httpx: HTTP Request: GET https://data.binance.vision/data/futures/um/daily/metrics/BTCUSDT/BTCUSDT-metrics-2021-01-29.zip "HTTP/1.1 200 OK"
2026-09-27 22:01:36,799 [INFO] httpx: HTTP Request: GET https://data.binance.vision/data/futures/um/daily/metrics/BTCUSDT/BTCUSDT-metrics-2021-01-29.zip.CHECKSUM "HTTP/1.1 200 OK"
2026-09-27 22:01:37,593 [INFO] httpx: HTTP Request: GET https://data.binance.vision/data/futures/um/daily/metrics/BTCUSDT/BTCUSDT-metrics-2021-01-30.zip "HTTP/1.1 200 OK"
2026-09-27 22:01:37,873 [INFO] httpx: HTTP Request: GET https://data.binance.vision/data/futures/um/daily/metrics/BTCUSDT/BTCUSDT-metrics-2021-01-30.zip.CHECKSUM "HTTP/1.1 200 OK"
2026-09-27 22:01:38,696 [INFO] httpx: HTTP Request: GET https://data.binance.vision/data/futures/um/daily/metrics/BTCUSDT/BTCUSDT-metrics-2021-01-31.zip "HTTP/1.1 200 OK"
2026-09-27 22:01:39,468 [INFO] httpx: HTTP Request: GET https://data.binance.vision/data/futures/um/daily/metrics/BTCUSDT/BTCUSDT-metrics-2021-01-31.zip.CHECKSUM "HTTP/1.1 200 OK"
2026-09-27 22:01:39,764 [INFO] httpx: HTTP Request: GET https://data.binance.vision/data/futures/um/daily/metrics/BTCUSDT/BTCUSDT-metrics-2021-02-01.zip "HTTP/1.1 200 OK"
2026-09-27 22:01:40,530 [INFO] httpx: HTTP Request: GET https://data.binance.vision/data/futures/um/daily/metrics/BTCUSDT/BTCUSDT-metrics-2021-02-01.zip.CHECKSUM "HTTP/1.1 200 OK"
2026-09-27 22:01:41,313 [INFO] httpx: HTTP Request: GET https://data.binance.vision/data/futures/um/daily/metrics/BTCUSDT/BTCUSDT-metrics-2021-02-02.zip "HTTP/1.1 200 OK"
2026-09-27 22:01:42,071 [INFO] httpx: HTTP Request: GET https://data.binance.vision/data/futures/um/daily/metrics/BTCUSDT/BTCUSDT-metrics-2021-02-02.zip.CHECKSUM "HTTP/1.1 200 OK"
2026-09-27 22:01:42,853 [INFO] httpx: HTTP Request: GET https://data.binance.vision/data/futures/um/daily/metrics/BTCUSDT/BTCUSDT-metrics-2021-02-03.zip "HTTP/1.1 200 OK"
2026-09-27 22:01:43,129 [INFO] httpx: HTTP Request: GET https://data.binance.vision/data/futures/um/daily/metrics/BTCUSDT/BTCUSDT-metrics-2021-02-03.zip.CHECKSUM "HTTP/1.1 200 OK"
2026-09-27 22:01:43,914 [INFO] httpx: HTTP Request: GET https://data.binance.vision/data/futures/um/daily/metrics/BTCUSDT/BTCUSDT-metrics-2021-02-04.zip "HTTP/1.1 200 OK"
2026-09-27 22:01:44,692 [INFO] httpx: HTTP Request: GET https://data.binance.vision/data/futures/um/daily/metrics/BTCUSDT/BTCUSDT-metrics-2021-02-04.zip.CHECKSUM "HTTP/1.1 200 OK"
2026-09-27 22:01:45,394 [INFO] httpx: HTTP Request: GET https://data.binance.vision/data/futures/um/daily/metrics/BTCUSDT/BTCUSDT-metrics-2021-02-05.zip "HTTP/1.1 200 OK"
2026-09-27 22:01:46,156 [INFO] httpx: HTTP Request: GET https://data.binance.vision/data/futures/um/daily/metrics/BTCUSDT/BTCUSDT-metrics-2021-02-05.zip.CHECKSUM "HTTP/1.1 200 OK"
2026-09-27 22:01:46,944 [INFO] httpx: HTTP Request: GET https://data.binance.vision/data/futures/um/daily/metrics/BTCUSDT/BTCUSDT-metrics-2021-02-06.zip "HTTP/1.1 200 OK"
2026-09-27 22:01:47,701 [INFO] httpx: HTTP Request: GET https://data.binance.vision/data/futures/um/daily/metrics/BTCUSDT/BTCUSDT-metrics-2021-02-06.zip.CHECKSUM "HTTP/1.1 200 OK"
2026-09-27 22:01:48,539 [INFO] httpx: HTTP Request: GET https://data.binance.vision/data/futures/um/daily/metrics/BTCUSDT/BTCUSDT-metrics-2021-02-07.zip "HTTP/1.1 200 OK"
2026-09-27 22:01:49,295 [INFO] httpx: HTTP Request: GET https://data.binance.vision/data/futures/um/daily/metrics/BTCUSDT/BTCUSDT-metrics-2021-02-07.zip.CHECKSUM "HTTP/1.1 200 OK"
2026-09-27 22:01:50,068 [INFO] httpx: HTTP Request: GET https://data.binance.vision/data/futures/um/daily/metrics/BTCUSDT/BTCUSDT-metrics-2021-02-08.zip "HTTP/1.1 200 OK"
2026-09-27 22:01:50,827 [INFO] httpx: HTTP Request: GET https://data.binance.vision/data/futures/um/daily/metrics/BTCUSDT/BTCUSDT-metrics-2021-02-08.zip.CHECKSUM "HTTP/1.1 200 OK"
2026-09-27 22:01:51,641 [INFO] httpx: HTTP Request: GET https://data.binance.vision/data/futures/um/daily/metrics/BTCUSDT/BTCUSDT-metrics-2021-02-09.zip "HTTP/1.1 200 OK"
2026-09-27 22:01:52,407 [INFO] httpx: HTTP Request: GET https://data.binance.vision/data/futures/um/daily/metrics/BTCUSDT/BTCUSDT-metrics-2021-02-09.zip.CHECKSUM "HTTP/1.1 200 OK"
2026-09-27 22:01:53,198 [INFO] httpx: HTTP Request: GET https://data.binance.vision/data/futures/um/daily/metrics/BTCUSDT/BTCUSDT-metrics-2021-02-10.zip "HTTP/1.1 200 OK"
2026-09-27 22:01:53,967 [INFO] httpx: HTTP Request: GET https://data.binance.vision/data/futures/um/daily/metrics/BTCUSDT/BTCUSDT-metrics-2021-02-10.zip.CHECKSUM "HTTP/1.1 200 OK"
2026-09-27 22:01:54,252 [INFO] httpx: HTTP Request: GET https://data.binance.vision/data/futures/um/daily/metrics/BTCUSDT/BTCUSDT-metrics-2021-02-11.zip "HTTP/1.1 200 OK"
2026-09-27 22:01:55,019 [INFO] httpx: HTTP Request: GET https://data.binance.vision/data/futures/um/daily/metrics/BTCUSDT/BTCUSDT-metrics-2021-02-11.zip.CHECKSUM "HTTP/1.1 200 OK"
2026-09-27 22:01:55,326 [INFO] httpx: HTTP Request: GET https://data.binance.vision/data/futures/um/daily/metrics/BTCUSDT/BTCUSDT-metrics-2021-02-12.zip "HTTP/1.1 200 OK"
2026-09-27 22:01:56,097 [INFO] httpx: HTTP Request: GET https://data.binance.vision/data/futures/um/daily/metrics/BTCUSDT/BTCUSDT-metrics-2021-02-12.zip.CHECKSUM "HTTP/1.1 200 OK"
2026-09-27 22:01:56,903 [INFO] httpx: HTTP Request: GET https://data.binance.vision/data/futures/um/daily/metrics/BTCUSDT/BTCUSDT-metrics-2021-02-13.zip "HTTP/1.1 200 OK"
2026-09-27 22:01:59,472 [INFO] httpx: HTTP Request: GET https://data.binance.vision/data/futures/um/daily/metrics/BTCUSDT/BTCUSDT-metrics-2021-02-13.zip.CHECKSUM "HTTP/1.1 200 OK"
2026-09-27 22:02:00,243 [INFO] httpx: HTTP Request: GET https://data.binance.vision/data/futures/um/daily/metrics/BTCUSDT/BTCUSDT-metrics-2021-02-14.zip "HTTP/1.1 200 OK"
2026-09-27 22:02:01,035 [INFO] httpx: HTTP Request: GET https://data.binance.vision/data/futures/um/daily/metrics/BTCUSDT/BTCUSDT-metrics-2021-02-14.zip.CHECKSUM "HTTP/1.1 200 OK"
2026-09-27 22:02:01,829 [INFO] httpx: HTTP Request: GET https://data.binance.vision/data/futures/um/daily/metrics/BTCUSDT/BTCUSDT-metrics-2021-02-15.zip "HTTP/1.1 200 OK"
2026-09-27 22:02:02,592 [INFO] httpx: HTTP Request: GET https://data.binance.vision/data/futures/um/daily/metrics/BTCUSDT/BTCUSDT-metrics-2021-02-15.zip.CHECKSUM "HTTP/1.1 200 OK"
2026-09-27 22:02:03,378 [INFO] httpx: HTTP Request: GET https://data.binance.vision/data/futures/um/daily/metrics/BTCUSDT/BTCUSDT-metrics-2021-02-16.zip "HTTP/1.1 200 OK"
2026-09-27 22:02:04,144 [INFO] httpx: HTTP Request: GET https://data.binance.vision/data/futures/um/daily/metrics/BTCUSDT/BTCUSDT-metrics-2021-02-16.zip.CHECKSUM "HTTP/1.1 200 OK"
2026-09-27 22:02:04,939 [INFO] httpx: HTTP Request: GET https://data.binance.vision/data/futures/um/daily/metrics/BTCUSDT/BTCUSDT-metrics-2021-02-17.zip "HTTP/1.1 200 OK"
2026-09-27 22:02:05,697 [INFO] httpx: HTTP Request: GET https://data.binance.vision/data/futures/um/daily/metrics/BTCUSDT/BTCUSDT-metrics-2021-02-17.zip.CHECKSUM "HTTP/1.1 200 OK"
2026-09-27 22:02:06,478 [INFO] httpx: HTTP Request: GET https://data.binance.vision/data/futures/um/daily/metrics/BTCUSDT/BTCUSDT-metrics-2021-02-18.zip "HTTP/1.1 200 OK"
2026-09-27 22:02:06,760 [INFO] httpx: HTTP Request: GET https://data.binance.vision/data/futures/um/daily/metrics/BTCUSDT/BTCUSDT-metrics-2021-02-18.zip.CHECKSUM "HTTP/1.1 200 OK"
2026-09-27 22:02:07,609 [INFO] httpx: HTTP Request: GET https://data.binance.vision/data/futures/um/daily/metrics/BTCUSDT/BTCUSDT-metrics-2021-02-19.zip "HTTP/1.1 200 OK"
2026-09-27 22:02:08,379 [INFO] httpx: HTTP Request: GET https://data.binance.vision/data/futures/um/daily/metrics/BTCUSDT/BTCUSDT-metrics-2021-02-19.zip.CHECKSUM "HTTP/1.1 200 OK"
2026-09-27 22:02:09,177 [INFO] httpx: HTTP Request: GET https://data.binance.vision/data/futures/um/daily/metrics/BTCUSDT/BTCUSDT-metrics-2021-02-20.zip "HTTP/1.1 200 OK"
2026-09-27 22:02:09,945 [INFO] httpx: HTTP Request: GET https://data.binance.vision/data/futures/um/daily/metrics/BTCUSDT/BTCUSDT-metrics-2021-02-20.zip.CHECKSUM "HTTP/1.1 200 OK"
2026-09-27 22:02:10,755 [INFO] httpx: HTTP Request: GET https://data.binance.vision/data/futures/um/daily/metrics/BTCUSDT/BTCUSDT-metrics-2021-02-21.zip "HTTP/1.1 200 OK"
2026-09-27 22:02:11,538 [INFO] httpx: HTTP Request: GET https://data.binance.vision/data/futures/um/daily/metrics/BTCUSDT/BTCUSDT-metrics-2021-02-21.zip.CHECKSUM "HTTP/1.1 200 OK"
2026-09-27 22:02:12,349 [INFO] httpx: HTTP Request: GET https://data.binance.vision/data/futures/um/daily/metrics/BTCUSDT/BTCUSDT-metrics-2021-02-22.zip "HTTP/1.1 200 OK"
2026-09-27 22:02:13,117 [INFO] httpx: HTTP Request: GET https://data.binance.vision/data/futures/um/daily/metrics/BTCUSDT/BTCUSDT-metrics-2021-02-22.zip.CHECKSUM "HTTP/1.1 200 OK"
2026-09-27 22:02:13,935 [INFO] httpx: HTTP Request: GET https://data.binance.vision/data/futures/um/daily/metrics/BTCUSDT/BTCUSDT-metrics-2021-02-23.zip "HTTP/1.1 200 OK"
2026-09-27 22:02:14,215 [INFO] httpx: HTTP Request: GET https://data.binance.vision/data/futures/um/daily/metrics/BTCUSDT/BTCUSDT-metrics-2021-02-23.zip.CHECKSUM "HTTP/1.1 200 OK"
2026-09-27 22:02:14,996 [INFO] httpx: HTTP Request: GET https://data.binance.vision/data/futures/um/daily/metrics/BTCUSDT/BTCUSDT-metrics-2021-02-24.zip "HTTP/1.1 200 OK"
2026-09-27 22:02:15,761 [INFO] httpx: HTTP Request: GET https://data.binance.vision/data/futures/um/daily/metrics/BTCUSDT/BTCUSDT-metrics-2021-02-24.zip.CHECKSUM "HTTP/1.1 200 OK"
2026-09-27 22:02:16,568 [INFO] httpx: HTTP Request: GET https://data.binance.vision/data/futures/um/daily/metrics/BTCUSDT/BTCUSDT-metrics-2021-02-25.zip "HTTP/1.1 200 OK"
2026-09-27 22:02:17,333 [INFO] httpx: HTTP Request: GET https://data.binance.vision/data/futures/um/daily/metrics/BTCUSDT/BTCUSDT-metrics-2021-02-25.zip.CHECKSUM "HTTP/1.1 200 OK"
2026-09-27 22:02:18,121 [INFO] httpx: HTTP Request: GET https://data.binance.vision/data/futures/um/daily/metrics/BTCUSDT/BTCUSDT-metrics-2021-02-26.zip "HTTP/1.1 200 OK"
2026-09-27 22:02:18,879 [INFO] httpx: HTTP Request: GET https://data.binance.vision/data/futures/um/daily/metrics/BTCUSDT/BTCUSDT-metrics-2021-02-26.zip.CHECKSUM "HTTP/1.1 200 OK"
2026-09-27 22:02:19,690 [INFO] httpx: HTTP Request: GET https://data.binance.vision/data/futures/um/daily/metrics/BTCUSDT/BTCUSDT-metrics-2021-02-27.zip "HTTP/1.1 200 OK"
2026-09-27 22:02:20,471 [INFO] httpx: HTTP Request: GET https://data.binance.vision/data/futures/um/daily/metrics/BTCUSDT/BTCUSDT-metrics-2021-02-27.zip.CHECKSUM "HTTP/1.1 200 OK"
2026-09-27 22:02:21,266 [INFO] httpx: HTTP Request: GET https://data.binance.vision/data/futures/um/daily/metrics/BTCUSDT/BTCUSDT-metrics-2021-02-28.zip "HTTP/1.1 200 OK"
2026-09-27 22:02:22,043 [INFO] httpx: HTTP Request: GET https://data.binance.vision/data/futures/um/daily/metrics/BTCUSDT/BTCUSDT-metrics-2021-02-28.zip.CHECKSUM "HTTP/1.1 200 OK"
2026-09-27 22:02:22,839 [INFO] httpx: HTTP Request: GET https://data.binance.vision/data/futures/um/daily/metrics/BTCUSDT/BTCUSDT-metrics-2021-03-01.zip "HTTP/1.1 200 OK"
2026-09-27 22:02:23,602 [INFO] httpx: HTTP Request: GET https://data.binance.vision/data/futures/um/daily/metrics/BTCUSDT/BTCUSDT-metrics-2021-03-01.zip.CHECKSUM "HTTP/1.1 200 OK"
2026-09-27 22:02:24,415 [INFO] httpx: HTTP Request: GET https://data.binance.vision/data/futures/um/daily/metrics/BTCUSDT/BTCUSDT-metrics-2021-03-02.zip "HTTP/1.1 200 OK"
2026-09-27 22:02:25,185 [INFO] httpx: HTTP Request: GET https://data.binance.vision/data/futures/um/daily/metrics/BTCUSDT/BTCUSDT-metrics-2021-03-02.zip.CHECKSUM "HTTP/1.1 200 OK"
2026-09-27 22:02:25,993 [INFO] httpx: HTTP Request: GET https://data.binance.vision/data/futures/um/daily/metrics/BTCUSDT/BTCUSDT-metrics-2021-03-03.zip "HTTP/1.1 200 OK"
2026-09-27 22:02:26,772 [INFO] httpx: HTTP Request: GET https://data.binance.vision/data/futures/um/daily/metrics/BTCUSDT/BTCUSDT-metrics-2021-03-03.zip.CHECKSUM "HTTP/1.1 200 OK"
2026-09-27 22:02:27,571 [INFO] httpx: HTTP Request: GET https://data.binance.vision/data/futures/um/daily/metrics/BTCUSDT/BTCUSDT-metrics-2021-03-04.zip "HTTP/1.1 200 OK"
2026-09-27 22:02:28,336 [INFO] httpx: HTTP Request: GET https://data.binance.vision/data/futures/um/daily/metrics/BTCUSDT/BTCUSDT-metrics-2021-03-04.zip.CHECKSUM "HTTP/1.1 200 OK"
2026-09-27 22:02:29,119 [INFO] httpx: HTTP Request: GET https://data.binance.vision/data/futures/um/daily/metrics/BTCUSDT/BTCUSDT-metrics-2021-03-05.zip "HTTP/1.1 200 OK"
2026-09-27 22:02:29,914 [INFO] httpx: HTTP Request: GET https://data.binance.vision/data/futures/um/daily/metrics/BTCUSDT/BTCUSDT-metrics-2021-03-05.zip.CHECKSUM "HTTP/1.1 200 OK"
2026-09-27 22:02:30,701 [INFO] httpx: HTTP Request: GET https://data.binance.vision/data/futures/um/daily/metrics/BTCUSDT/BTCUSDT-metrics-2021-03-06.zip "HTTP/1.1 200 OK"
2026-09-27 22:02:33,234 [INFO] httpx: HTTP Request: GET https://data.binance.vision/data/futures/um/daily/metrics/BTCUSDT/BTCUSDT-metrics-2021-03-06.zip.CHECKSUM "HTTP/1.1 200 OK"
2026-09-27 22:02:34,015 [INFO] httpx: HTTP Request: GET https://data.binance.vision/data/futures/um/daily/metrics/BTCUSDT/BTCUSDT-metrics-2021-03-07.zip "HTTP/1.1 200 OK"
2026-09-27 22:02:34,778 [INFO] httpx: HTTP Request: GET https://data.binance.vision/data/futures/um/daily/metrics/BTCUSDT/BTCUSDT-metrics-2021-03-07.zip.CHECKSUM "HTTP/1.1 200 OK"
2026-09-27 22:02:35,561 [INFO] httpx: HTTP Request: GET https://data.binance.vision/data/futures/um/daily/metrics/BTCUSDT/BTCUSDT-metrics-2021-03-08.zip "HTTP/1.1 200 OK"
2026-09-27 22:02:36,335 [INFO] httpx: HTTP Request: GET https://data.binance.vision/data/futures/um/daily/metrics/BTCUSDT/BTCUSDT-metrics-2021-03-08.zip.CHECKSUM "HTTP/1.1 200 OK"
2026-09-27 22:02:37,111 [INFO] httpx: HTTP Request: GET https://data.binance.vision/data/futures/um/daily/metrics/BTCUSDT/BTCUSDT-metrics-2021-03-09.zip "HTTP/1.1 200 OK"
2026-09-27 22:02:37,884 [INFO] httpx: HTTP Request: GET https://data.binance.vision/data/futures/um/daily/metrics/BTCUSDT/BTCUSDT-metrics-2021-03-09.zip.CHECKSUM "HTTP/1.1 200 OK"
2026-09-27 22:02:38,657 [INFO] httpx: HTTP Request: GET https://data.binance.vision/data/futures/um/daily/metrics/BTCUSDT/BTCUSDT-metrics-2021-03-10.zip "HTTP/1.1 200 OK"
2026-09-27 22:02:39,422 [INFO] httpx: HTTP Request: GET https://data.binance.vision/data/futures/um/daily/metrics/BTCUSDT/BTCUSDT-metrics-2021-03-10.zip.CHECKSUM "HTTP/1.1 200 OK"
2026-09-27 22:02:40,207 [INFO] httpx: HTTP Request: GET https://data.binance.vision/data/futures/um/daily/metrics/BTCUSDT/BTCUSDT-metrics-2021-03-11.zip "HTTP/1.1 200 OK"
2026-09-27 22:02:40,993 [INFO] httpx: HTTP Request: GET https://data.binance.vision/data/futures/um/daily/metrics/BTCUSDT/BTCUSDT-metrics-2021-03-11.zip.CHECKSUM "HTTP/1.1 200 OK"
2026-09-27 22:02:41,768 [INFO] httpx: HTTP Request: GET https://data.binance.vision/data/futures/um/daily/metrics/BTCUSDT/BTCUSDT-metrics-2021-03-12.zip "HTTP/1.1 200 OK"
2026-09-27 22:02:42,543 [INFO] httpx: HTTP Request: GET https://data.binance.vision/data/futures/um/daily/metrics/BTCUSDT/BTCUSDT-metrics-2021-03-12.zip.CHECKSUM "HTTP/1.1 200 OK"
2026-09-27 22:02:43,329 [INFO] httpx: HTTP Request: GET https://data.binance.vision/data/futures/um/daily/metrics/BTCUSDT/BTCUSDT-metrics-2021-03-13.zip "HTTP/1.1 200 OK"
2026-09-27 22:02:44,100 [INFO] httpx: HTTP Request: GET https://data.binance.vision/data/futures/um/daily/metrics/BTCUSDT/BTCUSDT-metrics-2021-03-13.zip.CHECKSUM "HTTP/1.1 200 OK"
2026-09-27 22:02:44,883 [INFO] httpx: HTTP Request: GET https://data.binance.vision/data/futures/um/daily/metrics/BTCUSDT/BTCUSDT-metrics-2021-03-14.zip "HTTP/1.1 200 OK"
2026-09-27 22:02:45,657 [INFO] httpx: HTTP Request: GET https://data.binance.vision/data/futures/um/daily/metrics/BTCUSDT/BTCUSDT-metrics-2021-03-14.zip.CHECKSUM "HTTP/1.1 200 OK"
2026-09-27 22:02:45,954 [INFO] httpx: HTTP Request: GET https://data.binance.vision/data/futures/um/daily/metrics/BTCUSDT/BTCUSDT-metrics-2021-03-15.zip "HTTP/1.1 200 OK"
2026-09-27 22:02:46,735 [INFO] httpx: HTTP Request: GET https://data.binance.vision/data/futures/um/daily/metrics/BTCUSDT/BTCUSDT-metrics-2021-03-15.zip.CHECKSUM "HTTP/1.1 200 OK"
2026-09-27 22:02:47,528 [INFO] httpx: HTTP Request: GET https://data.binance.vision/data/futures/um/daily/metrics/BTCUSDT/BTCUSDT-metrics-2021-03-16.zip "HTTP/1.1 200 OK"
2026-09-27 22:02:48,298 [INFO] httpx: HTTP Request: GET https://data.binance.vision/data/futures/um/daily/metrics/BTCUSDT/BTCUSDT-metrics-2021-03-16.zip.CHECKSUM "HTTP/1.1 200 OK"
2026-09-27 22:02:49,080 [INFO] httpx: HTTP Request: GET https://data.binance.vision/data/futures/um/daily/metrics/BTCUSDT/BTCUSDT-metrics-2021-03-17.zip "HTTP/1.1 200 OK"
2026-09-27 22:02:49,847 [INFO] httpx: HTTP Request: GET https://data.binance.vision/data/futures/um/daily/metrics/BTCUSDT/BTCUSDT-metrics-2021-03-17.zip.CHECKSUM "HTTP/1.1 200 OK"
2026-09-27 22:02:50,651 [INFO] httpx: HTTP Request: GET https://data.binance.vision/data/futures/um/daily/metrics/BTCUSDT/BTCUSDT-metrics-2021-03-18.zip "HTTP/1.1 200 OK"
2026-09-27 22:02:51,415 [INFO] httpx: HTTP Request: GET https://data.binance.vision/data/futures/um/daily/metrics/BTCUSDT/BTCUSDT-metrics-2021-03-18.zip.CHECKSUM "HTTP/1.1 200 OK"
2026-09-27 22:02:52,201 [INFO] httpx: HTTP Request: GET https://data.binance.vision/data/futures/um/daily/metrics/BTCUSDT/BTCUSDT-metrics-2021-03-19.zip "HTTP/1.1 200 OK"
2026-09-27 22:02:52,960 [INFO] httpx: HTTP Request: GET https://data.binance.vision/data/futures/um/daily/metrics/BTCUSDT/BTCUSDT-metrics-2021-03-19.zip.CHECKSUM "HTTP/1.1 200 OK"
2026-09-27 22:02:53,728 [INFO] httpx: HTTP Request: GET https://data.binance.vision/data/futures/um/daily/metrics/BTCUSDT/BTCUSDT-metrics-2021-03-20.zip "HTTP/1.1 200 OK"
2026-09-27 22:02:54,489 [INFO] httpx: HTTP Request: GET https://data.binance.vision/data/futures/um/daily/metrics/BTCUSDT/BTCUSDT-metrics-2021-03-20.zip.CHECKSUM "HTTP/1.1 200 OK"
2026-09-27 22:02:55,274 [INFO] httpx: HTTP Request: GET https://data.binance.vision/data/futures/um/daily/metrics/BTCUSDT/BTCUSDT-metrics-2021-03-21.zip "HTTP/1.1 200 OK"
2026-09-27 22:02:56,050 [INFO] httpx: HTTP Request: GET https://data.binance.vision/data/futures/um/daily/metrics/BTCUSDT/BTCUSDT-metrics-2021-03-21.zip.CHECKSUM "HTTP/1.1 200 OK"
2026-09-27 22:02:56,838 [INFO] httpx: HTTP Request: GET https://data.binance.vision/data/futures/um/daily/metrics/BTCUSDT/BTCUSDT-metrics-2021-03-22.zip "HTTP/1.1 200 OK"
2026-09-27 22:02:57,607 [INFO] httpx: HTTP Request: GET https://data.binance.vision/data/futures/um/daily/metrics/BTCUSDT/BTCUSDT-metrics-2021-03-22.zip.CHECKSUM "HTTP/1.1 200 OK"
2026-09-27 22:02:58,412 [INFO] httpx: HTTP Request: GET https://data.binance.vision/data/futures/um/daily/metrics/BTCUSDT/BTCUSDT-metrics-2021-03-23.zip "HTTP/1.1 200 OK"
2026-09-27 22:02:59,184 [INFO] httpx: HTTP Request: GET https://data.binance.vision/data/futures/um/daily/metrics/BTCUSDT/BTCUSDT-metrics-2021-03-23.zip.CHECKSUM "HTTP/1.1 200 OK"
2026-09-27 22:02:59,976 [INFO] httpx: HTTP Request: GET https://data.binance.vision/data/futures/um/daily/metrics/BTCUSDT/BTCUSDT-metrics-2021-03-24.zip "HTTP/1.1 200 OK"
2026-09-27 22:03:00,755 [INFO] httpx: HTTP Request: GET https://data.binance.vision/data/futures/um/daily/metrics/BTCUSDT/BTCUSDT-metrics-2021-03-24.zip.CHECKSUM "HTTP/1.1 200 OK"
2026-09-27 22:03:01,548 [INFO] httpx: HTTP Request: GET https://data.binance.vision/data/futures/um/daily/metrics/BTCUSDT/BTCUSDT-metrics-2021-03-25.zip "HTTP/1.1 200 OK"
2026-09-27 22:03:02,312 [INFO] httpx: HTTP Request: GET https://data.binance.vision/data/futures/um/daily/metrics/BTCUSDT/BTCUSDT-metrics-2021-03-25.zip.CHECKSUM "HTTP/1.1 200 OK"
2026-09-27 22:03:03,098 [INFO] httpx: HTTP Request: GET https://data.binance.vision/data/futures/um/daily/metrics/BTCUSDT/BTCUSDT-metrics-2021-03-26.zip "HTTP/1.1 200 OK"
2026-09-27 22:03:03,867 [INFO] httpx: HTTP Request: GET https://data.binance.vision/data/futures/um/daily/metrics/BTCUSDT/BTCUSDT-metrics-2021-03-26.zip.CHECKSUM "HTTP/1.1 200 OK"
2026-09-27 22:03:04,647 [INFO] httpx: HTTP Request: GET https://data.binance.vision/data/futures/um/daily/metrics/BTCUSDT/BTCUSDT-metrics-2021-03-27.zip "HTTP/1.1 200 OK"
2026-09-27 22:03:07,225 [INFO] httpx: HTTP Request: GET https://data.binance.vision/data/futures/um/daily/metrics/BTCUSDT/BTCUSDT-metrics-2021-03-27.zip.CHECKSUM "HTTP/1.1 200 OK"
2026-09-27 22:03:08,007 [INFO] httpx: HTTP Request: GET https://data.binance.vision/data/futures/um/daily/metrics/BTCUSDT/BTCUSDT-metrics-2021-03-28.zip "HTTP/1.1 200 OK"
2026-09-27 22:03:08,779 [INFO] httpx: HTTP Request: GET https://data.binance.vision/data/futures/um/daily/metrics/BTCUSDT/BTCUSDT-metrics-2021-03-28.zip.CHECKSUM "HTTP/1.1 200 OK"
2026-09-27 22:03:09,564 [INFO] httpx: HTTP Request: GET https://data.binance.vision/data/futures/um/daily/metrics/BTCUSDT/BTCUSDT-metrics-2021-03-29.zip "HTTP/1.1 200 OK"
2026-09-27 22:03:10,342 [INFO] httpx: HTTP Request: GET https://data.binance.vision/data/futures/um/daily/metrics/BTCUSDT/BTCUSDT-metrics-2021-03-29.zip.CHECKSUM "HTTP/1.1 200 OK"
2026-09-27 22:03:11,151 [INFO] httpx: HTTP Request: GET https://data.binance.vision/data/futures/um/daily/metrics/BTCUSDT/BTCUSDT-metrics-2021-03-30.zip "HTTP/1.1 200 OK"
2026-09-27 22:03:11,907 [INFO] httpx: HTTP Request: GET https://data.binance.vision/data/futures/um/daily/metrics/BTCUSDT/BTCUSDT-metrics-2021-03-30.zip.CHECKSUM "HTTP/1.1 200 OK"
2026-09-27 22:03:12,700 [INFO] httpx: HTTP Request: GET https://data.binance.vision/data/futures/um/daily/metrics/BTCUSDT/BTCUSDT-metrics-2021-03-31.zip "HTTP/1.1 200 OK"
2026-09-27 22:03:13,468 [INFO] httpx: HTTP Request: GET https://data.binance.vision/data/futures/um/daily/metrics/BTCUSDT/BTCUSDT-metrics-2021-03-31.zip.CHECKSUM "HTTP/1.1 200 OK"
2026-09-27 22:03:14,286 [INFO] httpx: HTTP Request: GET https://data.binance.vision/data/futures/um/daily/metrics/BTCUSDT/BTCUSDT-metrics-2021-04-01.zip "HTTP/1.1 200 OK"
2026-09-27 22:03:15,052 [INFO] httpx: HTTP Request: GET https://data.binance.vision/data/futures/um/daily/metrics/BTCUSDT/BTCUSDT-metrics-2021-04-01.zip.CHECKSUM "HTTP/1.1 200 OK"
2026-09-27 22:03:15,849 [INFO] httpx: HTTP Request: GET https://data.binance.vision/data/futures/um/daily/metrics/BTCUSDT/BTCUSDT-metrics-2021-04-02.zip "HTTP/1.1 200 OK"
2026-09-27 22:03:16,617 [INFO] httpx: HTTP Request: GET https://data.binance.vision/data/futures/um/daily/metrics/BTCUSDT/BTCUSDT-metrics-2021-04-02.zip.CHECKSUM "HTTP/1.1 200 OK"
2026-09-27 22:03:17,399 [INFO] httpx: HTTP Request: GET https://data.binance.vision/data/futures/um/daily/metrics/BTCUSDT/BTCUSDT-metrics-2021-04-03.zip "HTTP/1.1 200 OK"
2026-09-27 22:03:18,169 [INFO] httpx: HTTP Request: GET https://data.binance.vision/data/futures/um/daily/metrics/BTCUSDT/BTCUSDT-metrics-2021-04-03.zip.CHECKSUM "HTTP/1.1 200 OK"
2026-09-27 22:03:18,970 [INFO] httpx: HTTP Request: GET https://data.binance.vision/data/futures/um/daily/metrics/BTCUSDT/BTCUSDT-metrics-2021-04-04.zip "HTTP/1.1 200 OK"
2026-09-27 22:03:19,747 [INFO] httpx: HTTP Request: GET https://data.binance.vision/data/futures/um/daily/metrics/BTCUSDT/BTCUSDT-metrics-2021-04-04.zip.CHECKSUM "HTTP/1.1 200 OK"
2026-09-27 22:03:20,519 [INFO] httpx: HTTP Request: GET https://data.binance.vision/data/futures/um/daily/metrics/BTCUSDT/BTCUSDT-metrics-2021-04-05.zip "HTTP/1.1 200 OK"
2026-09-27 22:03:21,292 [INFO] httpx: HTTP Request: GET https://data.binance.vision/data/futures/um/daily/metrics/BTCUSDT/BTCUSDT-metrics-2021-04-05.zip.CHECKSUM "HTTP/1.1 200 OK"
2026-09-27 22:03:22,071 [INFO] httpx: HTTP Request: GET https://data.binance.vision/data/futures/um/daily/metrics/BTCUSDT/BTCUSDT-metrics-2021-04-06.zip "HTTP/1.1 200 OK"
2026-09-27 22:03:22,834 [INFO] httpx: HTTP Request: GET https://data.binance.vision/data/futures/um/daily/metrics/BTCUSDT/BTCUSDT-metrics-2021-04-06.zip.CHECKSUM "HTTP/1.1 200 OK"
2026-09-27 22:03:23,607 [INFO] httpx: HTTP Request: GET https://data.binance.vision/data/futures/um/daily/metrics/BTCUSDT/BTCUSDT-metrics-2021-04-07.zip "HTTP/1.1 200 OK"
2026-09-27 22:03:23,885 [INFO] httpx: HTTP Request: GET https://data.binance.vision/data/futures/um/daily/metrics/BTCUSDT/BTCUSDT-metrics-2021-04-07.zip.CHECKSUM "HTTP/1.1 200 OK"
2026-09-27 22:03:24,664 [INFO] httpx: HTTP Request: GET https://data.binance.vision/data/futures/um/daily/metrics/BTCUSDT/BTCUSDT-metrics-2021-04-08.zip "HTTP/1.1 200 OK"
2026-09-27 22:03:25,430 [INFO] httpx: HTTP Request: GET https://data.binance.vision/data/futures/um/daily/metrics/BTCUSDT/BTCUSDT-metrics-2021-04-08.zip.CHECKSUM "HTTP/1.1 200 OK"
2026-09-27 22:03:26,202 [INFO] httpx: HTTP Request: GET https://data.binance.vision/data/futures/um/daily/metrics/BTCUSDT/BTCUSDT-metrics-2021-04-09.zip "HTTP/1.1 200 OK"
2026-09-27 22:03:26,966 [INFO] httpx: HTTP Request: GET https://data.binance.vision/data/futures/um/daily/metrics/BTCUSDT/BTCUSDT-metrics-2021-04-09.zip.CHECKSUM "HTTP/1.1 200 OK"
2026-09-27 22:03:27,736 [INFO] httpx: HTTP Request: GET https://data.binance.vision/data/futures/um/daily/metrics/BTCUSDT/BTCUSDT-metrics-2021-04-10.zip "HTTP/1.1 200 OK"
2026-09-27 22:03:28,511 [INFO] httpx: HTTP Request: GET https://data.binance.vision/data/futures/um/daily/metrics/BTCUSDT/BTCUSDT-metrics-2021-04-10.zip.CHECKSUM "HTTP/1.1 200 OK"
2026-09-27 22:03:29,312 [INFO] httpx: HTTP Request: GET https://data.binance.vision/data/futures/um/daily/metrics/BTCUSDT/BTCUSDT-metrics-2021-04-11.zip "HTTP/1.1 200 OK"
2026-09-27 22:03:29,622 [INFO] httpx: HTTP Request: GET https://data.binance.vision/data/futures/um/daily/metrics/BTCUSDT/BTCUSDT-metrics-2021-04-11.zip.CHECKSUM "HTTP/1.1 200 OK"
2026-09-27 22:03:30,409 [INFO] httpx: HTTP Request: GET https://data.binance.vision/data/futures/um/daily/metrics/BTCUSDT/BTCUSDT-metrics-2021-04-12.zip "HTTP/1.1 200 OK"
2026-09-27 22:03:31,174 [INFO] httpx: HTTP Request: GET https://data.binance.vision/data/futures/um/daily/metrics/BTCUSDT/BTCUSDT-metrics-2021-04-12.zip.CHECKSUM "HTTP/1.1 200 OK"
2026-09-27 22:03:31,962 [INFO] httpx: HTTP Request: GET https://data.binance.vision/data/futures/um/daily/metrics/BTCUSDT/BTCUSDT-metrics-2021-04-13.zip "HTTP/1.1 200 OK"
2026-09-27 22:03:32,726 [INFO] httpx: HTTP Request: GET https://data.binance.vision/data/futures/um/daily/metrics/BTCUSDT/BTCUSDT-metrics-2021-04-13.zip.CHECKSUM "HTTP/1.1 200 OK"
2026-09-27 22:03:33,539 [INFO] httpx: HTTP Request: GET https://data.binance.vision/data/futures/um/daily/metrics/BTCUSDT/BTCUSDT-metrics-2021-04-14.zip "HTTP/1.1 200 OK"
2026-09-27 22:03:34,311 [INFO] httpx: HTTP Request: GET https://data.binance.vision/data/futures/um/daily/metrics/BTCUSDT/BTCUSDT-metrics-2021-04-14.zip.CHECKSUM "HTTP/1.1 200 OK"
2026-09-27 22:03:34,600 [INFO] httpx: HTTP Request: GET https://data.binance.vision/data/futures/um/daily/metrics/BTCUSDT/BTCUSDT-metrics-2021-04-15.zip "HTTP/1.1 200 OK"
2026-09-27 22:03:35,374 [INFO] httpx: HTTP Request: GET https://data.binance.vision/data/futures/um/daily/metrics/BTCUSDT/BTCUSDT-metrics-2021-04-15.zip.CHECKSUM "HTTP/1.1 200 OK"
2026-09-27 22:03:36,172 [INFO] httpx: HTTP Request: GET https://data.binance.vision/data/futures/um/daily/metrics/BTCUSDT/BTCUSDT-metrics-2021-04-16.zip "HTTP/1.1 200 OK"
2026-09-27 22:03:36,943 [INFO] httpx: HTTP Request: GET https://data.binance.vision/data/futures/um/daily/metrics/BTCUSDT/BTCUSDT-metrics-2021-04-16.zip.CHECKSUM "HTTP/1.1 200 OK"
2026-09-27 22:03:37,775 [INFO] httpx: HTTP Request: GET https://data.binance.vision/data/futures/um/daily/metrics/BTCUSDT/BTCUSDT-metrics-2021-04-17.zip "HTTP/1.1 200 OK"
2026-09-27 22:03:38,536 [INFO] httpx: HTTP Request: GET https://data.binance.vision/data/futures/um/daily/metrics/BTCUSDT/BTCUSDT-metrics-2021-04-17.zip.CHECKSUM "HTTP/1.1 200 OK"
2026-09-27 22:03:39,311 [INFO] httpx: HTTP Request: GET https://data.binance.vision/data/futures/um/daily/metrics/BTCUSDT/BTCUSDT-metrics-2021-04-18.zip "HTTP/1.1 200 OK"
2026-09-27 22:03:41,840 [INFO] httpx: HTTP Request: GET https://data.binance.vision/data/futures/um/daily/metrics/BTCUSDT/BTCUSDT-metrics-2021-04-18.zip.CHECKSUM "HTTP/1.1 200 OK"
2026-09-27 22:03:42,620 [INFO] httpx: HTTP Request: GET https://data.binance.vision/data/futures/um/daily/metrics/BTCUSDT/BTCUSDT-metrics-2021-04-19.zip "HTTP/1.1 200 OK"
2026-09-27 22:03:43,391 [INFO] httpx: HTTP Request: GET https://data.binance.vision/data/futures/um/daily/metrics/BTCUSDT/BTCUSDT-metrics-2021-04-19.zip.CHECKSUM "HTTP/1.1 200 OK"
2026-09-27 22:03:44,180 [INFO] httpx: HTTP Request: GET https://data.binance.vision/data/futures/um/daily/metrics/BTCUSDT/BTCUSDT-metrics-2021-04-20.zip "HTTP/1.1 200 OK"
2026-09-27 22:03:44,950 [INFO] httpx: HTTP Request: GET https://data.binance.vision/data/futures/um/daily/metrics/BTCUSDT/BTCUSDT-metrics-2021-04-20.zip.CHECKSUM "HTTP/1.1 200 OK"
2026-09-27 22:03:45,743 [INFO] httpx: HTTP Request: GET https://data.binance.vision/data/futures/um/daily/metrics/BTCUSDT/BTCUSDT-metrics-2021-04-21.zip "HTTP/1.1 200 OK"
2026-09-27 22:03:46,498 [INFO] httpx: HTTP Request: GET https://data.binance.vision/data/futures/um/daily/metrics/BTCUSDT/BTCUSDT-metrics-2021-04-21.zip.CHECKSUM "HTTP/1.1 200 OK"
2026-09-27 22:03:47,273 [INFO] httpx: HTTP Request: GET https://data.binance.vision/data/futures/um/daily/metrics/BTCUSDT/BTCUSDT-metrics-2021-04-22.zip "HTTP/1.1 200 OK"
2026-09-27 22:03:48,044 [INFO] httpx: HTTP Request: GET https://data.binance.vision/data/futures/um/daily/metrics/BTCUSDT/BTCUSDT-metrics-2021-04-22.zip.CHECKSUM "HTTP/1.1 200 OK"
2026-09-27 22:03:48,827 [INFO] httpx: HTTP Request: GET https://data.binance.vision/data/futures/um/daily/metrics/BTCUSDT/BTCUSDT-metrics-2021-04-23.zip "HTTP/1.1 200 OK"
2026-09-27 22:03:49,598 [INFO] httpx: HTTP Request: GET https://data.binance.vision/data/futures/um/daily/metrics/BTCUSDT/BTCUSDT-metrics-2021-04-23.zip.CHECKSUM "HTTP/1.1 200 OK"
2026-09-27 22:03:50,418 [INFO] httpx: HTTP Request: GET https://data.binance.vision/data/futures/um/daily/metrics/BTCUSDT/BTCUSDT-metrics-2021-04-24.zip "HTTP/1.1 200 OK"
2026-09-27 22:03:51,187 [INFO] httpx: HTTP Request: GET https://data.binance.vision/data/futures/um/daily/metrics/BTCUSDT/BTCUSDT-metrics-2021-04-24.zip.CHECKSUM "HTTP/1.1 200 OK"
2026-09-27 22:03:51,970 [INFO] httpx: HTTP Request: GET https://data.binance.vision/data/futures/um/daily/metrics/BTCUSDT/BTCUSDT-metrics-2021-04-25.zip "HTTP/1.1 200 OK"
2026-09-27 22:03:52,738 [INFO] httpx: HTTP Request: GET https://data.binance.vision/data/futures/um/daily/metrics/BTCUSDT/BTCUSDT-metrics-2021-04-25.zip.CHECKSUM "HTTP/1.1 200 OK"
2026-09-27 22:03:53,518 [INFO] httpx: HTTP Request: GET https://data.binance.vision/data/futures/um/daily/metrics/BTCUSDT/BTCUSDT-metrics-2021-04-26.zip "HTTP/1.1 200 OK"
2026-09-27 22:03:54,259 [INFO] httpx: HTTP Request: GET https://data.binance.vision/data/futures/um/daily/metrics/BTCUSDT/BTCUSDT-metrics-2021-04-26.zip.CHECKSUM "HTTP/1.1 200 OK"
2026-09-27 22:03:55,035 [INFO] httpx: HTTP Request: GET https://data.binance.vision/data/futures/um/daily/metrics/BTCUSDT/BTCUSDT-metrics-2021-04-27.zip "HTTP/1.1 200 OK"
2026-09-27 22:03:55,781 [INFO] httpx: HTTP Request: GET https://data.binance.vision/data/futures/um/daily/metrics/BTCUSDT/BTCUSDT-metrics-2021-04-27.zip.CHECKSUM "HTTP/1.1 200 OK"
2026-09-27 22:03:56,535 [INFO] httpx: HTTP Request: GET https://data.binance.vision/data/futures/um/daily/metrics/BTCUSDT/BTCUSDT-metrics-2021-04-28.zip "HTTP/1.1 200 OK"
2026-09-27 22:03:57,279 [INFO] httpx: HTTP Request: GET https://data.binance.vision/data/futures/um/daily/metrics/BTCUSDT/BTCUSDT-metrics-2021-04-28.zip.CHECKSUM "HTTP/1.1 200 OK"
2026-09-27 22:03:58,053 [INFO] httpx: HTTP Request: GET https://data.binance.vision/data/futures/um/daily/metrics/BTCUSDT/BTCUSDT-metrics-2021-04-29.zip "HTTP/1.1 200 OK"
2026-09-27 22:03:58,805 [INFO] httpx: HTTP Request: GET https://data.binance.vision/data/futures/um/daily/metrics/BTCUSDT/BTCUSDT-metrics-2021-04-29.zip.CHECKSUM "HTTP/1.1 200 OK"
2026-09-27 22:03:59,091 [INFO] httpx: HTTP Request: GET https://data.binance.vision/data/futures/um/daily/metrics/BTCUSDT/BTCUSDT-metrics-2021-04-30.zip "HTTP/1.1 200 OK"
2026-09-27 22:03:59,850 [INFO] httpx: HTTP Request: GET https://data.binance.vision/data/futures/um/daily/metrics/BTCUSDT/BTCUSDT-metrics-2021-04-30.zip.CHECKSUM "HTTP/1.1 200 OK"
2026-09-27 22:04:00,608 [INFO] httpx: HTTP Request: GET https://data.binance.vision/data/futures/um/daily/metrics/BTCUSDT/BTCUSDT-metrics-2021-05-01.zip "HTTP/1.1 200 OK"
2026-09-27 22:04:01,347 [INFO] httpx: HTTP Request: GET https://data.binance.vision/data/futures/um/daily/metrics/BTCUSDT/BTCUSDT-metrics-2021-05-01.zip.CHECKSUM "HTTP/1.1 200 OK"
2026-09-27 22:04:02,149 [INFO] httpx: HTTP Request: GET https://data.binance.vision/data/futures/um/daily/metrics/BTCUSDT/BTCUSDT-metrics-2021-05-02.zip "HTTP/1.1 200 OK"
2026-09-27 22:04:02,926 [INFO] httpx: HTTP Request: GET https://data.binance.vision/data/futures/um/daily/metrics/BTCUSDT/BTCUSDT-metrics-2021-05-02.zip.CHECKSUM "HTTP/1.1 200 OK"
2026-09-27 22:04:03,714 [INFO] httpx: HTTP Request: GET https://data.binance.vision/data/futures/um/daily/metrics/BTCUSDT/BTCUSDT-metrics-2021-05-03.zip "HTTP/1.1 200 OK"
2026-09-27 22:04:04,486 [INFO] httpx: HTTP Request: GET https://data.binance.vision/data/futures/um/daily/metrics/BTCUSDT/BTCUSDT-metrics-2021-05-03.zip.CHECKSUM "HTTP/1.1 200 OK"
2026-09-27 22:04:05,280 [INFO] httpx: HTTP Request: GET https://data.binance.vision/data/futures/um/daily/metrics/BTCUSDT/BTCUSDT-metrics-2021-05-04.zip "HTTP/1.1 200 OK"
2026-09-27 22:04:06,051 [INFO] httpx: HTTP Request: GET https://data.binance.vision/data/futures/um/daily/metrics/BTCUSDT/BTCUSDT-metrics-2021-05-04.zip.CHECKSUM "HTTP/1.1 200 OK"
2026-09-27 22:04:06,855 [INFO] httpx: HTTP Request: GET https://data.binance.vision/data/futures/um/daily/metrics/BTCUSDT/BTCUSDT-metrics-2021-05-05.zip "HTTP/1.1 200 OK"
2026-09-27 22:04:07,627 [INFO] httpx: HTTP Request: GET https://data.binance.vision/data/futures/um/daily/metrics/BTCUSDT/BTCUSDT-metrics-2021-05-05.zip.CHECKSUM "HTTP/1.1 200 OK"
2026-09-27 22:04:08,411 [INFO] httpx: HTTP Request: GET https://data.binance.vision/data/futures/um/daily/metrics/BTCUSDT/BTCUSDT-metrics-2021-05-06.zip "HTTP/1.1 200 OK"
2026-09-27 22:04:09,182 [INFO] httpx: HTTP Request: GET https://data.binance.vision/data/futures/um/daily/metrics/BTCUSDT/BTCUSDT-metrics-2021-05-06.zip.CHECKSUM "HTTP/1.1 200 OK"
2026-09-27 22:04:09,495 [INFO] httpx: HTTP Request: GET https://data.binance.vision/data/futures/um/daily/metrics/BTCUSDT/BTCUSDT-metrics-2021-05-07.zip "HTTP/1.1 200 OK"
2026-09-27 22:04:10,273 [INFO] httpx: HTTP Request: GET https://data.binance.vision/data/futures/um/daily/metrics/BTCUSDT/BTCUSDT-metrics-2021-05-07.zip.CHECKSUM "HTTP/1.1 200 OK"
2026-09-27 22:04:11,071 [INFO] httpx: HTTP Request: GET https://data.binance.vision/data/futures/um/daily/metrics/BTCUSDT/BTCUSDT-metrics-2021-05-08.zip "HTTP/1.1 200 OK"
2026-09-27 22:04:11,836 [INFO] httpx: HTTP Request: GET https://data.binance.vision/data/futures/um/daily/metrics/BTCUSDT/BTCUSDT-metrics-2021-05-08.zip.CHECKSUM "HTTP/1.1 200 OK"
2026-09-27 22:04:12,632 [INFO] httpx: HTTP Request: GET https://data.binance.vision/data/futures/um/daily/metrics/BTCUSDT/BTCUSDT-metrics-2021-05-09.zip "HTTP/1.1 200 OK"
2026-09-27 22:04:12,926 [INFO] httpx: HTTP Request: GET https://data.binance.vision/data/futures/um/daily/metrics/BTCUSDT/BTCUSDT-metrics-2021-05-09.zip.CHECKSUM "HTTP/1.1 200 OK"
2026-09-27 22:04:15,791 [INFO] httpx: HTTP Request: GET https://data.binance.vision/data/futures/um/daily/metrics/BTCUSDT/BTCUSDT-metrics-2021-05-10.zip "HTTP/1.1 200 OK"
2026-09-27 22:04:16,571 [INFO] httpx: HTTP Request: GET https://data.binance.vision/data/futures/um/daily/metrics/BTCUSDT/BTCUSDT-metrics-2021-05-10.zip.CHECKSUM "HTTP/1.1 200 OK"
2026-09-27 22:04:17,379 [INFO] httpx: HTTP Request: GET https://data.binance.vision/data/futures/um/daily/metrics/BTCUSDT/BTCUSDT-metrics-2021-05-11.zip "HTTP/1.1 200 OK"
2026-09-27 22:04:18,155 [INFO] httpx: HTTP Request: GET https://data.binance.vision/data/futures/um/daily/metrics/BTCUSDT/BTCUSDT-metrics-2021-05-11.zip.CHECKSUM "HTTP/1.1 200 OK"
2026-09-27 22:04:18,937 [INFO] httpx: HTTP Request: GET https://data.binance.vision/data/futures/um/daily/metrics/BTCUSDT/BTCUSDT-metrics-2021-05-12.zip "HTTP/1.1 200 OK"
2026-09-27 22:04:19,710 [INFO] httpx: HTTP Request: GET https://data.binance.vision/data/futures/um/daily/metrics/BTCUSDT/BTCUSDT-metrics-2021-05-12.zip.CHECKSUM "HTTP/1.1 200 OK"
2026-09-27 22:04:20,021 [INFO] httpx: HTTP Request: GET https://data.binance.vision/data/futures/um/daily/metrics/BTCUSDT/BTCUSDT-metrics-2021-05-13.zip "HTTP/1.1 200 OK"
2026-09-27 22:04:20,821 [INFO] httpx: HTTP Request: GET https://data.binance.vision/data/futures/um/daily/metrics/BTCUSDT/BTCUSDT-metrics-2021-05-13.zip.CHECKSUM "HTTP/1.1 200 OK"
2026-09-27 22:04:21,617 [INFO] httpx: HTTP Request: GET https://data.binance.vision/data/futures/um/daily/metrics/BTCUSDT/BTCUSDT-metrics-2021-05-14.zip "HTTP/1.1 200 OK"
2026-09-27 22:04:22,402 [INFO] httpx: HTTP Request: GET https://data.binance.vision/data/futures/um/daily/metrics/BTCUSDT/BTCUSDT-metrics-2021-05-14.zip.CHECKSUM "HTTP/1.1 200 OK"
2026-09-27 22:04:23,218 [INFO] httpx: HTTP Request: GET https://data.binance.vision/data/futures/um/daily/metrics/BTCUSDT/BTCUSDT-metrics-2021-05-15.zip "HTTP/1.1 200 OK"
2026-09-27 22:04:23,997 [INFO] httpx: HTTP Request: GET https://data.binance.vision/data/futures/um/daily/metrics/BTCUSDT/BTCUSDT-metrics-2021-05-15.zip.CHECKSUM "HTTP/1.1 200 OK"
2026-09-27 22:04:24,825 [INFO] httpx: HTTP Request: GET https://data.binance.vision/data/futures/um/daily/metrics/BTCUSDT/BTCUSDT-metrics-2021-05-16.zip "HTTP/1.1 200 OK"
2026-09-27 22:04:25,621 [INFO] httpx: HTTP Request: GET https://data.binance.vision/data/futures/um/daily/metrics/BTCUSDT/BTCUSDT-metrics-2021-05-16.zip.CHECKSUM "HTTP/1.1 200 OK"
2026-09-27 22:04:26,420 [INFO] httpx: HTTP Request: GET https://data.binance.vision/data/futures/um/daily/metrics/BTCUSDT/BTCUSDT-metrics-2021-05-17.zip "HTTP/1.1 200 OK"
2026-09-27 22:04:27,201 [INFO] httpx: HTTP Request: GET https://data.binance.vision/data/futures/um/daily/metrics/BTCUSDT/BTCUSDT-metrics-2021-05-17.zip.CHECKSUM "HTTP/1.1 200 OK"
2026-09-27 22:04:28,025 [INFO] httpx: HTTP Request: GET https://data.binance.vision/data/futures/um/daily/metrics/BTCUSDT/BTCUSDT-metrics-2021-05-18.zip "HTTP/1.1 200 OK"
2026-09-27 22:04:28,812 [INFO] httpx: HTTP Request: GET https://data.binance.vision/data/futures/um/daily/metrics/BTCUSDT/BTCUSDT-metrics-2021-05-18.zip.CHECKSUM "HTTP/1.1 200 OK"
2026-09-27 22:04:29,626 [INFO] httpx: HTTP Request: GET https://data.binance.vision/data/futures/um/daily/metrics/BTCUSDT/BTCUSDT-metrics-2021-05-19.zip "HTTP/1.1 200 OK"
2026-09-27 22:04:30,409 [INFO] httpx: HTTP Request: GET https://data.binance.vision/data/futures/um/daily/metrics/BTCUSDT/BTCUSDT-metrics-2021-05-19.zip.CHECKSUM "HTTP/1.1 200 OK"
2026-09-27 22:04:31,206 [INFO] httpx: HTTP Request: GET https://data.binance.vision/data/futures/um/daily/metrics/BTCUSDT/BTCUSDT-metrics-2021-05-20.zip "HTTP/1.1 200 OK"
2026-09-27 22:04:31,982 [INFO] httpx: HTTP Request: GET https://data.binance.vision/data/futures/um/daily/metrics/BTCUSDT/BTCUSDT-metrics-2021-05-20.zip.CHECKSUM "HTTP/1.1 200 OK"
2026-09-27 22:04:32,779 [INFO] httpx: HTTP Request: GET https://data.binance.vision/data/futures/um/daily/metrics/BTCUSDT/BTCUSDT-metrics-2021-05-21.zip "HTTP/1.1 200 OK"
2026-09-27 22:04:33,569 [INFO] httpx: HTTP Request: GET https://data.binance.vision/data/futures/um/daily/metrics/BTCUSDT/BTCUSDT-metrics-2021-05-21.zip.CHECKSUM "HTTP/1.1 200 OK"
2026-09-27 22:04:33,874 [INFO] httpx: HTTP Request: GET https://data.binance.vision/data/futures/um/daily/metrics/BTCUSDT/BTCUSDT-metrics-2021-05-22.zip "HTTP/1.1 200 OK"
2026-09-27 22:04:34,647 [INFO] httpx: HTTP Request: GET https://data.binance.vision/data/futures/um/daily/metrics/BTCUSDT/BTCUSDT-metrics-2021-05-22.zip.CHECKSUM "HTTP/1.1 200 OK"
2026-09-27 22:04:35,447 [INFO] httpx: HTTP Request: GET https://data.binance.vision/data/futures/um/daily/metrics/BTCUSDT/BTCUSDT-metrics-2021-05-23.zip "HTTP/1.1 200 OK"
2026-09-27 22:04:36,226 [INFO] httpx: HTTP Request: GET https://data.binance.vision/data/futures/um/daily/metrics/BTCUSDT/BTCUSDT-metrics-2021-05-23.zip.CHECKSUM "HTTP/1.1 200 OK"
2026-09-27 22:04:37,025 [INFO] httpx: HTTP Request: GET https://data.binance.vision/data/futures/um/daily/metrics/BTCUSDT/BTCUSDT-metrics-2021-05-24.zip "HTTP/1.1 200 OK"
2026-09-27 22:04:37,799 [INFO] httpx: HTTP Request: GET https://data.binance.vision/data/futures/um/daily/metrics/BTCUSDT/BTCUSDT-metrics-2021-05-24.zip.CHECKSUM "HTTP/1.1 200 OK"
2026-09-27 22:04:38,106 [INFO] httpx: HTTP Request: GET https://data.binance.vision/data/futures/um/daily/metrics/BTCUSDT/BTCUSDT-metrics-2021-05-25.zip "HTTP/1.1 200 OK"
2026-09-27 22:04:38,899 [INFO] httpx: HTTP Request: GET https://data.binance.vision/data/futures/um/daily/metrics/BTCUSDT/BTCUSDT-metrics-2021-05-25.zip.CHECKSUM "HTTP/1.1 200 OK"
2026-09-27 22:04:39,743 [INFO] httpx: HTTP Request: GET https://data.binance.vision/data/futures/um/daily/metrics/BTCUSDT/BTCUSDT-metrics-2021-05-26.zip "HTTP/1.1 200 OK"
2026-09-27 22:04:40,505 [INFO] httpx: HTTP Request: GET https://data.binance.vision/data/futures/um/daily/metrics/BTCUSDT/BTCUSDT-metrics-2021-05-26.zip.CHECKSUM "HTTP/1.1 200 OK"
2026-09-27 22:04:41,298 [INFO] httpx: HTTP Request: GET https://data.binance.vision/data/futures/um/daily/metrics/BTCUSDT/BTCUSDT-metrics-2021-05-27.zip "HTTP/1.1 200 OK"
2026-09-27 22:04:42,059 [INFO] httpx: HTTP Request: GET https://data.binance.vision/data/futures/um/daily/metrics/BTCUSDT/BTCUSDT-metrics-2021-05-27.zip.CHECKSUM "HTTP/1.1 200 OK"
2026-09-27 22:04:42,836 [INFO] httpx: HTTP Request: GET https://data.binance.vision/data/futures/um/daily/metrics/BTCUSDT/BTCUSDT-metrics-2021-05-28.zip "HTTP/1.1 200 OK"
2026-09-27 22:04:43,610 [INFO] httpx: HTTP Request: GET https://data.binance.vision/data/futures/um/daily/metrics/BTCUSDT/BTCUSDT-metrics-2021-05-28.zip.CHECKSUM "HTTP/1.1 200 OK"
2026-09-27 22:04:44,401 [INFO] httpx: HTTP Request: GET https://data.binance.vision/data/futures/um/daily/metrics/BTCUSDT/BTCUSDT-metrics-2021-05-29.zip "HTTP/1.1 200 OK"
2026-09-27 22:04:45,173 [INFO] httpx: HTTP Request: GET https://data.binance.vision/data/futures/um/daily/metrics/BTCUSDT/BTCUSDT-metrics-2021-05-29.zip.CHECKSUM "HTTP/1.1 200 OK"
2026-09-27 22:04:45,956 [INFO] httpx: HTTP Request: GET https://data.binance.vision/data/futures/um/daily/metrics/BTCUSDT/BTCUSDT-metrics-2021-05-30.zip "HTTP/1.1 200 OK"
2026-09-27 22:04:46,728 [INFO] httpx: HTTP Request: GET https://data.binance.vision/data/futures/um/daily/metrics/BTCUSDT/BTCUSDT-metrics-2021-05-30.zip.CHECKSUM "HTTP/1.1 200 OK"
2026-09-27 22:04:47,518 [INFO] httpx: HTTP Request: GET https://data.binance.vision/data/futures/um/daily/metrics/BTCUSDT/BTCUSDT-metrics-2021-05-31.zip "HTTP/1.1 200 OK"
2026-09-27 22:04:49,575 [INFO] httpx: HTTP Request: GET https://data.binance.vision/data/futures/um/daily/metrics/BTCUSDT/BTCUSDT-metrics-2021-05-31.zip.CHECKSUM "HTTP/1.1 200 OK"
2026-09-27 22:04:50,360 [INFO] httpx: HTTP Request: GET https://data.binance.vision/data/futures/um/daily/metrics/BTCUSDT/BTCUSDT-metrics-2021-06-01.zip "HTTP/1.1 200 OK"
2026-09-27 22:04:51,146 [INFO] httpx: HTTP Request: GET https://data.binance.vision/data/futures/um/daily/metrics/BTCUSDT/BTCUSDT-metrics-2021-06-01.zip.CHECKSUM "HTTP/1.1 200 OK"
2026-09-27 22:04:51,934 [INFO] httpx: HTTP Request: GET https://data.binance.vision/data/futures/um/daily/metrics/BTCUSDT/BTCUSDT-metrics-2021-06-02.zip "HTTP/1.1 200 OK"
2026-09-27 22:04:52,713 [INFO] httpx: HTTP Request: GET https://data.binance.vision/data/futures/um/daily/metrics/BTCUSDT/BTCUSDT-metrics-2021-06-02.zip.CHECKSUM "HTTP/1.1 200 OK"
2026-09-27 22:04:53,469 [INFO] httpx: HTTP Request: GET https://data.binance.vision/data/futures/um/daily/metrics/BTCUSDT/BTCUSDT-metrics-2021-06-03.zip "HTTP/1.1 200 OK"
2026-09-27 22:04:54,203 [INFO] httpx: HTTP Request: GET https://data.binance.vision/data/futures/um/daily/metrics/BTCUSDT/BTCUSDT-metrics-2021-06-03.zip.CHECKSUM "HTTP/1.1 200 OK"
2026-09-27 22:04:54,476 [INFO] httpx: HTTP Request: GET https://data.binance.vision/data/futures/um/daily/metrics/BTCUSDT/BTCUSDT-metrics-2021-06-04.zip "HTTP/1.1 200 OK"
2026-09-27 22:04:55,203 [INFO] httpx: HTTP Request: GET https://data.binance.vision/data/futures/um/daily/metrics/BTCUSDT/BTCUSDT-metrics-2021-06-04.zip.CHECKSUM "HTTP/1.1 200 OK"
2026-09-27 22:04:55,958 [INFO] httpx: HTTP Request: GET https://data.binance.vision/data/futures/um/daily/metrics/BTCUSDT/BTCUSDT-metrics-2021-06-05.zip "HTTP/1.1 200 OK"
2026-09-27 22:04:56,691 [INFO] httpx: HTTP Request: GET https://data.binance.vision/data/futures/um/daily/metrics/BTCUSDT/BTCUSDT-metrics-2021-06-05.zip.CHECKSUM "HTTP/1.1 200 OK"
2026-09-27 22:04:57,443 [INFO] httpx: HTTP Request: GET https://data.binance.vision/data/futures/um/daily/metrics/BTCUSDT/BTCUSDT-metrics-2021-06-06.zip "HTTP/1.1 200 OK"
2026-09-27 22:04:58,186 [INFO] httpx: HTTP Request: GET https://data.binance.vision/data/futures/um/daily/metrics/BTCUSDT/BTCUSDT-metrics-2021-06-06.zip.CHECKSUM "HTTP/1.1 200 OK"
2026-09-27 22:04:58,930 [INFO] httpx: HTTP Request: GET https://data.binance.vision/data/futures/um/daily/metrics/BTCUSDT/BTCUSDT-metrics-2021-06-07.zip "HTTP/1.1 200 OK"
2026-09-27 22:04:59,667 [INFO] httpx: HTTP Request: GET https://data.binance.vision/data/futures/um/daily/metrics/BTCUSDT/BTCUSDT-metrics-2021-06-07.zip.CHECKSUM "HTTP/1.1 200 OK"
2026-09-27 22:05:00,416 [INFO] httpx: HTTP Request: GET https://data.binance.vision/data/futures/um/daily/metrics/BTCUSDT/BTCUSDT-metrics-2021-06-08.zip "HTTP/1.1 200 OK"
2026-09-27 22:05:01,158 [INFO] httpx: HTTP Request: GET https://data.binance.vision/data/futures/um/daily/metrics/BTCUSDT/BTCUSDT-metrics-2021-06-08.zip.CHECKSUM "HTTP/1.1 200 OK"
2026-09-27 22:05:01,946 [INFO] httpx: HTTP Request: GET https://data.binance.vision/data/futures/um/daily/metrics/BTCUSDT/BTCUSDT-metrics-2021-06-09.zip "HTTP/1.1 200 OK"
2026-09-27 22:05:02,712 [INFO] httpx: HTTP Request: GET https://data.binance.vision/data/futures/um/daily/metrics/BTCUSDT/BTCUSDT-metrics-2021-06-09.zip.CHECKSUM "HTTP/1.1 200 OK"
2026-09-27 22:05:03,503 [INFO] httpx: HTTP Request: GET https://data.binance.vision/data/futures/um/daily/metrics/BTCUSDT/BTCUSDT-metrics-2021-06-10.zip "HTTP/1.1 200 OK"
2026-09-27 22:05:04,287 [INFO] httpx: HTTP Request: GET https://data.binance.vision/data/futures/um/daily/metrics/BTCUSDT/BTCUSDT-metrics-2021-06-10.zip.CHECKSUM "HTTP/1.1 200 OK"
2026-09-27 22:05:05,070 [INFO] httpx: HTTP Request: GET https://data.binance.vision/data/futures/um/daily/metrics/BTCUSDT/BTCUSDT-metrics-2021-06-11.zip "HTTP/1.1 200 OK"
2026-09-27 22:05:05,844 [INFO] httpx: HTTP Request: GET https://data.binance.vision/data/futures/um/daily/metrics/BTCUSDT/BTCUSDT-metrics-2021-06-11.zip.CHECKSUM "HTTP/1.1 200 OK"
2026-09-27 22:05:06,643 [INFO] httpx: HTTP Request: GET https://data.binance.vision/data/futures/um/daily/metrics/BTCUSDT/BTCUSDT-metrics-2021-06-12.zip "HTTP/1.1 200 OK"
2026-09-27 22:05:07,434 [INFO] httpx: HTTP Request: GET https://data.binance.vision/data/futures/um/daily/metrics/BTCUSDT/BTCUSDT-metrics-2021-06-12.zip.CHECKSUM "HTTP/1.1 200 OK"
2026-09-27 22:05:08,233 [INFO] httpx: HTTP Request: GET https://data.binance.vision/data/futures/um/daily/metrics/BTCUSDT/BTCUSDT-metrics-2021-06-13.zip "HTTP/1.1 200 OK"
2026-09-27 22:05:08,518 [INFO] httpx: HTTP Request: GET https://data.binance.vision/data/futures/um/daily/metrics/BTCUSDT/BTCUSDT-metrics-2021-06-13.zip.CHECKSUM "HTTP/1.1 200 OK"
2026-09-27 22:05:09,330 [INFO] httpx: HTTP Request: GET https://data.binance.vision/data/futures/um/daily/metrics/BTCUSDT/BTCUSDT-metrics-2021-06-14.zip "HTTP/1.1 200 OK"
2026-09-27 22:05:10,098 [INFO] httpx: HTTP Request: GET https://data.binance.vision/data/futures/um/daily/metrics/BTCUSDT/BTCUSDT-metrics-2021-06-14.zip.CHECKSUM "HTTP/1.1 200 OK"
2026-09-27 22:05:10,890 [INFO] httpx: HTTP Request: GET https://data.binance.vision/data/futures/um/daily/metrics/BTCUSDT/BTCUSDT-metrics-2021-06-15.zip "HTTP/1.1 200 OK"
2026-09-27 22:05:11,691 [INFO] httpx: HTTP Request: GET https://data.binance.vision/data/futures/um/daily/metrics/BTCUSDT/BTCUSDT-metrics-2021-06-15.zip.CHECKSUM "HTTP/1.1 200 OK"
2026-09-27 22:05:12,036 [INFO] httpx: HTTP Request: GET https://data.binance.vision/data/futures/um/daily/metrics/BTCUSDT/BTCUSDT-metrics-2021-06-16.zip "HTTP/1.1 200 OK"
2026-09-27 22:05:12,821 [INFO] httpx: HTTP Request: GET https://data.binance.vision/data/futures/um/daily/metrics/BTCUSDT/BTCUSDT-metrics-2021-06-16.zip.CHECKSUM "HTTP/1.1 200 OK"
2026-09-27 22:05:13,631 [INFO] httpx: HTTP Request: GET https://data.binance.vision/data/futures/um/daily/metrics/BTCUSDT/BTCUSDT-metrics-2021-06-17.zip "HTTP/1.1 200 OK"
2026-09-27 22:05:14,398 [INFO] httpx: HTTP Request: GET https://data.binance.vision/data/futures/um/daily/metrics/BTCUSDT/BTCUSDT-metrics-2021-06-17.zip.CHECKSUM "HTTP/1.1 200 OK"
2026-09-27 22:05:14,686 [INFO] httpx: HTTP Request: GET https://data.binance.vision/data/futures/um/daily/metrics/BTCUSDT/BTCUSDT-metrics-2021-06-18.zip "HTTP/1.1 200 OK"
2026-09-27 22:05:15,461 [INFO] httpx: HTTP Request: GET https://data.binance.vision/data/futures/um/daily/metrics/BTCUSDT/BTCUSDT-metrics-2021-06-18.zip.CHECKSUM "HTTP/1.1 200 OK"
2026-09-27 22:05:16,278 [INFO] httpx: HTTP Request: GET https://data.binance.vision/data/futures/um/daily/metrics/BTCUSDT/BTCUSDT-metrics-2021-06-19.zip "HTTP/1.1 200 OK"
2026-09-27 22:05:17,046 [INFO] httpx: HTTP Request: GET https://data.binance.vision/data/futures/um/daily/metrics/BTCUSDT/BTCUSDT-metrics-2021-06-19.zip.CHECKSUM "HTTP/1.1 200 OK"
2026-09-27 22:05:17,826 [INFO] httpx: HTTP Request: GET https://data.binance.vision/data/futures/um/daily/metrics/BTCUSDT/BTCUSDT-metrics-2021-06-20.zip "HTTP/1.1 200 OK"
2026-09-27 22:05:18,602 [INFO] httpx: HTTP Request: GET https://data.binance.vision/data/futures/um/daily/metrics/BTCUSDT/BTCUSDT-metrics-2021-06-20.zip.CHECKSUM "HTTP/1.1 200 OK"
2026-09-27 22:05:19,390 [INFO] httpx: HTTP Request: GET https://data.binance.vision/data/futures/um/daily/metrics/BTCUSDT/BTCUSDT-metrics-2021-06-21.zip "HTTP/1.1 200 OK"
2026-09-27 22:05:20,154 [INFO] httpx: HTTP Request: GET https://data.binance.vision/data/futures/um/daily/metrics/BTCUSDT/BTCUSDT-metrics-2021-06-21.zip.CHECKSUM "HTTP/1.1 200 OK"
2026-09-27 22:05:20,956 [INFO] httpx: HTTP Request: GET https://data.binance.vision/data/futures/um/daily/metrics/BTCUSDT/BTCUSDT-metrics-2021-06-22.zip "HTTP/1.1 200 OK"
2026-09-27 22:05:23,732 [INFO] httpx: HTTP Request: GET https://data.binance.vision/data/futures/um/daily/metrics/BTCUSDT/BTCUSDT-metrics-2021-06-22.zip.CHECKSUM "HTTP/1.1 200 OK"
2026-09-27 22:05:24,511 [INFO] httpx: HTTP Request: GET https://data.binance.vision/data/futures/um/daily/metrics/BTCUSDT/BTCUSDT-metrics-2021-06-23.zip "HTTP/1.1 200 OK"
2026-09-27 22:05:25,278 [INFO] httpx: HTTP Request: GET https://data.binance.vision/data/futures/um/daily/metrics/BTCUSDT/BTCUSDT-metrics-2021-06-23.zip.CHECKSUM "HTTP/1.1 200 OK"
2026-09-27 22:05:26,065 [INFO] httpx: HTTP Request: GET https://data.binance.vision/data/futures/um/daily/metrics/BTCUSDT/BTCUSDT-metrics-2021-06-24.zip "HTTP/1.1 200 OK"
2026-09-27 22:05:26,848 [INFO] httpx: HTTP Request: GET https://data.binance.vision/data/futures/um/daily/metrics/BTCUSDT/BTCUSDT-metrics-2021-06-24.zip.CHECKSUM "HTTP/1.1 200 OK"
2026-09-27 22:05:27,641 [INFO] httpx: HTTP Request: GET https://data.binance.vision/data/futures/um/daily/metrics/BTCUSDT/BTCUSDT-metrics-2021-06-25.zip "HTTP/1.1 200 OK"
2026-09-27 22:05:28,407 [INFO] httpx: HTTP Request: GET https://data.binance.vision/data/futures/um/daily/metrics/BTCUSDT/BTCUSDT-metrics-2021-06-25.zip.CHECKSUM "HTTP/1.1 200 OK"
2026-09-27 22:05:29,183 [INFO] httpx: HTTP Request: GET https://data.binance.vision/data/futures/um/daily/metrics/BTCUSDT/BTCUSDT-metrics-2021-06-26.zip "HTTP/1.1 200 OK"
2026-09-27 22:05:29,947 [INFO] httpx: HTTP Request: GET https://data.binance.vision/data/futures/um/daily/metrics/BTCUSDT/BTCUSDT-metrics-2021-06-26.zip.CHECKSUM "HTTP/1.1 200 OK"
2026-09-27 22:05:30,740 [INFO] httpx: HTTP Request: GET https://data.binance.vision/data/futures/um/daily/metrics/BTCUSDT/BTCUSDT-metrics-2021-06-27.zip "HTTP/1.1 200 OK"
2026-09-27 22:05:31,505 [INFO] httpx: HTTP Request: GET https://data.binance.vision/data/futures/um/daily/metrics/BTCUSDT/BTCUSDT-metrics-2021-06-27.zip.CHECKSUM "HTTP/1.1 200 OK"
2026-09-27 22:05:32,637 [INFO] httpx: HTTP Request: GET https://data.binance.vision/data/futures/um/daily/metrics/BTCUSDT/BTCUSDT-metrics-2021-06-28.zip "HTTP/1.1 200 OK"
2026-09-27 22:05:33,410 [INFO] httpx: HTTP Request: GET https://data.binance.vision/data/futures/um/daily/metrics/BTCUSDT/BTCUSDT-metrics-2021-06-28.zip.CHECKSUM "HTTP/1.1 200 OK"
2026-09-27 22:05:34,227 [INFO] httpx: HTTP Request: GET https://data.binance.vision/data/futures/um/daily/metrics/BTCUSDT/BTCUSDT-metrics-2021-06-29.zip "HTTP/1.1 200 OK"
2026-09-27 22:05:35,011 [INFO] httpx: HTTP Request: GET https://data.binance.vision/data/futures/um/daily/metrics/BTCUSDT/BTCUSDT-metrics-2021-06-29.zip.CHECKSUM "HTTP/1.1 200 OK"
2026-09-27 22:05:35,802 [INFO] httpx: HTTP Request: GET https://data.binance.vision/data/futures/um/daily/metrics/BTCUSDT/BTCUSDT-metrics-2021-06-30.zip "HTTP/1.1 200 OK"
2026-09-27 22:05:36,571 [INFO] httpx: HTTP Request: GET https://data.binance.vision/data/futures/um/daily/metrics/BTCUSDT/BTCUSDT-metrics-2021-06-30.zip.CHECKSUM "HTTP/1.1 200 OK"
2026-09-27 22:05:37,364 [INFO] httpx: HTTP Request: GET https://data.binance.vision/data/futures/um/daily/metrics/BTCUSDT/BTCUSDT-metrics-2021-07-01.zip "HTTP/1.1 200 OK"
2026-09-27 22:05:38,134 [INFO] httpx: HTTP Request: GET https://data.binance.vision/data/futures/um/daily/metrics/BTCUSDT/BTCUSDT-metrics-2021-07-01.zip.CHECKSUM "HTTP/1.1 200 OK"
2026-09-27 22:05:38,933 [INFO] httpx: HTTP Request: GET https://data.binance.vision/data/futures/um/daily/metrics/BTCUSDT/BTCUSDT-metrics-2021-07-02.zip "HTTP/1.1 200 OK"
2026-09-27 22:05:39,730 [INFO] httpx: HTTP Request: GET https://data.binance.vision/data/futures/um/daily/metrics/BTCUSDT/BTCUSDT-metrics-2021-07-02.zip.CHECKSUM "HTTP/1.1 200 OK"
2026-09-27 22:05:40,541 [INFO] httpx: HTTP Request: GET https://data.binance.vision/data/futures/um/daily/metrics/BTCUSDT/BTCUSDT-metrics-2021-07-03.zip "HTTP/1.1 200 OK"
2026-09-27 22:05:41,314 [INFO] httpx: HTTP Request: GET https://data.binance.vision/data/futures/um/daily/metrics/BTCUSDT/BTCUSDT-metrics-2021-07-03.zip.CHECKSUM "HTTP/1.1 200 OK"
2026-09-27 22:05:42,103 [INFO] httpx: HTTP Request: GET https://data.binance.vision/data/futures/um/daily/metrics/BTCUSDT/BTCUSDT-metrics-2021-07-04.zip "HTTP/1.1 200 OK"
2026-09-27 22:05:42,874 [INFO] httpx: HTTP Request: GET https://data.binance.vision/data/futures/um/daily/metrics/BTCUSDT/BTCUSDT-metrics-2021-07-04.zip.CHECKSUM "HTTP/1.1 200 OK"
2026-09-27 22:05:43,677 [INFO] httpx: HTTP Request: GET https://data.binance.vision/data/futures/um/daily/metrics/BTCUSDT/BTCUSDT-metrics-2021-07-05.zip "HTTP/1.1 200 OK"
2026-09-27 22:05:43,966 [INFO] httpx: HTTP Request: GET https://data.binance.vision/data/futures/um/daily/metrics/BTCUSDT/BTCUSDT-metrics-2021-07-05.zip.CHECKSUM "HTTP/1.1 200 OK"
2026-09-27 22:05:44,738 [INFO] httpx: HTTP Request: GET https://data.binance.vision/data/futures/um/daily/metrics/BTCUSDT/BTCUSDT-metrics-2021-07-06.zip "HTTP/1.1 200 OK"
2026-09-27 22:05:45,509 [INFO] httpx: HTTP Request: GET https://data.binance.vision/data/futures/um/daily/metrics/BTCUSDT/BTCUSDT-metrics-2021-07-06.zip.CHECKSUM "HTTP/1.1 200 OK"
2026-09-27 22:05:46,298 [INFO] httpx: HTTP Request: GET https://data.binance.vision/data/futures/um/daily/metrics/BTCUSDT/BTCUSDT-metrics-2021-07-07.zip "HTTP/1.1 200 OK"
2026-09-27 22:05:47,070 [INFO] httpx: HTTP Request: GET https://data.binance.vision/data/futures/um/daily/metrics/BTCUSDT/BTCUSDT-metrics-2021-07-07.zip.CHECKSUM "HTTP/1.1 200 OK"
2026-09-27 22:05:47,850 [INFO] httpx: HTTP Request: GET https://data.binance.vision/data/futures/um/daily/metrics/BTCUSDT/BTCUSDT-metrics-2021-07-08.zip "HTTP/1.1 200 OK"
2026-09-27 22:05:48,131 [INFO] httpx: HTTP Request: GET https://data.binance.vision/data/futures/um/daily/metrics/BTCUSDT/BTCUSDT-metrics-2021-07-08.zip.CHECKSUM "HTTP/1.1 200 OK"
2026-09-27 22:05:48,929 [INFO] httpx: HTTP Request: GET https://data.binance.vision/data/futures/um/daily/metrics/BTCUSDT/BTCUSDT-metrics-2021-07-09.zip "HTTP/1.1 200 OK"
2026-09-27 22:05:49,699 [INFO] httpx: HTTP Request: GET https://data.binance.vision/data/futures/um/daily/metrics/BTCUSDT/BTCUSDT-metrics-2021-07-09.zip.CHECKSUM "HTTP/1.1 200 OK"
2026-09-27 22:05:50,494 [INFO] httpx: HTTP Request: GET https://data.binance.vision/data/futures/um/daily/metrics/BTCUSDT/BTCUSDT-metrics-2021-07-10.zip "HTTP/1.1 200 OK"
2026-09-27 22:05:51,260 [INFO] httpx: HTTP Request: GET https://data.binance.vision/data/futures/um/daily/metrics/BTCUSDT/BTCUSDT-metrics-2021-07-10.zip.CHECKSUM "HTTP/1.1 200 OK"
2026-09-27 22:05:52,060 [INFO] httpx: HTTP Request: GET https://data.binance.vision/data/futures/um/daily/metrics/BTCUSDT/BTCUSDT-metrics-2021-07-11.zip "HTTP/1.1 200 OK"
2026-09-27 22:05:52,841 [INFO] httpx: HTTP Request: GET https://data.binance.vision/data/futures/um/daily/metrics/BTCUSDT/BTCUSDT-metrics-2021-07-11.zip.CHECKSUM "HTTP/1.1 200 OK"
2026-09-27 22:05:53,642 [INFO] httpx: HTTP Request: GET https://data.binance.vision/data/futures/um/daily/metrics/BTCUSDT/BTCUSDT-metrics-2021-07-12.zip "HTTP/1.1 200 OK"
2026-09-27 22:05:53,922 [INFO] httpx: HTTP Request: GET https://data.binance.vision/data/futures/um/daily/metrics/BTCUSDT/BTCUSDT-metrics-2021-07-12.zip.CHECKSUM "HTTP/1.1 200 OK"
2026-09-27 22:05:54,715 [INFO] httpx: HTTP Request: GET https://data.binance.vision/data/futures/um/daily/metrics/BTCUSDT/BTCUSDT-metrics-2021-07-13.zip "HTTP/1.1 200 OK"
2026-09-27 22:05:57,138 [INFO] httpx: HTTP Request: GET https://data.binance.vision/data/futures/um/daily/metrics/BTCUSDT/BTCUSDT-metrics-2021-07-13.zip.CHECKSUM "HTTP/1.1 200 OK"
2026-09-27 22:05:57,906 [INFO] httpx: HTTP Request: GET https://data.binance.vision/data/futures/um/daily/metrics/BTCUSDT/BTCUSDT-metrics-2021-07-14.zip "HTTP/1.1 200 OK"
2026-09-27 22:05:58,702 [INFO] httpx: HTTP Request: GET https://data.binance.vision/data/futures/um/daily/metrics/BTCUSDT/BTCUSDT-metrics-2021-07-14.zip.CHECKSUM "HTTP/1.1 200 OK"
2026-09-27 22:05:59,476 [INFO] httpx: HTTP Request: GET https://data.binance.vision/data/futures/um/daily/metrics/BTCUSDT/BTCUSDT-metrics-2021-07-15.zip "HTTP/1.1 200 OK"
2026-09-27 22:06:00,282 [INFO] httpx: HTTP Request: GET https://data.binance.vision/data/futures/um/daily/metrics/BTCUSDT/BTCUSDT-metrics-2021-07-15.zip.CHECKSUM "HTTP/1.1 200 OK"
2026-09-27 22:06:01,088 [INFO] httpx: HTTP Request: GET https://data.binance.vision/data/futures/um/daily/metrics/BTCUSDT/BTCUSDT-metrics-2021-07-16.zip "HTTP/1.1 200 OK"
2026-09-27 22:06:01,859 [INFO] httpx: HTTP Request: GET https://data.binance.vision/data/futures/um/daily/metrics/BTCUSDT/BTCUSDT-metrics-2021-07-16.zip.CHECKSUM "HTTP/1.1 200 OK"
2026-09-27 22:06:02,675 [INFO] httpx: HTTP Request: GET https://data.binance.vision/data/futures/um/daily/metrics/BTCUSDT/BTCUSDT-metrics-2021-07-17.zip "HTTP/1.1 200 OK"
2026-09-27 22:06:03,435 [INFO] httpx: HTTP Request: GET https://data.binance.vision/data/futures/um/daily/metrics/BTCUSDT/BTCUSDT-metrics-2021-07-17.zip.CHECKSUM "HTTP/1.1 200 OK"
2026-09-27 22:06:04,225 [INFO] httpx: HTTP Request: GET https://data.binance.vision/data/futures/um/daily/metrics/BTCUSDT/BTCUSDT-metrics-2021-07-18.zip "HTTP/1.1 200 OK"
2026-09-27 22:06:05,012 [INFO] httpx: HTTP Request: GET https://data.binance.vision/data/futures/um/daily/metrics/BTCUSDT/BTCUSDT-metrics-2021-07-18.zip.CHECKSUM "HTTP/1.1 200 OK"
2026-09-27 22:06:05,807 [INFO] httpx: HTTP Request: GET https://data.binance.vision/data/futures/um/daily/metrics/BTCUSDT/BTCUSDT-metrics-2021-07-19.zip "HTTP/1.1 200 OK"
2026-09-27 22:06:06,589 [INFO] httpx: HTTP Request: GET https://data.binance.vision/data/futures/um/daily/metrics/BTCUSDT/BTCUSDT-metrics-2021-07-19.zip.CHECKSUM "HTTP/1.1 200 OK"
2026-09-27 22:06:07,387 [INFO] httpx: HTTP Request: GET https://data.binance.vision/data/futures/um/daily/metrics/BTCUSDT/BTCUSDT-metrics-2021-07-20.zip "HTTP/1.1 200 OK"
2026-09-27 22:06:08,167 [INFO] httpx: HTTP Request: GET https://data.binance.vision/data/futures/um/daily/metrics/BTCUSDT/BTCUSDT-metrics-2021-07-20.zip.CHECKSUM "HTTP/1.1 200 OK"
2026-09-27 22:06:08,951 [INFO] httpx: HTTP Request: GET https://data.binance.vision/data/futures/um/daily/metrics/BTCUSDT/BTCUSDT-metrics-2021-07-21.zip "HTTP/1.1 200 OK"
2026-09-27 22:06:09,715 [INFO] httpx: HTTP Request: GET https://data.binance.vision/data/futures/um/daily/metrics/BTCUSDT/BTCUSDT-metrics-2021-07-21.zip.CHECKSUM "HTTP/1.1 200 OK"
2026-09-27 22:06:10,502 [INFO] httpx: HTTP Request: GET https://data.binance.vision/data/futures/um/daily/metrics/BTCUSDT/BTCUSDT-metrics-2021-07-22.zip "HTTP/1.1 200 OK"
2026-09-27 22:06:11,272 [INFO] httpx: HTTP Request: GET https://data.binance.vision/data/futures/um/daily/metrics/BTCUSDT/BTCUSDT-metrics-2021-07-22.zip.CHECKSUM "HTTP/1.1 200 OK"
2026-09-27 22:06:12,336 [INFO] httpx: HTTP Request: GET https://data.binance.vision/data/futures/um/daily/metrics/BTCUSDT/BTCUSDT-metrics-2021-07-23.zip "HTTP/1.1 200 OK"
2026-09-27 22:06:13,105 [INFO] httpx: HTTP Request: GET https://data.binance.vision/data/futures/um/daily/metrics/BTCUSDT/BTCUSDT-metrics-2021-07-23.zip.CHECKSUM "HTTP/1.1 200 OK"
2026-09-27 22:06:13,930 [INFO] httpx: HTTP Request: GET https://data.binance.vision/data/futures/um/daily/metrics/BTCUSDT/BTCUSDT-metrics-2021-07-24.zip "HTTP/1.1 200 OK"
2026-09-27 22:06:14,734 [INFO] httpx: HTTP Request: GET https://data.binance.vision/data/futures/um/daily/metrics/BTCUSDT/BTCUSDT-metrics-2021-07-24.zip.CHECKSUM "HTTP/1.1 200 OK"
2026-09-27 22:06:15,031 [INFO] httpx: HTTP Request: GET https://data.binance.vision/data/futures/um/daily/metrics/BTCUSDT/BTCUSDT-metrics-2021-07-25.zip "HTTP/1.1 200 OK"
2026-09-27 22:06:15,316 [INFO] httpx: HTTP Request: GET https://data.binance.vision/data/futures/um/daily/metrics/BTCUSDT/BTCUSDT-metrics-2021-07-25.zip.CHECKSUM "HTTP/1.1 200 OK"
2026-09-27 22:06:16,089 [INFO] httpx: HTTP Request: GET https://data.binance.vision/data/futures/um/daily/metrics/BTCUSDT/BTCUSDT-metrics-2021-07-26.zip "HTTP/1.1 200 OK"
2026-09-27 22:06:16,876 [INFO] httpx: HTTP Request: GET https://data.binance.vision/data/futures/um/daily/metrics/BTCUSDT/BTCUSDT-metrics-2021-07-26.zip.CHECKSUM "HTTP/1.1 200 OK"
2026-09-27 22:06:17,652 [INFO] httpx: HTTP Request: GET https://data.binance.vision/data/futures/um/daily/metrics/BTCUSDT/BTCUSDT-metrics-2021-07-27.zip "HTTP/1.1 200 OK"
2026-09-27 22:06:18,432 [INFO] httpx: HTTP Request: GET https://data.binance.vision/data/futures/um/daily/metrics/BTCUSDT/BTCUSDT-metrics-2021-07-27.zip.CHECKSUM "HTTP/1.1 200 OK"
2026-09-27 22:06:19,227 [INFO] httpx: HTTP Request: GET https://data.binance.vision/data/futures/um/daily/metrics/BTCUSDT/BTCUSDT-metrics-2021-07-28.zip "HTTP/1.1 200 OK"
2026-09-27 22:06:19,988 [INFO] httpx: HTTP Request: GET https://data.binance.vision/data/futures/um/daily/metrics/BTCUSDT/BTCUSDT-metrics-2021-07-28.zip.CHECKSUM "HTTP/1.1 200 OK"
2026-09-27 22:06:20,775 [INFO] httpx: HTTP Request: GET https://data.binance.vision/data/futures/um/daily/metrics/BTCUSDT/BTCUSDT-metrics-2021-07-29.zip "HTTP/1.1 200 OK"
2026-09-27 22:06:21,563 [INFO] httpx: HTTP Request: GET https://data.binance.vision/data/futures/um/daily/metrics/BTCUSDT/BTCUSDT-metrics-2021-07-29.zip.CHECKSUM "HTTP/1.1 200 OK"
2026-09-27 22:06:22,359 [INFO] httpx: HTTP Request: GET https://data.binance.vision/data/futures/um/daily/metrics/BTCUSDT/BTCUSDT-metrics-2021-07-30.zip "HTTP/1.1 200 OK"
2026-09-27 22:06:23,131 [INFO] httpx: HTTP Request: GET https://data.binance.vision/data/futures/um/daily/metrics/BTCUSDT/BTCUSDT-metrics-2021-07-30.zip.CHECKSUM "HTTP/1.1 200 OK"
2026-09-27 22:06:23,927 [INFO] httpx: HTTP Request: GET https://data.binance.vision/data/futures/um/daily/metrics/BTCUSDT/BTCUSDT-metrics-2021-07-31.zip "HTTP/1.1 200 OK"
2026-09-27 22:06:24,720 [INFO] httpx: HTTP Request: GET https://data.binance.vision/data/futures/um/daily/metrics/BTCUSDT/BTCUSDT-metrics-2021-07-31.zip.CHECKSUM "HTTP/1.1 200 OK"
2026-09-27 22:06:25,521 [INFO] httpx: HTTP Request: GET https://data.binance.vision/data/futures/um/daily/metrics/BTCUSDT/BTCUSDT-metrics-2021-08-01.zip "HTTP/1.1 200 OK"
2026-09-27 22:06:26,284 [INFO] httpx: HTTP Request: GET https://data.binance.vision/data/futures/um/daily/metrics/BTCUSDT/BTCUSDT-metrics-2021-08-01.zip.CHECKSUM "HTTP/1.1 200 OK"
2026-09-27 22:06:27,086 [INFO] httpx: HTTP Request: GET https://data.binance.vision/data/futures/um/daily/metrics/BTCUSDT/BTCUSDT-metrics-2021-08-02.zip "HTTP/1.1 200 OK"
2026-09-27 22:06:27,366 [INFO] httpx: HTTP Request: GET https://data.binance.vision/data/futures/um/daily/metrics/BTCUSDT/BTCUSDT-metrics-2021-08-02.zip.CHECKSUM "HTTP/1.1 200 OK"
2026-09-27 22:06:28,171 [INFO] httpx: HTTP Request: GET https://data.binance.vision/data/futures/um/daily/metrics/BTCUSDT/BTCUSDT-metrics-2021-08-03.zip "HTTP/1.1 200 OK"
2026-09-27 22:06:28,941 [INFO] httpx: HTTP Request: GET https://data.binance.vision/data/futures/um/daily/metrics/BTCUSDT/BTCUSDT-metrics-2021-08-03.zip.CHECKSUM "HTTP/1.1 200 OK"
2026-09-27 22:06:31,495 [INFO] httpx: HTTP Request: GET https://data.binance.vision/data/futures/um/daily/metrics/BTCUSDT/BTCUSDT-metrics-2021-08-04.zip "HTTP/1.1 200 OK"
2026-09-27 22:06:32,265 [INFO] httpx: HTTP Request: GET https://data.binance.vision/data/futures/um/daily/metrics/BTCUSDT/BTCUSDT-metrics-2021-08-04.zip.CHECKSUM "HTTP/1.1 200 OK"
2026-09-27 22:06:33,054 [INFO] httpx: HTTP Request: GET https://data.binance.vision/data/futures/um/daily/metrics/BTCUSDT/BTCUSDT-metrics-2021-08-05.zip "HTTP/1.1 200 OK"
2026-09-27 22:06:33,823 [INFO] httpx: HTTP Request: GET https://data.binance.vision/data/futures/um/daily/metrics/BTCUSDT/BTCUSDT-metrics-2021-08-05.zip.CHECKSUM "HTTP/1.1 200 OK"
2026-09-27 22:06:34,119 [INFO] httpx: HTTP Request: GET https://data.binance.vision/data/futures/um/daily/metrics/BTCUSDT/BTCUSDT-metrics-2021-08-06.zip "HTTP/1.1 200 OK"
2026-09-27 22:06:34,882 [INFO] httpx: HTTP Request: GET https://data.binance.vision/data/futures/um/daily/metrics/BTCUSDT/BTCUSDT-metrics-2021-08-06.zip.CHECKSUM "HTTP/1.1 200 OK"
2026-09-27 22:06:35,658 [INFO] httpx: HTTP Request: GET https://data.binance.vision/data/futures/um/daily/metrics/BTCUSDT/BTCUSDT-metrics-2021-08-07.zip "HTTP/1.1 200 OK"
2026-09-27 22:06:35,940 [INFO] httpx: HTTP Request: GET https://data.binance.vision/data/futures/um/daily/metrics/BTCUSDT/BTCUSDT-metrics-2021-08-07.zip.CHECKSUM "HTTP/1.1 200 OK"
2026-09-27 22:06:36,734 [INFO] httpx: HTTP Request: GET https://data.binance.vision/data/futures/um/daily/metrics/BTCUSDT/BTCUSDT-metrics-2021-08-08.zip "HTTP/1.1 200 OK"
2026-09-27 22:06:37,506 [INFO] httpx: HTTP Request: GET https://data.binance.vision/data/futures/um/daily/metrics/BTCUSDT/BTCUSDT-metrics-2021-08-08.zip.CHECKSUM "HTTP/1.1 200 OK"
2026-09-27 22:06:38,290 [INFO] httpx: HTTP Request: GET https://data.binance.vision/data/futures/um/daily/metrics/BTCUSDT/BTCUSDT-metrics-2021-08-09.zip "HTTP/1.1 200 OK"
2026-09-27 22:06:39,059 [INFO] httpx: HTTP Request: GET https://data.binance.vision/data/futures/um/daily/metrics/BTCUSDT/BTCUSDT-metrics-2021-08-09.zip.CHECKSUM "HTTP/1.1 200 OK"
2026-09-27 22:06:39,842 [INFO] httpx: HTTP Request: GET https://data.binance.vision/data/futures/um/daily/metrics/BTCUSDT/BTCUSDT-metrics-2021-08-10.zip "HTTP/1.1 200 OK"
2026-09-27 22:06:40,605 [INFO] httpx: HTTP Request: GET https://data.binance.vision/data/futures/um/daily/metrics/BTCUSDT/BTCUSDT-metrics-2021-08-10.zip.CHECKSUM "HTTP/1.1 200 OK"
2026-09-27 22:06:41,389 [INFO] httpx: HTTP Request: GET https://data.binance.vision/data/futures/um/daily/metrics/BTCUSDT/BTCUSDT-metrics-2021-08-11.zip "HTTP/1.1 200 OK"
2026-09-27 22:06:42,152 [INFO] httpx: HTTP Request: GET https://data.binance.vision/data/futures/um/daily/metrics/BTCUSDT/BTCUSDT-metrics-2021-08-11.zip.CHECKSUM "HTTP/1.1 200 OK"
2026-09-27 22:06:42,945 [INFO] httpx: HTTP Request: GET https://data.binance.vision/data/futures/um/daily/metrics/BTCUSDT/BTCUSDT-metrics-2021-08-12.zip "HTTP/1.1 200 OK"
2026-09-27 22:06:43,223 [INFO] httpx: HTTP Request: GET https://data.binance.vision/data/futures/um/daily/metrics/BTCUSDT/BTCUSDT-metrics-2021-08-12.zip.CHECKSUM "HTTP/1.1 200 OK"
2026-09-27 22:06:44,013 [INFO] httpx: HTTP Request: GET https://data.binance.vision/data/futures/um/daily/metrics/BTCUSDT/BTCUSDT-metrics-2021-08-13.zip "HTTP/1.1 200 OK"
2026-09-27 22:06:44,813 [INFO] httpx: HTTP Request: GET https://data.binance.vision/data/futures/um/daily/metrics/BTCUSDT/BTCUSDT-metrics-2021-08-13.zip.CHECKSUM "HTTP/1.1 200 OK"
2026-09-27 22:06:45,613 [INFO] httpx: HTTP Request: GET https://data.binance.vision/data/futures/um/daily/metrics/BTCUSDT/BTCUSDT-metrics-2021-08-14.zip "HTTP/1.1 200 OK"
2026-09-27 22:06:46,388 [INFO] httpx: HTTP Request: GET https://data.binance.vision/data/futures/um/daily/metrics/BTCUSDT/BTCUSDT-metrics-2021-08-14.zip.CHECKSUM "HTTP/1.1 200 OK"
2026-09-27 22:06:47,156 [INFO] httpx: HTTP Request: GET https://data.binance.vision/data/futures/um/daily/metrics/BTCUSDT/BTCUSDT-metrics-2021-08-15.zip "HTTP/1.1 200 OK"
2026-09-27 22:06:47,920 [INFO] httpx: HTTP Request: GET https://data.binance.vision/data/futures/um/daily/metrics/BTCUSDT/BTCUSDT-metrics-2021-08-15.zip.CHECKSUM "HTTP/1.1 200 OK"
2026-09-27 22:06:48,707 [INFO] httpx: HTTP Request: GET https://data.binance.vision/data/futures/um/daily/metrics/BTCUSDT/BTCUSDT-metrics-2021-08-16.zip "HTTP/1.1 200 OK"
2026-09-27 22:06:49,475 [INFO] httpx: HTTP Request: GET https://data.binance.vision/data/futures/um/daily/metrics/BTCUSDT/BTCUSDT-metrics-2021-08-16.zip.CHECKSUM "HTTP/1.1 200 OK"
2026-09-27 22:06:50,241 [INFO] httpx: HTTP Request: GET https://data.binance.vision/data/futures/um/daily/metrics/BTCUSDT/BTCUSDT-metrics-2021-08-17.zip "HTTP/1.1 200 OK"
2026-09-27 22:06:51,008 [INFO] httpx: HTTP Request: GET https://data.binance.vision/data/futures/um/daily/metrics/BTCUSDT/BTCUSDT-metrics-2021-08-17.zip.CHECKSUM "HTTP/1.1 200 OK"
2026-09-27 22:06:51,782 [INFO] httpx: HTTP Request: GET https://data.binance.vision/data/futures/um/daily/metrics/BTCUSDT/BTCUSDT-metrics-2021-08-18.zip "HTTP/1.1 200 OK"
2026-09-27 22:06:52,540 [INFO] httpx: HTTP Request: GET https://data.binance.vision/data/futures/um/daily/metrics/BTCUSDT/BTCUSDT-metrics-2021-08-18.zip.CHECKSUM "HTTP/1.1 200 OK"
2026-09-27 22:06:53,326 [INFO] httpx: HTTP Request: GET https://data.binance.vision/data/futures/um/daily/metrics/BTCUSDT/BTCUSDT-metrics-2021-08-19.zip "HTTP/1.1 200 OK"
2026-09-27 22:06:54,104 [INFO] httpx: HTTP Request: GET https://data.binance.vision/data/futures/um/daily/metrics/BTCUSDT/BTCUSDT-metrics-2021-08-19.zip.CHECKSUM "HTTP/1.1 200 OK"
2026-09-27 22:06:54,901 [INFO] httpx: HTTP Request: GET https://data.binance.vision/data/futures/um/daily/metrics/BTCUSDT/BTCUSDT-metrics-2021-08-20.zip "HTTP/1.1 200 OK"
2026-09-27 22:06:55,658 [INFO] httpx: HTTP Request: GET https://data.binance.vision/data/futures/um/daily/metrics/BTCUSDT/BTCUSDT-metrics-2021-08-20.zip.CHECKSUM "HTTP/1.1 200 OK"
2026-09-27 22:06:56,450 [INFO] httpx: HTTP Request: GET https://data.binance.vision/data/futures/um/daily/metrics/BTCUSDT/BTCUSDT-metrics-2021-08-21.zip "HTTP/1.1 200 OK"
2026-09-27 22:06:57,219 [INFO] httpx: HTTP Request: GET https://data.binance.vision/data/futures/um/daily/metrics/BTCUSDT/BTCUSDT-metrics-2021-08-21.zip.CHECKSUM "HTTP/1.1 200 OK"
2026-09-27 22:06:58,011 [INFO] httpx: HTTP Request: GET https://data.binance.vision/data/futures/um/daily/metrics/BTCUSDT/BTCUSDT-metrics-2021-08-22.zip "HTTP/1.1 200 OK"
2026-09-27 22:06:58,785 [INFO] httpx: HTTP Request: GET https://data.binance.vision/data/futures/um/daily/metrics/BTCUSDT/BTCUSDT-metrics-2021-08-22.zip.CHECKSUM "HTTP/1.1 200 OK"
2026-09-27 22:06:59,568 [INFO] httpx: HTTP Request: GET https://data.binance.vision/data/futures/um/daily/metrics/BTCUSDT/BTCUSDT-metrics-2021-08-23.zip "HTTP/1.1 200 OK"
2026-09-27 22:07:00,337 [INFO] httpx: HTTP Request: GET https://data.binance.vision/data/futures/um/daily/metrics/BTCUSDT/BTCUSDT-metrics-2021-08-23.zip.CHECKSUM "HTTP/1.1 200 OK"
2026-09-27 22:07:01,150 [INFO] httpx: HTTP Request: GET https://data.binance.vision/data/futures/um/daily/metrics/BTCUSDT/BTCUSDT-metrics-2021-08-24.zip "HTTP/1.1 200 OK"
2026-09-27 22:07:01,927 [INFO] httpx: HTTP Request: GET https://data.binance.vision/data/futures/um/daily/metrics/BTCUSDT/BTCUSDT-metrics-2021-08-24.zip.CHECKSUM "HTTP/1.1 200 OK"
2026-09-27 22:07:02,721 [INFO] httpx: HTTP Request: GET https://data.binance.vision/data/futures/um/daily/metrics/BTCUSDT/BTCUSDT-metrics-2021-08-25.zip "HTTP/1.1 200 OK"
2026-09-27 22:07:05,266 [INFO] httpx: HTTP Request: GET https://data.binance.vision/data/futures/um/daily/metrics/BTCUSDT/BTCUSDT-metrics-2021-08-25.zip.CHECKSUM "HTTP/1.1 200 OK"
2026-09-27 22:07:06,048 [INFO] httpx: HTTP Request: GET https://data.binance.vision/data/futures/um/daily/metrics/BTCUSDT/BTCUSDT-metrics-2021-08-26.zip "HTTP/1.1 200 OK"
2026-09-27 22:07:06,826 [INFO] httpx: HTTP Request: GET https://data.binance.vision/data/futures/um/daily/metrics/BTCUSDT/BTCUSDT-metrics-2021-08-26.zip.CHECKSUM "HTTP/1.1 200 OK"
2026-09-27 22:07:07,612 [INFO] httpx: HTTP Request: GET https://data.binance.vision/data/futures/um/daily/metrics/BTCUSDT/BTCUSDT-metrics-2021-08-27.zip "HTTP/1.1 200 OK"
2026-09-27 22:07:08,380 [INFO] httpx: HTTP Request: GET https://data.binance.vision/data/futures/um/daily/metrics/BTCUSDT/BTCUSDT-metrics-2021-08-27.zip.CHECKSUM "HTTP/1.1 200 OK"
2026-09-27 22:07:09,154 [INFO] httpx: HTTP Request: GET https://data.binance.vision/data/futures/um/daily/metrics/BTCUSDT/BTCUSDT-metrics-2021-08-28.zip "HTTP/1.1 200 OK"
2026-09-27 22:07:09,913 [INFO] httpx: HTTP Request: GET https://data.binance.vision/data/futures/um/daily/metrics/BTCUSDT/BTCUSDT-metrics-2021-08-28.zip.CHECKSUM "HTTP/1.1 200 OK"
2026-09-27 22:07:10,700 [INFO] httpx: HTTP Request: GET https://data.binance.vision/data/futures/um/daily/metrics/BTCUSDT/BTCUSDT-metrics-2021-08-29.zip "HTTP/1.1 200 OK"
2026-09-27 22:07:11,475 [INFO] httpx: HTTP Request: GET https://data.binance.vision/data/futures/um/daily/metrics/BTCUSDT/BTCUSDT-metrics-2021-08-29.zip.CHECKSUM "HTTP/1.1 200 OK"
2026-09-27 22:07:12,256 [INFO] httpx: HTTP Request: GET https://data.binance.vision/data/futures/um/daily/metrics/BTCUSDT/BTCUSDT-metrics-2021-08-30.zip "HTTP/1.1 200 OK"
2026-09-27 22:07:13,025 [INFO] httpx: HTTP Request: GET https://data.binance.vision/data/futures/um/daily/metrics/BTCUSDT/BTCUSDT-metrics-2021-08-30.zip.CHECKSUM "HTTP/1.1 200 OK"
2026-09-27 22:07:13,810 [INFO] httpx: HTTP Request: GET https://data.binance.vision/data/futures/um/daily/metrics/BTCUSDT/BTCUSDT-metrics-2021-08-31.zip "HTTP/1.1 200 OK"
2026-09-27 22:07:14,569 [INFO] httpx: HTTP Request: GET https://data.binance.vision/data/futures/um/daily/metrics/BTCUSDT/BTCUSDT-metrics-2021-08-31.zip.CHECKSUM "HTTP/1.1 200 OK"
2026-09-27 22:07:15,370 [INFO] httpx: HTTP Request: GET https://data.binance.vision/data/futures/um/daily/metrics/BTCUSDT/BTCUSDT-metrics-2021-09-01.zip "HTTP/1.1 200 OK"
2026-09-27 22:07:16,137 [INFO] httpx: HTTP Request: GET https://data.binance.vision/data/futures/um/daily/metrics/BTCUSDT/BTCUSDT-metrics-2021-09-01.zip.CHECKSUM "HTTP/1.1 200 OK"
2026-09-27 22:07:16,928 [INFO] httpx: HTTP Request: GET https://data.binance.vision/data/futures/um/daily/metrics/BTCUSDT/BTCUSDT-metrics-2021-09-02.zip "HTTP/1.1 200 OK"
2026-09-27 22:07:17,691 [INFO] httpx: HTTP Request: GET https://data.binance.vision/data/futures/um/daily/metrics/BTCUSDT/BTCUSDT-metrics-2021-09-02.zip.CHECKSUM "HTTP/1.1 200 OK"
2026-09-27 22:07:18,422 [INFO] httpx: HTTP Request: GET https://data.binance.vision/data/futures/um/daily/metrics/BTCUSDT/BTCUSDT-metrics-2021-09-03.zip "HTTP/1.1 200 OK"
2026-09-27 22:07:19,173 [INFO] httpx: HTTP Request: GET https://data.binance.vision/data/futures/um/daily/metrics/BTCUSDT/BTCUSDT-metrics-2021-09-03.zip.CHECKSUM "HTTP/1.1 200 OK"
2026-09-27 22:07:19,991 [INFO] httpx: HTTP Request: GET https://data.binance.vision/data/futures/um/daily/metrics/BTCUSDT/BTCUSDT-metrics-2021-09-04.zip "HTTP/1.1 200 OK"
2026-09-27 22:07:20,760 [INFO] httpx: HTTP Request: GET https://data.binance.vision/data/futures/um/daily/metrics/BTCUSDT/BTCUSDT-metrics-2021-09-04.zip.CHECKSUM "HTTP/1.1 200 OK"
2026-09-27 22:07:21,524 [INFO] httpx: HTTP Request: GET https://data.binance.vision/data/futures/um/daily/metrics/BTCUSDT/BTCUSDT-metrics-2021-09-05.zip "HTTP/1.1 200 OK"
2026-09-27 22:07:22,279 [INFO] httpx: HTTP Request: GET https://data.binance.vision/data/futures/um/daily/metrics/BTCUSDT/BTCUSDT-metrics-2021-09-05.zip.CHECKSUM "HTTP/1.1 200 OK"
2026-09-27 22:07:23,039 [INFO] httpx: HTTP Request: GET https://data.binance.vision/data/futures/um/daily/metrics/BTCUSDT/BTCUSDT-metrics-2021-09-06.zip "HTTP/1.1 200 OK"
2026-09-27 22:07:23,787 [INFO] httpx: HTTP Request: GET https://data.binance.vision/data/futures/um/daily/metrics/BTCUSDT/BTCUSDT-metrics-2021-09-06.zip.CHECKSUM "HTTP/1.1 200 OK"
2026-09-27 22:07:24,573 [INFO] httpx: HTTP Request: GET https://data.binance.vision/data/futures/um/daily/metrics/BTCUSDT/BTCUSDT-metrics-2021-09-07.zip "HTTP/1.1 200 OK"
2026-09-27 22:07:25,353 [INFO] httpx: HTTP Request: GET https://data.binance.vision/data/futures/um/daily/metrics/BTCUSDT/BTCUSDT-metrics-2021-09-07.zip.CHECKSUM "HTTP/1.1 200 OK"
2026-09-27 22:07:26,140 [INFO] httpx: HTTP Request: GET https://data.binance.vision/data/futures/um/daily/metrics/BTCUSDT/BTCUSDT-metrics-2021-09-08.zip "HTTP/1.1 200 OK"
2026-09-27 22:07:26,907 [INFO] httpx: HTTP Request: GET https://data.binance.vision/data/futures/um/daily/metrics/BTCUSDT/BTCUSDT-metrics-2021-09-08.zip.CHECKSUM "HTTP/1.1 200 OK"
2026-09-27 22:07:27,703 [INFO] httpx: HTTP Request: GET https://data.binance.vision/data/futures/um/daily/metrics/BTCUSDT/BTCUSDT-metrics-2021-09-09.zip "HTTP/1.1 200 OK"
2026-09-27 22:07:28,489 [INFO] httpx: HTTP Request: GET https://data.binance.vision/data/futures/um/daily/metrics/BTCUSDT/BTCUSDT-metrics-2021-09-09.zip.CHECKSUM "HTTP/1.1 200 OK"
2026-09-27 22:07:29,283 [INFO] httpx: HTTP Request: GET https://data.binance.vision/data/futures/um/daily/metrics/BTCUSDT/BTCUSDT-metrics-2021-09-10.zip "HTTP/1.1 200 OK"
2026-09-27 22:07:30,049 [INFO] httpx: HTTP Request: GET https://data.binance.vision/data/futures/um/daily/metrics/BTCUSDT/BTCUSDT-metrics-2021-09-10.zip.CHECKSUM "HTTP/1.1 200 OK"
2026-09-27 22:07:30,848 [INFO] httpx: HTTP Request: GET https://data.binance.vision/data/futures/um/daily/metrics/BTCUSDT/BTCUSDT-metrics-2021-09-11.zip "HTTP/1.1 200 OK"
2026-09-27 22:07:31,620 [INFO] httpx: HTTP Request: GET https://data.binance.vision/data/futures/um/daily/metrics/BTCUSDT/BTCUSDT-metrics-2021-09-11.zip.CHECKSUM "HTTP/1.1 200 OK"
2026-09-27 22:07:32,401 [INFO] httpx: HTTP Request: GET https://data.binance.vision/data/futures/um/daily/metrics/BTCUSDT/BTCUSDT-metrics-2021-09-12.zip "HTTP/1.1 200 OK"
2026-09-27 22:07:32,682 [INFO] httpx: HTTP Request: GET https://data.binance.vision/data/futures/um/daily/metrics/BTCUSDT/BTCUSDT-metrics-2021-09-12.zip.CHECKSUM "HTTP/1.1 200 OK"
2026-09-27 22:07:33,483 [INFO] httpx: HTTP Request: GET https://data.binance.vision/data/futures/um/daily/metrics/BTCUSDT/BTCUSDT-metrics-2021-09-13.zip "HTTP/1.1 200 OK"
2026-09-27 22:07:34,254 [INFO] httpx: HTTP Request: GET https://data.binance.vision/data/futures/um/daily/metrics/BTCUSDT/BTCUSDT-metrics-2021-09-13.zip.CHECKSUM "HTTP/1.1 200 OK"
2026-09-27 22:07:34,560 [INFO] httpx: HTTP Request: GET https://data.binance.vision/data/futures/um/daily/metrics/BTCUSDT/BTCUSDT-metrics-2021-09-14.zip "HTTP/1.1 200 OK"
2026-09-27 22:07:35,334 [INFO] httpx: HTTP Request: GET https://data.binance.vision/data/futures/um/daily/metrics/BTCUSDT/BTCUSDT-metrics-2021-09-14.zip.CHECKSUM "HTTP/1.1 200 OK"
2026-09-27 22:07:36,145 [INFO] httpx: HTTP Request: GET https://data.binance.vision/data/futures/um/daily/metrics/BTCUSDT/BTCUSDT-metrics-2021-09-15.zip "HTTP/1.1 200 OK"
2026-09-27 22:07:36,911 [INFO] httpx: HTTP Request: GET https://data.binance.vision/data/futures/um/daily/metrics/BTCUSDT/BTCUSDT-metrics-2021-09-15.zip.CHECKSUM "HTTP/1.1 200 OK"
2026-09-27 22:07:39,516 [INFO] httpx: HTTP Request: GET https://data.binance.vision/data/futures/um/daily/metrics/BTCUSDT/BTCUSDT-metrics-2021-09-16.zip "HTTP/1.1 200 OK"
2026-09-27 22:07:40,286 [INFO] httpx: HTTP Request: GET https://data.binance.vision/data/futures/um/daily/metrics/BTCUSDT/BTCUSDT-metrics-2021-09-16.zip.CHECKSUM "HTTP/1.1 200 OK"
2026-09-27 22:07:41,092 [INFO] httpx: HTTP Request: GET https://data.binance.vision/data/futures/um/daily/metrics/BTCUSDT/BTCUSDT-metrics-2021-09-17.zip "HTTP/1.1 200 OK"
2026-09-27 22:07:41,385 [INFO] httpx: HTTP Request: GET https://data.binance.vision/data/futures/um/daily/metrics/BTCUSDT/BTCUSDT-metrics-2021-09-17.zip.CHECKSUM "HTTP/1.1 200 OK"
2026-09-27 22:07:42,190 [INFO] httpx: HTTP Request: GET https://data.binance.vision/data/futures/um/daily/metrics/BTCUSDT/BTCUSDT-metrics-2021-09-18.zip "HTTP/1.1 200 OK"
2026-09-27 22:07:42,979 [INFO] httpx: HTTP Request: GET https://data.binance.vision/data/futures/um/daily/metrics/BTCUSDT/BTCUSDT-metrics-2021-09-18.zip.CHECKSUM "HTTP/1.1 200 OK"
2026-09-27 22:07:43,769 [INFO] httpx: HTTP Request: GET https://data.binance.vision/data/futures/um/daily/metrics/BTCUSDT/BTCUSDT-metrics-2021-09-19.zip "HTTP/1.1 200 OK"
2026-09-27 22:07:44,537 [INFO] httpx: HTTP Request: GET https://data.binance.vision/data/futures/um/daily/metrics/BTCUSDT/BTCUSDT-metrics-2021-09-19.zip.CHECKSUM "HTTP/1.1 200 OK"
2026-09-27 22:07:44,841 [INFO] httpx: HTTP Request: GET https://data.binance.vision/data/futures/um/daily/metrics/BTCUSDT/BTCUSDT-metrics-2021-09-20.zip "HTTP/1.1 200 OK"
2026-09-27 22:07:45,614 [INFO] httpx: HTTP Request: GET https://data.binance.vision/data/futures/um/daily/metrics/BTCUSDT/BTCUSDT-metrics-2021-09-20.zip.CHECKSUM "HTTP/1.1 200 OK"
2026-09-27 22:07:46,403 [INFO] httpx: HTTP Request: GET https://data.binance.vision/data/futures/um/daily/metrics/BTCUSDT/BTCUSDT-metrics-2021-09-21.zip "HTTP/1.1 200 OK"
2026-09-27 22:07:47,168 [INFO] httpx: HTTP Request: GET https://data.binance.vision/data/futures/um/daily/metrics/BTCUSDT/BTCUSDT-metrics-2021-09-21.zip.CHECKSUM "HTTP/1.1 200 OK"
2026-09-27 22:07:47,960 [INFO] httpx: HTTP Request: GET https://data.binance.vision/data/futures/um/daily/metrics/BTCUSDT/BTCUSDT-metrics-2021-09-22.zip "HTTP/1.1 200 OK"
2026-09-27 22:07:48,761 [INFO] httpx: HTTP Request: GET https://data.binance.vision/data/futures/um/daily/metrics/BTCUSDT/BTCUSDT-metrics-2021-09-22.zip.CHECKSUM "HTTP/1.1 200 OK"
2026-09-27 22:07:49,191 [INFO] httpx: HTTP Request: GET https://data.binance.vision/data/futures/um/daily/metrics/BTCUSDT/BTCUSDT-metrics-2021-09-23.zip "HTTP/1.1 200 OK"
2026-09-27 22:07:49,961 [INFO] httpx: HTTP Request: GET https://data.binance.vision/data/futures/um/daily/metrics/BTCUSDT/BTCUSDT-metrics-2021-09-23.zip.CHECKSUM "HTTP/1.1 200 OK"
2026-09-27 22:07:50,835 [INFO] httpx: HTTP Request: GET https://data.binance.vision/data/futures/um/daily/metrics/BTCUSDT/BTCUSDT-metrics-2021-09-24.zip "HTTP/1.1 200 OK"
2026-09-27 22:07:51,621 [INFO] httpx: HTTP Request: GET https://data.binance.vision/data/futures/um/daily/metrics/BTCUSDT/BTCUSDT-metrics-2021-09-24.zip.CHECKSUM "HTTP/1.1 200 OK"
2026-09-27 22:07:52,404 [INFO] httpx: HTTP Request: GET https://data.binance.vision/data/futures/um/daily/metrics/BTCUSDT/BTCUSDT-metrics-2021-09-25.zip "HTTP/1.1 200 OK"
2026-09-27 22:07:53,166 [INFO] httpx: HTTP Request: GET https://data.binance.vision/data/futures/um/daily/metrics/BTCUSDT/BTCUSDT-metrics-2021-09-25.zip.CHECKSUM "HTTP/1.1 200 OK"
2026-09-27 22:07:53,953 [INFO] httpx: HTTP Request: GET https://data.binance.vision/data/futures/um/daily/metrics/BTCUSDT/BTCUSDT-metrics-2021-09-26.zip "HTTP/1.1 200 OK"
2026-09-27 22:07:54,728 [INFO] httpx: HTTP Request: GET https://data.binance.vision/data/futures/um/daily/metrics/BTCUSDT/BTCUSDT-metrics-2021-09-26.zip.CHECKSUM "HTTP/1.1 200 OK"
2026-09-27 22:07:55,513 [INFO] httpx: HTTP Request: GET https://data.binance.vision/data/futures/um/daily/metrics/BTCUSDT/BTCUSDT-metrics-2021-09-27.zip "HTTP/1.1 200 OK"
2026-09-27 22:07:56,279 [INFO] httpx: HTTP Request: GET https://data.binance.vision/data/futures/um/daily/metrics/BTCUSDT/BTCUSDT-metrics-2021-09-27.zip.CHECKSUM "HTTP/1.1 200 OK"
2026-09-27 22:07:57,060 [INFO] httpx: HTTP Request: GET https://data.binance.vision/data/futures/um/daily/metrics/BTCUSDT/BTCUSDT-metrics-2021-09-28.zip "HTTP/1.1 200 OK"
2026-09-27 22:07:57,816 [INFO] httpx: HTTP Request: GET https://data.binance.vision/data/futures/um/daily/metrics/BTCUSDT/BTCUSDT-metrics-2021-09-28.zip.CHECKSUM "HTTP/1.1 200 OK"
2026-09-27 22:07:58,594 [INFO] httpx: HTTP Request: GET https://data.binance.vision/data/futures/um/daily/metrics/BTCUSDT/BTCUSDT-metrics-2021-09-29.zip "HTTP/1.1 200 OK"
2026-09-27 22:07:59,374 [INFO] httpx: HTTP Request: GET https://data.binance.vision/data/futures/um/daily/metrics/BTCUSDT/BTCUSDT-metrics-2021-09-29.zip.CHECKSUM "HTTP/1.1 200 OK"
2026-09-27 22:08:00,160 [INFO] httpx: HTTP Request: GET https://data.binance.vision/data/futures/um/daily/metrics/BTCUSDT/BTCUSDT-metrics-2021-09-30.zip "HTTP/1.1 200 OK"
2026-09-27 22:08:00,925 [INFO] httpx: HTTP Request: GET https://data.binance.vision/data/futures/um/daily/metrics/BTCUSDT/BTCUSDT-metrics-2021-09-30.zip.CHECKSUM "HTTP/1.1 200 OK"
2026-09-27 22:08:01,718 [INFO] httpx: HTTP Request: GET https://data.binance.vision/data/futures/um/daily/metrics/BTCUSDT/BTCUSDT-metrics-2021-10-01.zip "HTTP/1.1 200 OK"
2026-09-27 22:08:02,492 [INFO] httpx: HTTP Request: GET https://data.binance.vision/data/futures/um/daily/metrics/BTCUSDT/BTCUSDT-metrics-2021-10-01.zip.CHECKSUM "HTTP/1.1 200 OK"
2026-09-27 22:08:03,267 [INFO] httpx: HTTP Request: GET https://data.binance.vision/data/futures/um/daily/metrics/BTCUSDT/BTCUSDT-metrics-2021-10-02.zip "HTTP/1.1 200 OK"
2026-09-27 22:08:04,044 [INFO] httpx: HTTP Request: GET https://data.binance.vision/data/futures/um/daily/metrics/BTCUSDT/BTCUSDT-metrics-2021-10-02.zip.CHECKSUM "HTTP/1.1 200 OK"
2026-09-27 22:08:04,810 [INFO] httpx: HTTP Request: GET https://data.binance.vision/data/futures/um/daily/metrics/BTCUSDT/BTCUSDT-metrics-2021-10-03.zip "HTTP/1.1 200 OK"
2026-09-27 22:08:05,576 [INFO] httpx: HTTP Request: GET https://data.binance.vision/data/futures/um/daily/metrics/BTCUSDT/BTCUSDT-metrics-2021-10-03.zip.CHECKSUM "HTTP/1.1 200 OK"
2026-09-27 22:08:06,352 [INFO] httpx: HTTP Request: GET https://data.binance.vision/data/futures/um/daily/metrics/BTCUSDT/BTCUSDT-metrics-2021-10-04.zip "HTTP/1.1 200 OK"
2026-09-27 22:08:07,127 [INFO] httpx: HTTP Request: GET https://data.binance.vision/data/futures/um/daily/metrics/BTCUSDT/BTCUSDT-metrics-2021-10-04.zip.CHECKSUM "HTTP/1.1 200 OK"
2026-09-27 22:08:07,428 [INFO] httpx: HTTP Request: GET https://data.binance.vision/data/futures/um/daily/metrics/BTCUSDT/BTCUSDT-metrics-2021-10-05.zip "HTTP/1.1 200 OK"
2026-09-27 22:08:08,228 [INFO] httpx: HTTP Request: GET https://data.binance.vision/data/futures/um/daily/metrics/BTCUSDT/BTCUSDT-metrics-2021-10-05.zip.CHECKSUM "HTTP/1.1 200 OK"
2026-09-27 22:08:09,028 [INFO] httpx: HTTP Request: GET https://data.binance.vision/data/futures/um/daily/metrics/BTCUSDT/BTCUSDT-metrics-2021-10-06.zip "HTTP/1.1 200 OK"
2026-09-27 22:08:09,811 [INFO] httpx: HTTP Request: GET https://data.binance.vision/data/futures/um/daily/metrics/BTCUSDT/BTCUSDT-metrics-2021-10-06.zip.CHECKSUM "HTTP/1.1 200 OK"
2026-09-27 22:08:10,608 [INFO] httpx: HTTP Request: GET https://data.binance.vision/data/futures/um/daily/metrics/BTCUSDT/BTCUSDT-metrics-2021-10-07.zip "HTTP/1.1 200 OK"
2026-09-27 22:08:11,378 [INFO] httpx: HTTP Request: GET https://data.binance.vision/data/futures/um/daily/metrics/BTCUSDT/BTCUSDT-metrics-2021-10-07.zip.CHECKSUM "HTTP/1.1 200 OK"
2026-09-27 22:08:13,875 [INFO] httpx: HTTP Request: GET https://data.binance.vision/data/futures/um/daily/metrics/BTCUSDT/BTCUSDT-metrics-2021-10-08.zip "HTTP/1.1 200 OK"
2026-09-27 22:08:14,656 [INFO] httpx: HTTP Request: GET https://data.binance.vision/data/futures/um/daily/metrics/BTCUSDT/BTCUSDT-metrics-2021-10-08.zip.CHECKSUM "HTTP/1.1 200 OK"
2026-09-27 22:08:15,455 [INFO] httpx: HTTP Request: GET https://data.binance.vision/data/futures/um/daily/metrics/BTCUSDT/BTCUSDT-metrics-2021-10-09.zip "HTTP/1.1 200 OK"
2026-09-27 22:08:15,748 [INFO] httpx: HTTP Request: GET https://data.binance.vision/data/futures/um/daily/metrics/BTCUSDT/BTCUSDT-metrics-2021-10-09.zip.CHECKSUM "HTTP/1.1 200 OK"
2026-09-27 22:08:16,549 [INFO] httpx: HTTP Request: GET https://data.binance.vision/data/futures/um/daily/metrics/BTCUSDT/BTCUSDT-metrics-2021-10-10.zip "HTTP/1.1 200 OK"
2026-09-27 22:08:17,334 [INFO] httpx: HTTP Request: GET https://data.binance.vision/data/futures/um/daily/metrics/BTCUSDT/BTCUSDT-metrics-2021-10-10.zip.CHECKSUM "HTTP/1.1 200 OK"
2026-09-27 22:08:18,147 [INFO] httpx: HTTP Request: GET https://data.binance.vision/data/futures/um/daily/metrics/BTCUSDT/BTCUSDT-metrics-2021-10-11.zip "HTTP/1.1 200 OK"
2026-09-27 22:08:18,919 [INFO] httpx: HTTP Request: GET https://data.binance.vision/data/futures/um/daily/metrics/BTCUSDT/BTCUSDT-metrics-2021-10-11.zip.CHECKSUM "HTTP/1.1 200 OK"
2026-09-27 22:08:19,747 [INFO] httpx: HTTP Request: GET https://data.binance.vision/data/futures/um/daily/metrics/BTCUSDT/BTCUSDT-metrics-2021-10-12.zip "HTTP/1.1 200 OK"
2026-09-27 22:08:20,027 [INFO] httpx: HTTP Request: GET https://data.binance.vision/data/futures/um/daily/metrics/BTCUSDT/BTCUSDT-metrics-2021-10-12.zip.CHECKSUM "HTTP/1.1 200 OK"
2026-09-27 22:08:20,846 [INFO] httpx: HTTP Request: GET https://data.binance.vision/data/futures/um/daily/metrics/BTCUSDT/BTCUSDT-metrics-2021-10-13.zip "HTTP/1.1 200 OK"
2026-09-27 22:08:21,614 [INFO] httpx: HTTP Request: GET https://data.binance.vision/data/futures/um/daily/metrics/BTCUSDT/BTCUSDT-metrics-2021-10-13.zip.CHECKSUM "HTTP/1.1 200 OK"
2026-09-27 22:08:22,398 [INFO] httpx: HTTP Request: GET https://data.binance.vision/data/futures/um/daily/metrics/BTCUSDT/BTCUSDT-metrics-2021-10-14.zip "HTTP/1.1 200 OK"
2026-09-27 22:08:23,164 [INFO] httpx: HTTP Request: GET https://data.binance.vision/data/futures/um/daily/metrics/BTCUSDT/BTCUSDT-metrics-2021-10-14.zip.CHECKSUM "HTTP/1.1 200 OK"
2026-09-27 22:08:23,934 [INFO] httpx: HTTP Request: GET https://data.binance.vision/data/futures/um/daily/metrics/BTCUSDT/BTCUSDT-metrics-2021-10-15.zip "HTTP/1.1 200 OK"
2026-09-27 22:08:24,695 [INFO] httpx: HTTP Request: GET https://data.binance.vision/data/futures/um/daily/metrics/BTCUSDT/BTCUSDT-metrics-2021-10-15.zip.CHECKSUM "HTTP/1.1 200 OK"
2026-09-27 22:08:25,469 [INFO] httpx: HTTP Request: GET https://data.binance.vision/data/futures/um/daily/metrics/BTCUSDT/BTCUSDT-metrics-2021-10-16.zip "HTTP/1.1 200 OK"
2026-09-27 22:08:25,742 [INFO] httpx: HTTP Request: GET https://data.binance.vision/data/futures/um/daily/metrics/BTCUSDT/BTCUSDT-metrics-2021-10-16.zip.CHECKSUM "HTTP/1.1 200 OK"
2026-09-27 22:08:26,522 [INFO] httpx: HTTP Request: GET https://data.binance.vision/data/futures/um/daily/metrics/BTCUSDT/BTCUSDT-metrics-2021-10-17.zip "HTTP/1.1 200 OK"
2026-09-27 22:08:27,277 [INFO] httpx: HTTP Request: GET https://data.binance.vision/data/futures/um/daily/metrics/BTCUSDT/BTCUSDT-metrics-2021-10-17.zip.CHECKSUM "HTTP/1.1 200 OK"
2026-09-27 22:08:28,051 [INFO] httpx: HTTP Request: GET https://data.binance.vision/data/futures/um/daily/metrics/BTCUSDT/BTCUSDT-metrics-2021-10-18.zip "HTTP/1.1 200 OK"
2026-09-27 22:08:28,825 [INFO] httpx: HTTP Request: GET https://data.binance.vision/data/futures/um/daily/metrics/BTCUSDT/BTCUSDT-metrics-2021-10-18.zip.CHECKSUM "HTTP/1.1 200 OK"
2026-09-27 22:08:29,625 [INFO] httpx: HTTP Request: GET https://data.binance.vision/data/futures/um/daily/metrics/BTCUSDT/BTCUSDT-metrics-2021-10-19.zip "HTTP/1.1 200 OK"
2026-09-27 22:08:30,407 [INFO] httpx: HTTP Request: GET https://data.binance.vision/data/futures/um/daily/metrics/BTCUSDT/BTCUSDT-metrics-2021-10-19.zip.CHECKSUM "HTTP/1.1 200 OK"
2026-09-27 22:08:31,179 [INFO] httpx: HTTP Request: GET https://data.binance.vision/data/futures/um/daily/metrics/BTCUSDT/BTCUSDT-metrics-2021-10-20.zip "HTTP/1.1 200 OK"
2026-09-27 22:08:31,940 [INFO] httpx: HTTP Request: GET https://data.binance.vision/data/futures/um/daily/metrics/BTCUSDT/BTCUSDT-metrics-2021-10-20.zip.CHECKSUM "HTTP/1.1 200 OK"
2026-09-27 22:08:32,731 [INFO] httpx: HTTP Request: GET https://data.binance.vision/data/futures/um/daily/metrics/BTCUSDT/BTCUSDT-metrics-2021-10-21.zip "HTTP/1.1 200 OK"
2026-09-27 22:08:33,503 [INFO] httpx: HTTP Request: GET https://data.binance.vision/data/futures/um/daily/metrics/BTCUSDT/BTCUSDT-metrics-2021-10-21.zip.CHECKSUM "HTTP/1.1 200 OK"
2026-09-27 22:08:33,804 [INFO] httpx: HTTP Request: GET https://data.binance.vision/data/futures/um/daily/metrics/BTCUSDT/BTCUSDT-metrics-2021-10-22.zip "HTTP/1.1 200 OK"
2026-09-27 22:08:34,585 [INFO] httpx: HTTP Request: GET https://data.binance.vision/data/futures/um/daily/metrics/BTCUSDT/BTCUSDT-metrics-2021-10-22.zip.CHECKSUM "HTTP/1.1 200 OK"
2026-09-27 22:08:35,366 [INFO] httpx: HTTP Request: GET https://data.binance.vision/data/futures/um/daily/metrics/BTCUSDT/BTCUSDT-metrics-2021-10-23.zip "HTTP/1.1 200 OK"
2026-09-27 22:08:36,129 [INFO] httpx: HTTP Request: GET https://data.binance.vision/data/futures/um/daily/metrics/BTCUSDT/BTCUSDT-metrics-2021-10-23.zip.CHECKSUM "HTTP/1.1 200 OK"
2026-09-27 22:08:36,907 [INFO] httpx: HTTP Request: GET https://data.binance.vision/data/futures/um/daily/metrics/BTCUSDT/BTCUSDT-metrics-2021-10-24.zip "HTTP/1.1 200 OK"
2026-09-27 22:08:37,676 [INFO] httpx: HTTP Request: GET https://data.binance.vision/data/futures/um/daily/metrics/BTCUSDT/BTCUSDT-metrics-2021-10-24.zip.CHECKSUM "HTTP/1.1 200 OK"
2026-09-27 22:08:38,462 [INFO] httpx: HTTP Request: GET https://data.binance.vision/data/futures/um/daily/metrics/BTCUSDT/BTCUSDT-metrics-2021-10-25.zip "HTTP/1.1 200 OK"
2026-09-27 22:08:39,245 [INFO] httpx: HTTP Request: GET https://data.binance.vision/data/futures/um/daily/metrics/BTCUSDT/BTCUSDT-metrics-2021-10-25.zip.CHECKSUM "HTTP/1.1 200 OK"
2026-09-27 22:08:40,042 [INFO] httpx: HTTP Request: GET https://data.binance.vision/data/futures/um/daily/metrics/BTCUSDT/BTCUSDT-metrics-2021-10-26.zip "HTTP/1.1 200 OK"
2026-09-27 22:08:40,824 [INFO] httpx: HTTP Request: GET https://data.binance.vision/data/futures/um/daily/metrics/BTCUSDT/BTCUSDT-metrics-2021-10-26.zip.CHECKSUM "HTTP/1.1 200 OK"
2026-09-27 22:08:41,629 [INFO] httpx: HTTP Request: GET https://data.binance.vision/data/futures/um/daily/metrics/BTCUSDT/BTCUSDT-metrics-2021-10-27.zip "HTTP/1.1 200 OK"
2026-09-27 22:08:42,403 [INFO] httpx: HTTP Request: GET https://data.binance.vision/data/futures/um/daily/metrics/BTCUSDT/BTCUSDT-metrics-2021-10-27.zip.CHECKSUM "HTTP/1.1 200 OK"
2026-09-27 22:08:43,201 [INFO] httpx: HTTP Request: GET https://data.binance.vision/data/futures/um/daily/metrics/BTCUSDT/BTCUSDT-metrics-2021-10-28.zip "HTTP/1.1 200 OK"
2026-09-27 22:08:43,964 [INFO] httpx: HTTP Request: GET https://data.binance.vision/data/futures/um/daily/metrics/BTCUSDT/BTCUSDT-metrics-2021-10-28.zip.CHECKSUM "HTTP/1.1 200 OK"
2026-09-27 22:08:44,261 [INFO] httpx: HTTP Request: GET https://data.binance.vision/data/futures/um/daily/metrics/BTCUSDT/BTCUSDT-metrics-2021-10-29.zip "HTTP/1.1 200 OK"
2026-09-27 22:08:45,038 [INFO] httpx: HTTP Request: GET https://data.binance.vision/data/futures/um/daily/metrics/BTCUSDT/BTCUSDT-metrics-2021-10-29.zip.CHECKSUM "HTTP/1.1 200 OK"
2026-09-27 22:08:47,613 [INFO] httpx: HTTP Request: GET https://data.binance.vision/data/futures/um/daily/metrics/BTCUSDT/BTCUSDT-metrics-2021-10-30.zip "HTTP/1.1 200 OK"
2026-09-27 22:08:48,387 [INFO] httpx: HTTP Request: GET https://data.binance.vision/data/futures/um/daily/metrics/BTCUSDT/BTCUSDT-metrics-2021-10-30.zip.CHECKSUM "HTTP/1.1 200 OK"
2026-09-27 22:08:49,188 [INFO] httpx: HTTP Request: GET https://data.binance.vision/data/futures/um/daily/metrics/BTCUSDT/BTCUSDT-metrics-2021-10-31.zip "HTTP/1.1 200 OK"
2026-09-27 22:08:49,955 [INFO] httpx: HTTP Request: GET https://data.binance.vision/data/futures/um/daily/metrics/BTCUSDT/BTCUSDT-metrics-2021-10-31.zip.CHECKSUM "HTTP/1.1 200 OK"
2026-09-27 22:08:50,735 [INFO] httpx: HTTP Request: GET https://data.binance.vision/data/futures/um/daily/metrics/BTCUSDT/BTCUSDT-metrics-2021-11-01.zip "HTTP/1.1 200 OK"
2026-09-27 22:08:51,498 [INFO] httpx: HTTP Request: GET https://data.binance.vision/data/futures/um/daily/metrics/BTCUSDT/BTCUSDT-metrics-2021-11-01.zip.CHECKSUM "HTTP/1.1 200 OK"
2026-09-27 22:08:52,295 [INFO] httpx: HTTP Request: GET https://data.binance.vision/data/futures/um/daily/metrics/BTCUSDT/BTCUSDT-metrics-2021-11-02.zip "HTTP/1.1 200 OK"
2026-09-27 22:08:53,078 [INFO] httpx: HTTP Request: GET https://data.binance.vision/data/futures/um/daily/metrics/BTCUSDT/BTCUSDT-metrics-2021-11-02.zip.CHECKSUM "HTTP/1.1 200 OK"
2026-09-27 22:08:53,863 [INFO] httpx: HTTP Request: GET https://data.binance.vision/data/futures/um/daily/metrics/BTCUSDT/BTCUSDT-metrics-2021-11-03.zip "HTTP/1.1 200 OK"
2026-09-27 22:08:54,654 [INFO] httpx: HTTP Request: GET https://data.binance.vision/data/futures/um/daily/metrics/BTCUSDT/BTCUSDT-metrics-2021-11-03.zip.CHECKSUM "HTTP/1.1 200 OK"
2026-09-27 22:08:55,427 [INFO] httpx: HTTP Request: GET https://data.binance.vision/data/futures/um/daily/metrics/BTCUSDT/BTCUSDT-metrics-2021-11-04.zip "HTTP/1.1 200 OK"
2026-09-27 22:08:56,207 [INFO] httpx: HTTP Request: GET https://data.binance.vision/data/futures/um/daily/metrics/BTCUSDT/BTCUSDT-metrics-2021-11-04.zip.CHECKSUM "HTTP/1.1 200 OK"
2026-09-27 22:08:57,005 [INFO] httpx: HTTP Request: GET https://data.binance.vision/data/futures/um/daily/metrics/BTCUSDT/BTCUSDT-metrics-2021-11-05.zip "HTTP/1.1 200 OK"
2026-09-27 22:08:57,771 [INFO] httpx: HTTP Request: GET https://data.binance.vision/data/futures/um/daily/metrics/BTCUSDT/BTCUSDT-metrics-2021-11-05.zip.CHECKSUM "HTTP/1.1 200 OK"
2026-09-27 22:08:58,555 [INFO] httpx: HTTP Request: GET https://data.binance.vision/data/futures/um/daily/metrics/BTCUSDT/BTCUSDT-metrics-2021-11-06.zip "HTTP/1.1 200 OK"
2026-09-27 22:08:59,310 [INFO] httpx: HTTP Request: GET https://data.binance.vision/data/futures/um/daily/metrics/BTCUSDT/BTCUSDT-metrics-2021-11-06.zip.CHECKSUM "HTTP/1.1 200 OK"
2026-09-27 22:09:00,078 [INFO] httpx: HTTP Request: GET https://data.binance.vision/data/futures/um/daily/metrics/BTCUSDT/BTCUSDT-metrics-2021-11-07.zip "HTTP/1.1 200 OK"
2026-09-27 22:09:00,840 [INFO] httpx: HTTP Request: GET https://data.binance.vision/data/futures/um/daily/metrics/BTCUSDT/BTCUSDT-metrics-2021-11-07.zip.CHECKSUM "HTTP/1.1 200 OK"
2026-09-27 22:09:01,631 [INFO] httpx: HTTP Request: GET https://data.binance.vision/data/futures/um/daily/metrics/BTCUSDT/BTCUSDT-metrics-2021-11-08.zip "HTTP/1.1 200 OK"
2026-09-27 22:09:02,399 [INFO] httpx: HTTP Request: GET https://data.binance.vision/data/futures/um/daily/metrics/BTCUSDT/BTCUSDT-metrics-2021-11-08.zip.CHECKSUM "HTTP/1.1 200 OK"
2026-09-27 22:09:03,180 [INFO] httpx: HTTP Request: GET https://data.binance.vision/data/futures/um/daily/metrics/BTCUSDT/BTCUSDT-metrics-2021-11-09.zip "HTTP/1.1 200 OK"
2026-09-27 22:09:03,947 [INFO] httpx: HTTP Request: GET https://data.binance.vision/data/futures/um/daily/metrics/BTCUSDT/BTCUSDT-metrics-2021-11-09.zip.CHECKSUM "HTTP/1.1 200 OK"
2026-09-27 22:09:04,724 [INFO] httpx: HTTP Request: GET https://data.binance.vision/data/futures/um/daily/metrics/BTCUSDT/BTCUSDT-metrics-2021-11-10.zip "HTTP/1.1 200 OK"
2026-09-27 22:09:05,483 [INFO] httpx: HTTP Request: GET https://data.binance.vision/data/futures/um/daily/metrics/BTCUSDT/BTCUSDT-metrics-2021-11-10.zip.CHECKSUM "HTTP/1.1 200 OK"
2026-09-27 22:09:06,261 [INFO] httpx: HTTP Request: GET https://data.binance.vision/data/futures/um/daily/metrics/BTCUSDT/BTCUSDT-metrics-2021-11-11.zip "HTTP/1.1 200 OK"
2026-09-27 22:09:07,031 [INFO] httpx: HTTP Request: GET https://data.binance.vision/data/futures/um/daily/metrics/BTCUSDT/BTCUSDT-metrics-2021-11-11.zip.CHECKSUM "HTTP/1.1 200 OK"
2026-09-27 22:09:07,805 [INFO] httpx: HTTP Request: GET https://data.binance.vision/data/futures/um/daily/metrics/BTCUSDT/BTCUSDT-metrics-2021-11-12.zip "HTTP/1.1 200 OK"
2026-09-27 22:09:08,578 [INFO] httpx: HTTP Request: GET https://data.binance.vision/data/futures/um/daily/metrics/BTCUSDT/BTCUSDT-metrics-2021-11-12.zip.CHECKSUM "HTTP/1.1 200 OK"
2026-09-27 22:09:09,358 [INFO] httpx: HTTP Request: GET https://data.binance.vision/data/futures/um/daily/metrics/BTCUSDT/BTCUSDT-metrics-2021-11-13.zip "HTTP/1.1 200 OK"
2026-09-27 22:09:10,152 [INFO] httpx: HTTP Request: GET https://data.binance.vision/data/futures/um/daily/metrics/BTCUSDT/BTCUSDT-metrics-2021-11-13.zip.CHECKSUM "HTTP/1.1 200 OK"
2026-09-27 22:09:10,927 [INFO] httpx: HTTP Request: GET https://data.binance.vision/data/futures/um/daily/metrics/BTCUSDT/BTCUSDT-metrics-2021-11-14.zip "HTTP/1.1 200 OK"
2026-09-27 22:09:11,695 [INFO] httpx: HTTP Request: GET https://data.binance.vision/data/futures/um/daily/metrics/BTCUSDT/BTCUSDT-metrics-2021-11-14.zip.CHECKSUM "HTTP/1.1 200 OK"
2026-09-27 22:09:11,996 [INFO] httpx: HTTP Request: GET https://data.binance.vision/data/futures/um/daily/metrics/BTCUSDT/BTCUSDT-metrics-2021-11-15.zip "HTTP/1.1 200 OK"
2026-09-27 22:09:12,776 [INFO] httpx: HTTP Request: GET https://data.binance.vision/data/futures/um/daily/metrics/BTCUSDT/BTCUSDT-metrics-2021-11-15.zip.CHECKSUM "HTTP/1.1 200 OK"
2026-09-27 22:09:13,570 [INFO] httpx: HTTP Request: GET https://data.binance.vision/data/futures/um/daily/metrics/BTCUSDT/BTCUSDT-metrics-2021-11-16.zip "HTTP/1.1 200 OK"
2026-09-27 22:09:14,343 [INFO] httpx: HTTP Request: GET https://data.binance.vision/data/futures/um/daily/metrics/BTCUSDT/BTCUSDT-metrics-2021-11-16.zip.CHECKSUM "HTTP/1.1 200 OK"
2026-09-27 22:09:15,119 [INFO] httpx: HTTP Request: GET https://data.binance.vision/data/futures/um/daily/metrics/BTCUSDT/BTCUSDT-metrics-2021-11-17.zip "HTTP/1.1 200 OK"
2026-09-27 22:09:15,884 [INFO] httpx: HTTP Request: GET https://data.binance.vision/data/futures/um/daily/metrics/BTCUSDT/BTCUSDT-metrics-2021-11-17.zip.CHECKSUM "HTTP/1.1 200 OK"
2026-09-27 22:09:16,682 [INFO] httpx: HTTP Request: GET https://data.binance.vision/data/futures/um/daily/metrics/BTCUSDT/BTCUSDT-metrics-2021-11-18.zip "HTTP/1.1 200 OK"
2026-09-27 22:09:17,446 [INFO] httpx: HTTP Request: GET https://data.binance.vision/data/futures/um/daily/metrics/BTCUSDT/BTCUSDT-metrics-2021-11-18.zip.CHECKSUM "HTTP/1.1 200 OK"
2026-09-27 22:09:18,227 [INFO] httpx: HTTP Request: GET https://data.binance.vision/data/futures/um/daily/metrics/BTCUSDT/BTCUSDT-metrics-2021-11-19.zip "HTTP/1.1 200 OK"
2026-09-27 22:09:19,001 [INFO] httpx: HTTP Request: GET https://data.binance.vision/data/futures/um/daily/metrics/BTCUSDT/BTCUSDT-metrics-2021-11-19.zip.CHECKSUM "HTTP/1.1 200 OK"
2026-09-27 22:09:21,555 [INFO] httpx: HTTP Request: GET https://data.binance.vision/data/futures/um/daily/metrics/BTCUSDT/BTCUSDT-metrics-2021-11-20.zip "HTTP/1.1 200 OK"
2026-09-27 22:09:22,338 [INFO] httpx: HTTP Request: GET https://data.binance.vision/data/futures/um/daily/metrics/BTCUSDT/BTCUSDT-metrics-2021-11-20.zip.CHECKSUM "HTTP/1.1 200 OK"
2026-09-27 22:09:23,113 [INFO] httpx: HTTP Request: GET https://data.binance.vision/data/futures/um/daily/metrics/BTCUSDT/BTCUSDT-metrics-2021-11-21.zip "HTTP/1.1 200 OK"
2026-09-27 22:09:23,877 [INFO] httpx: HTTP Request: GET https://data.binance.vision/data/futures/um/daily/metrics/BTCUSDT/BTCUSDT-metrics-2021-11-21.zip.CHECKSUM "HTTP/1.1 200 OK"
2026-09-27 22:09:24,649 [INFO] httpx: HTTP Request: GET https://data.binance.vision/data/futures/um/daily/metrics/BTCUSDT/BTCUSDT-metrics-2021-11-22.zip "HTTP/1.1 200 OK"
2026-09-27 22:09:25,418 [INFO] httpx: HTTP Request: GET https://data.binance.vision/data/futures/um/daily/metrics/BTCUSDT/BTCUSDT-metrics-2021-11-22.zip.CHECKSUM "HTTP/1.1 200 OK"
2026-09-27 22:09:26,212 [INFO] httpx: HTTP Request: GET https://data.binance.vision/data/futures/um/daily/metrics/BTCUSDT/BTCUSDT-metrics-2021-11-23.zip "HTTP/1.1 200 OK"
2026-09-27 22:09:26,495 [INFO] httpx: HTTP Request: GET https://data.binance.vision/data/futures/um/daily/metrics/BTCUSDT/BTCUSDT-metrics-2021-11-23.zip.CHECKSUM "HTTP/1.1 200 OK"
2026-09-27 22:09:27,280 [INFO] httpx: HTTP Request: GET https://data.binance.vision/data/futures/um/daily/metrics/BTCUSDT/BTCUSDT-metrics-2021-11-24.zip "HTTP/1.1 200 OK"
2026-09-27 22:09:28,048 [INFO] httpx: HTTP Request: GET https://data.binance.vision/data/futures/um/daily/metrics/BTCUSDT/BTCUSDT-metrics-2021-11-24.zip.CHECKSUM "HTTP/1.1 200 OK"
2026-09-27 22:09:28,861 [INFO] httpx: HTTP Request: GET https://data.binance.vision/data/futures/um/daily/metrics/BTCUSDT/BTCUSDT-metrics-2021-11-25.zip "HTTP/1.1 200 OK"
2026-09-27 22:09:29,625 [INFO] httpx: HTTP Request: GET https://data.binance.vision/data/futures/um/daily/metrics/BTCUSDT/BTCUSDT-metrics-2021-11-25.zip.CHECKSUM "HTTP/1.1 200 OK"
2026-09-27 22:09:30,414 [INFO] httpx: HTTP Request: GET https://data.binance.vision/data/futures/um/daily/metrics/BTCUSDT/BTCUSDT-metrics-2021-11-26.zip "HTTP/1.1 200 OK"
2026-09-27 22:09:30,695 [INFO] httpx: HTTP Request: GET https://data.binance.vision/data/futures/um/daily/metrics/BTCUSDT/BTCUSDT-metrics-2021-11-26.zip.CHECKSUM "HTTP/1.1 200 OK"
2026-09-27 22:09:30,989 [INFO] httpx: HTTP Request: GET https://data.binance.vision/data/futures/um/daily/metrics/BTCUSDT/BTCUSDT-metrics-2021-11-27.zip "HTTP/1.1 200 OK"
2026-09-27 22:09:31,767 [INFO] httpx: HTTP Request: GET https://data.binance.vision/data/futures/um/daily/metrics/BTCUSDT/BTCUSDT-metrics-2021-11-27.zip.CHECKSUM "HTTP/1.1 200 OK"
2026-09-27 22:09:32,548 [INFO] httpx: HTTP Request: GET https://data.binance.vision/data/futures/um/daily/metrics/BTCUSDT/BTCUSDT-metrics-2021-11-28.zip "HTTP/1.1 200 OK"
2026-09-27 22:09:33,302 [INFO] httpx: HTTP Request: GET https://data.binance.vision/data/futures/um/daily/metrics/BTCUSDT/BTCUSDT-metrics-2021-11-28.zip.CHECKSUM "HTTP/1.1 200 OK"
2026-09-27 22:09:34,094 [INFO] httpx: HTTP Request: GET https://data.binance.vision/data/futures/um/daily/metrics/BTCUSDT/BTCUSDT-metrics-2021-11-29.zip "HTTP/1.1 200 OK"
2026-09-27 22:09:34,852 [INFO] httpx: HTTP Request: GET https://data.binance.vision/data/futures/um/daily/metrics/BTCUSDT/BTCUSDT-metrics-2021-11-29.zip.CHECKSUM "HTTP/1.1 200 OK"
2026-09-27 22:09:36,015 [INFO] httpx: HTTP Request: GET https://data.binance.vision/data/futures/um/daily/metrics/BTCUSDT/BTCUSDT-metrics-2021-11-30.zip "HTTP/1.1 200 OK"
2026-09-27 22:09:36,780 [INFO] httpx: HTTP Request: GET https://data.binance.vision/data/futures/um/daily/metrics/BTCUSDT/BTCUSDT-metrics-2021-11-30.zip.CHECKSUM "HTTP/1.1 200 OK"
2026-09-27 22:09:37,570 [INFO] httpx: HTTP Request: GET https://data.binance.vision/data/futures/um/daily/metrics/BTCUSDT/BTCUSDT-metrics-2021-12-01.zip "HTTP/1.1 200 OK"
2026-09-27 22:09:38,348 [INFO] httpx: HTTP Request: GET https://data.binance.vision/data/futures/um/daily/metrics/BTCUSDT/BTCUSDT-metrics-2021-12-01.zip.CHECKSUM "HTTP/1.1 200 OK"
2026-09-27 22:09:39,145 [INFO] httpx: HTTP Request: GET https://data.binance.vision/data/futures/um/daily/metrics/BTCUSDT/BTCUSDT-metrics-2021-12-02.zip "HTTP/1.1 200 OK"
2026-09-27 22:09:39,424 [INFO] httpx: HTTP Request: GET https://data.binance.vision/data/futures/um/daily/metrics/BTCUSDT/BTCUSDT-metrics-2021-12-02.zip.CHECKSUM "HTTP/1.1 200 OK"
2026-09-27 22:09:40,225 [INFO] httpx: HTTP Request: GET https://data.binance.vision/data/futures/um/daily/metrics/BTCUSDT/BTCUSDT-metrics-2021-12-03.zip "HTTP/1.1 200 OK"
2026-09-27 22:09:40,987 [INFO] httpx: HTTP Request: GET https://data.binance.vision/data/futures/um/daily/metrics/BTCUSDT/BTCUSDT-metrics-2021-12-03.zip.CHECKSUM "HTTP/1.1 200 OK"
2026-09-27 22:09:41,773 [INFO] httpx: HTTP Request: GET https://data.binance.vision/data/futures/um/daily/metrics/BTCUSDT/BTCUSDT-metrics-2021-12-04.zip "HTTP/1.1 200 OK"
2026-09-27 22:09:42,558 [INFO] httpx: HTTP Request: GET https://data.binance.vision/data/futures/um/daily/metrics/BTCUSDT/BTCUSDT-metrics-2021-12-04.zip.CHECKSUM "HTTP/1.1 200 OK"
2026-09-27 22:09:43,350 [INFO] httpx: HTTP Request: GET https://data.binance.vision/data/futures/um/daily/metrics/BTCUSDT/BTCUSDT-metrics-2021-12-05.zip "HTTP/1.1 200 OK"
2026-09-27 22:09:44,112 [INFO] httpx: HTTP Request: GET https://data.binance.vision/data/futures/um/daily/metrics/BTCUSDT/BTCUSDT-metrics-2021-12-05.zip.CHECKSUM "HTTP/1.1 200 OK"
2026-09-27 22:09:44,906 [INFO] httpx: HTTP Request: GET https://data.binance.vision/data/futures/um/daily/metrics/BTCUSDT/BTCUSDT-metrics-2021-12-06.zip "HTTP/1.1 200 OK"
2026-09-27 22:09:45,681 [INFO] httpx: HTTP Request: GET https://data.binance.vision/data/futures/um/daily/metrics/BTCUSDT/BTCUSDT-metrics-2021-12-06.zip.CHECKSUM "HTTP/1.1 200 OK"
2026-09-27 22:09:46,469 [INFO] httpx: HTTP Request: GET https://data.binance.vision/data/futures/um/daily/metrics/BTCUSDT/BTCUSDT-metrics-2021-12-07.zip "HTTP/1.1 200 OK"
2026-09-27 22:09:47,239 [INFO] httpx: HTTP Request: GET https://data.binance.vision/data/futures/um/daily/metrics/BTCUSDT/BTCUSDT-metrics-2021-12-07.zip.CHECKSUM "HTTP/1.1 200 OK"
2026-09-27 22:09:48,044 [INFO] httpx: HTTP Request: GET https://data.binance.vision/data/futures/um/daily/metrics/BTCUSDT/BTCUSDT-metrics-2021-12-08.zip "HTTP/1.1 200 OK"
2026-09-27 22:09:48,825 [INFO] httpx: HTTP Request: GET https://data.binance.vision/data/futures/um/daily/metrics/BTCUSDT/BTCUSDT-metrics-2021-12-08.zip.CHECKSUM "HTTP/1.1 200 OK"
2026-09-27 22:09:49,619 [INFO] httpx: HTTP Request: GET https://data.binance.vision/data/futures/um/daily/metrics/BTCUSDT/BTCUSDT-metrics-2021-12-09.zip "HTTP/1.1 200 OK"
2026-09-27 22:09:49,904 [INFO] httpx: HTTP Request: GET https://data.binance.vision/data/futures/um/daily/metrics/BTCUSDT/BTCUSDT-metrics-2021-12-09.zip.CHECKSUM "HTTP/1.1 200 OK"
2026-09-27 22:09:50,701 [INFO] httpx: HTTP Request: GET https://data.binance.vision/data/futures/um/daily/metrics/BTCUSDT/BTCUSDT-metrics-2021-12-10.zip "HTTP/1.1 200 OK"
2026-09-27 22:09:51,485 [INFO] httpx: HTTP Request: GET https://data.binance.vision/data/futures/um/daily/metrics/BTCUSDT/BTCUSDT-metrics-2021-12-10.zip.CHECKSUM "HTTP/1.1 200 OK"
2026-09-27 22:09:52,306 [INFO] httpx: HTTP Request: GET https://data.binance.vision/data/futures/um/daily/metrics/BTCUSDT/BTCUSDT-metrics-2021-12-11.zip "HTTP/1.1 200 OK"
2026-09-27 22:09:53,085 [INFO] httpx: HTTP Request: GET https://data.binance.vision/data/futures/um/daily/metrics/BTCUSDT/BTCUSDT-metrics-2021-12-11.zip.CHECKSUM "HTTP/1.1 200 OK"
2026-09-27 22:09:55,624 [INFO] httpx: HTTP Request: GET https://data.binance.vision/data/futures/um/daily/metrics/BTCUSDT/BTCUSDT-metrics-2021-12-12.zip "HTTP/1.1 200 OK"
2026-09-27 22:09:56,403 [INFO] httpx: HTTP Request: GET https://data.binance.vision/data/futures/um/daily/metrics/BTCUSDT/BTCUSDT-metrics-2021-12-12.zip.CHECKSUM "HTTP/1.1 200 OK"
2026-09-27 22:09:57,202 [INFO] httpx: HTTP Request: GET https://data.binance.vision/data/futures/um/daily/metrics/BTCUSDT/BTCUSDT-metrics-2021-12-13.zip "HTTP/1.1 200 OK"
2026-09-27 22:09:57,969 [INFO] httpx: HTTP Request: GET https://data.binance.vision/data/futures/um/daily/metrics/BTCUSDT/BTCUSDT-metrics-2021-12-13.zip.CHECKSUM "HTTP/1.1 200 OK"
2026-09-27 22:09:58,759 [INFO] httpx: HTTP Request: GET https://data.binance.vision/data/futures/um/daily/metrics/BTCUSDT/BTCUSDT-metrics-2021-12-14.zip "HTTP/1.1 200 OK"
2026-09-27 22:09:59,515 [INFO] httpx: HTTP Request: GET https://data.binance.vision/data/futures/um/daily/metrics/BTCUSDT/BTCUSDT-metrics-2021-12-14.zip.CHECKSUM "HTTP/1.1 200 OK"
2026-09-27 22:10:00,331 [INFO] httpx: HTTP Request: GET https://data.binance.vision/data/futures/um/daily/metrics/BTCUSDT/BTCUSDT-metrics-2021-12-15.zip "HTTP/1.1 200 OK"
2026-09-27 22:10:01,104 [INFO] httpx: HTTP Request: GET https://data.binance.vision/data/futures/um/daily/metrics/BTCUSDT/BTCUSDT-metrics-2021-12-15.zip.CHECKSUM "HTTP/1.1 200 OK"
2026-09-27 22:10:01,905 [INFO] httpx: HTTP Request: GET https://data.binance.vision/data/futures/um/daily/metrics/BTCUSDT/BTCUSDT-metrics-2021-12-16.zip "HTTP/1.1 200 OK"
2026-09-27 22:10:02,678 [INFO] httpx: HTTP Request: GET https://data.binance.vision/data/futures/um/daily/metrics/BTCUSDT/BTCUSDT-metrics-2021-12-16.zip.CHECKSUM "HTTP/1.1 200 OK"
2026-09-27 22:10:03,461 [INFO] httpx: HTTP Request: GET https://data.binance.vision/data/futures/um/daily/metrics/BTCUSDT/BTCUSDT-metrics-2021-12-17.zip "HTTP/1.1 200 OK"
2026-09-27 22:10:04,232 [INFO] httpx: HTTP Request: GET https://data.binance.vision/data/futures/um/daily/metrics/BTCUSDT/BTCUSDT-metrics-2021-12-17.zip.CHECKSUM "HTTP/1.1 200 OK"
2026-09-27 22:10:05,020 [INFO] httpx: HTTP Request: GET https://data.binance.vision/data/futures/um/daily/metrics/BTCUSDT/BTCUSDT-metrics-2021-12-18.zip "HTTP/1.1 200 OK"
2026-09-27 22:10:05,785 [INFO] httpx: HTTP Request: GET https://data.binance.vision/data/futures/um/daily/metrics/BTCUSDT/BTCUSDT-metrics-2021-12-18.zip.CHECKSUM "HTTP/1.1 200 OK"
2026-09-27 22:10:06,582 [INFO] httpx: HTTP Request: GET https://data.binance.vision/data/futures/um/daily/metrics/BTCUSDT/BTCUSDT-metrics-2021-12-19.zip "HTTP/1.1 200 OK"
2026-09-27 22:10:07,348 [INFO] httpx: HTTP Request: GET https://data.binance.vision/data/futures/um/daily/metrics/BTCUSDT/BTCUSDT-metrics-2021-12-19.zip.CHECKSUM "HTTP/1.1 200 OK"
2026-09-27 22:10:08,231 [INFO] httpx: HTTP Request: GET https://data.binance.vision/data/futures/um/daily/metrics/BTCUSDT/BTCUSDT-metrics-2021-12-20.zip "HTTP/1.1 200 OK"
2026-09-27 22:10:09,005 [INFO] httpx: HTTP Request: GET https://data.binance.vision/data/futures/um/daily/metrics/BTCUSDT/BTCUSDT-metrics-2021-12-20.zip.CHECKSUM "HTTP/1.1 200 OK"
2026-09-27 22:10:09,798 [INFO] httpx: HTTP Request: GET https://data.binance.vision/data/futures/um/daily/metrics/BTCUSDT/BTCUSDT-metrics-2021-12-21.zip "HTTP/1.1 200 OK"
2026-09-27 22:10:10,558 [INFO] httpx: HTTP Request: GET https://data.binance.vision/data/futures/um/daily/metrics/BTCUSDT/BTCUSDT-metrics-2021-12-21.zip.CHECKSUM "HTTP/1.1 200 OK"
2026-09-27 22:10:11,338 [INFO] httpx: HTTP Request: GET https://data.binance.vision/data/futures/um/daily/metrics/BTCUSDT/BTCUSDT-metrics-2021-12-22.zip "HTTP/1.1 200 OK"
2026-09-27 22:10:12,105 [INFO] httpx: HTTP Request: GET https://data.binance.vision/data/futures/um/daily/metrics/BTCUSDT/BTCUSDT-metrics-2021-12-22.zip.CHECKSUM "HTTP/1.1 200 OK"
2026-09-27 22:10:12,885 [INFO] httpx: HTTP Request: GET https://data.binance.vision/data/futures/um/daily/metrics/BTCUSDT/BTCUSDT-metrics-2021-12-23.zip "HTTP/1.1 200 OK"
2026-09-27 22:10:13,650 [INFO] httpx: HTTP Request: GET https://data.binance.vision/data/futures/um/daily/metrics/BTCUSDT/BTCUSDT-metrics-2021-12-23.zip.CHECKSUM "HTTP/1.1 200 OK"
2026-09-27 22:10:14,442 [INFO] httpx: HTTP Request: GET https://data.binance.vision/data/futures/um/daily/metrics/BTCUSDT/BTCUSDT-metrics-2021-12-24.zip "HTTP/1.1 200 OK"
2026-09-27 22:10:14,719 [INFO] httpx: HTTP Request: GET https://data.binance.vision/data/futures/um/daily/metrics/BTCUSDT/BTCUSDT-metrics-2021-12-24.zip.CHECKSUM "HTTP/1.1 200 OK"
2026-09-27 22:10:15,548 [INFO] httpx: HTTP Request: GET https://data.binance.vision/data/futures/um/daily/metrics/BTCUSDT/BTCUSDT-metrics-2021-12-25.zip "HTTP/1.1 200 OK"
2026-09-27 22:10:16,310 [INFO] httpx: HTTP Request: GET https://data.binance.vision/data/futures/um/daily/metrics/BTCUSDT/BTCUSDT-metrics-2021-12-25.zip.CHECKSUM "HTTP/1.1 200 OK"
2026-09-27 22:10:17,090 [INFO] httpx: HTTP Request: GET https://data.binance.vision/data/futures/um/daily/metrics/BTCUSDT/BTCUSDT-metrics-2021-12-26.zip "HTTP/1.1 200 OK"
2026-09-27 22:10:17,846 [INFO] httpx: HTTP Request: GET https://data.binance.vision/data/futures/um/daily/metrics/BTCUSDT/BTCUSDT-metrics-2021-12-26.zip.CHECKSUM "HTTP/1.1 200 OK"
2026-09-27 22:10:18,137 [INFO] httpx: HTTP Request: GET https://data.binance.vision/data/futures/um/daily/metrics/BTCUSDT/BTCUSDT-metrics-2021-12-27.zip "HTTP/1.1 200 OK"
2026-09-27 22:10:18,915 [INFO] httpx: HTTP Request: GET https://data.binance.vision/data/futures/um/daily/metrics/BTCUSDT/BTCUSDT-metrics-2021-12-27.zip.CHECKSUM "HTTP/1.1 200 OK"
2026-09-27 22:10:19,704 [INFO] httpx: HTTP Request: GET https://data.binance.vision/data/futures/um/daily/metrics/BTCUSDT/BTCUSDT-metrics-2021-12-28.zip "HTTP/1.1 200 OK"
2026-09-27 22:10:20,474 [INFO] httpx: HTTP Request: GET https://data.binance.vision/data/futures/um/daily/metrics/BTCUSDT/BTCUSDT-metrics-2021-12-28.zip.CHECKSUM "HTTP/1.1 200 OK"
2026-09-27 22:10:21,262 [INFO] httpx: HTTP Request: GET https://data.binance.vision/data/futures/um/daily/metrics/BTCUSDT/BTCUSDT-metrics-2021-12-29.zip "HTTP/1.1 200 OK"
2026-09-27 22:10:22,024 [INFO] httpx: HTTP Request: GET https://data.binance.vision/data/futures/um/daily/metrics/BTCUSDT/BTCUSDT-metrics-2021-12-29.zip.CHECKSUM "HTTP/1.1 200 OK"
2026-09-27 22:10:22,797 [INFO] httpx: HTTP Request: GET https://data.binance.vision/data/futures/um/daily/metrics/BTCUSDT/BTCUSDT-metrics-2021-12-30.zip "HTTP/1.1 200 OK"
2026-09-27 22:10:23,560 [INFO] httpx: HTTP Request: GET https://data.binance.vision/data/futures/um/daily/metrics/BTCUSDT/BTCUSDT-metrics-2021-12-30.zip.CHECKSUM "HTTP/1.1 200 OK"
2026-09-27 22:10:24,336 [INFO] httpx: HTTP Request: GET https://data.binance.vision/data/futures/um/daily/metrics/BTCUSDT/BTCUSDT-metrics-2021-12-31.zip "HTTP/1.1 200 OK"
2026-09-27 22:10:25,113 [INFO] httpx: HTTP Request: GET https://data.binance.vision/data/futures/um/daily/metrics/BTCUSDT/BTCUSDT-metrics-2021-12-31.zip.CHECKSUM "HTTP/1.1 200 OK"
2026-09-27 22:10:25,415 [INFO] httpx: HTTP Request: GET https://data.binance.vision/data/futures/um/daily/metrics/BTCUSDT/BTCUSDT-metrics-2022-01-01.zip "HTTP/1.1 200 OK"
2026-09-27 22:10:26,182 [INFO] httpx: HTTP Request: GET https://data.binance.vision/data/futures/um/daily/metrics/BTCUSDT/BTCUSDT-metrics-2022-01-01.zip.CHECKSUM "HTTP/1.1 200 OK"
2026-09-27 22:10:26,966 [INFO] httpx: HTTP Request: GET https://data.binance.vision/data/futures/um/daily/metrics/BTCUSDT/BTCUSDT-metrics-2022-01-02.zip "HTTP/1.1 200 OK"
2026-09-27 22:10:29,487 [INFO] httpx: HTTP Request: GET https://data.binance.vision/data/futures/um/daily/metrics/BTCUSDT/BTCUSDT-metrics-2022-01-02.zip.CHECKSUM "HTTP/1.1 200 OK"
2026-09-27 22:10:29,783 [INFO] httpx: HTTP Request: GET https://data.binance.vision/data/futures/um/daily/metrics/BTCUSDT/BTCUSDT-metrics-2022-01-03.zip "HTTP/1.1 200 OK"
2026-09-27 22:10:30,556 [INFO] httpx: HTTP Request: GET https://data.binance.vision/data/futures/um/daily/metrics/BTCUSDT/BTCUSDT-metrics-2022-01-03.zip.CHECKSUM "HTTP/1.1 200 OK"
2026-09-27 22:10:31,351 [INFO] httpx: HTTP Request: GET https://data.binance.vision/data/futures/um/daily/metrics/BTCUSDT/BTCUSDT-metrics-2022-01-04.zip "HTTP/1.1 200 OK"
2026-09-27 22:10:31,641 [INFO] httpx: HTTP Request: GET https://data.binance.vision/data/futures/um/daily/metrics/BTCUSDT/BTCUSDT-metrics-2022-01-04.zip.CHECKSUM "HTTP/1.1 200 OK"
2026-09-27 22:10:32,416 [INFO] httpx: HTTP Request: GET https://data.binance.vision/data/futures/um/daily/metrics/BTCUSDT/BTCUSDT-metrics-2022-01-05.zip "HTTP/1.1 200 OK"
2026-09-27 22:10:33,184 [INFO] httpx: HTTP Request: GET https://data.binance.vision/data/futures/um/daily/metrics/BTCUSDT/BTCUSDT-metrics-2022-01-05.zip.CHECKSUM "HTTP/1.1 200 OK"
2026-09-27 22:10:33,960 [INFO] httpx: HTTP Request: GET https://data.binance.vision/data/futures/um/daily/metrics/BTCUSDT/BTCUSDT-metrics-2022-01-06.zip "HTTP/1.1 200 OK"
2026-09-27 22:10:34,237 [INFO] httpx: HTTP Request: GET https://data.binance.vision/data/futures/um/daily/metrics/BTCUSDT/BTCUSDT-metrics-2022-01-06.zip.CHECKSUM "HTTP/1.1 200 OK"
2026-09-27 22:10:35,010 [INFO] httpx: HTTP Request: GET https://data.binance.vision/data/futures/um/daily/metrics/BTCUSDT/BTCUSDT-metrics-2022-01-07.zip "HTTP/1.1 200 OK"
2026-09-27 22:10:35,776 [INFO] httpx: HTTP Request: GET https://data.binance.vision/data/futures/um/daily/metrics/BTCUSDT/BTCUSDT-metrics-2022-01-07.zip.CHECKSUM "HTTP/1.1 200 OK"
2026-09-27 22:10:36,543 [INFO] httpx: HTTP Request: GET https://data.binance.vision/data/futures/um/daily/metrics/BTCUSDT/BTCUSDT-metrics-2022-01-08.zip "HTTP/1.1 200 OK"
2026-09-27 22:10:37,303 [INFO] httpx: HTTP Request: GET https://data.binance.vision/data/futures/um/daily/metrics/BTCUSDT/BTCUSDT-metrics-2022-01-08.zip.CHECKSUM "HTTP/1.1 200 OK"
2026-09-27 22:10:38,090 [INFO] httpx: HTTP Request: GET https://data.binance.vision/data/futures/um/daily/metrics/BTCUSDT/BTCUSDT-metrics-2022-01-09.zip "HTTP/1.1 200 OK"
2026-09-27 22:10:38,865 [INFO] httpx: HTTP Request: GET https://data.binance.vision/data/futures/um/daily/metrics/BTCUSDT/BTCUSDT-metrics-2022-01-09.zip.CHECKSUM "HTTP/1.1 200 OK"
2026-09-27 22:10:39,643 [INFO] httpx: HTTP Request: GET https://data.binance.vision/data/futures/um/daily/metrics/BTCUSDT/BTCUSDT-metrics-2022-01-10.zip "HTTP/1.1 200 OK"
2026-09-27 22:10:40,409 [INFO] httpx: HTTP Request: GET https://data.binance.vision/data/futures/um/daily/metrics/BTCUSDT/BTCUSDT-metrics-2022-01-10.zip.CHECKSUM "HTTP/1.1 200 OK"
2026-09-27 22:10:41,186 [INFO] httpx: HTTP Request: GET https://data.binance.vision/data/futures/um/daily/metrics/BTCUSDT/BTCUSDT-metrics-2022-01-11.zip "HTTP/1.1 200 OK"
2026-09-27 22:10:41,958 [INFO] httpx: HTTP Request: GET https://data.binance.vision/data/futures/um/daily/metrics/BTCUSDT/BTCUSDT-metrics-2022-01-11.zip.CHECKSUM "HTTP/1.1 200 OK"
2026-09-27 22:10:42,726 [INFO] httpx: HTTP Request: GET https://data.binance.vision/data/futures/um/daily/metrics/BTCUSDT/BTCUSDT-metrics-2022-01-12.zip "HTTP/1.1 200 OK"
2026-09-27 22:10:43,478 [INFO] httpx: HTTP Request: GET https://data.binance.vision/data/futures/um/daily/metrics/BTCUSDT/BTCUSDT-metrics-2022-01-12.zip.CHECKSUM "HTTP/1.1 200 OK"
2026-09-27 22:10:44,251 [INFO] httpx: HTTP Request: GET https://data.binance.vision/data/futures/um/daily/metrics/BTCUSDT/BTCUSDT-metrics-2022-01-13.zip "HTTP/1.1 200 OK"
2026-09-27 22:10:45,012 [INFO] httpx: HTTP Request: GET https://data.binance.vision/data/futures/um/daily/metrics/BTCUSDT/BTCUSDT-metrics-2022-01-13.zip.CHECKSUM "HTTP/1.1 200 OK"
2026-09-27 22:10:45,798 [INFO] httpx: HTTP Request: GET https://data.binance.vision/data/futures/um/daily/metrics/BTCUSDT/BTCUSDT-metrics-2022-01-14.zip "HTTP/1.1 200 OK"
2026-09-27 22:10:46,560 [INFO] httpx: HTTP Request: GET https://data.binance.vision/data/futures/um/daily/metrics/BTCUSDT/BTCUSDT-metrics-2022-01-14.zip.CHECKSUM "HTTP/1.1 200 OK"
2026-09-27 22:10:47,334 [INFO] httpx: HTTP Request: GET https://data.binance.vision/data/futures/um/daily/metrics/BTCUSDT/BTCUSDT-metrics-2022-01-15.zip "HTTP/1.1 200 OK"
2026-09-27 22:10:48,101 [INFO] httpx: HTTP Request: GET https://data.binance.vision/data/futures/um/daily/metrics/BTCUSDT/BTCUSDT-metrics-2022-01-15.zip.CHECKSUM "HTTP/1.1 200 OK"
2026-09-27 22:10:48,402 [INFO] httpx: HTTP Request: GET https://data.binance.vision/data/futures/um/daily/metrics/BTCUSDT/BTCUSDT-metrics-2022-01-16.zip "HTTP/1.1 200 OK"
2026-09-27 22:10:49,178 [INFO] httpx: HTTP Request: GET https://data.binance.vision/data/futures/um/daily/metrics/BTCUSDT/BTCUSDT-metrics-2022-01-16.zip.CHECKSUM "HTTP/1.1 200 OK"
2026-09-27 22:10:49,945 [INFO] httpx: HTTP Request: GET https://data.binance.vision/data/futures/um/daily/metrics/BTCUSDT/BTCUSDT-metrics-2022-01-17.zip "HTTP/1.1 200 OK"
2026-09-27 22:10:50,712 [INFO] httpx: HTTP Request: GET https://data.binance.vision/data/futures/um/daily/metrics/BTCUSDT/BTCUSDT-metrics-2022-01-17.zip.CHECKSUM "HTTP/1.1 200 OK"
2026-09-27 22:10:51,491 [INFO] httpx: HTTP Request: GET https://data.binance.vision/data/futures/um/daily/metrics/BTCUSDT/BTCUSDT-metrics-2022-01-18.zip "HTTP/1.1 200 OK"
2026-09-27 22:10:52,261 [INFO] httpx: HTTP Request: GET https://data.binance.vision/data/futures/um/daily/metrics/BTCUSDT/BTCUSDT-metrics-2022-01-18.zip.CHECKSUM "HTTP/1.1 200 OK"
2026-09-27 22:10:53,044 [INFO] httpx: HTTP Request: GET https://data.binance.vision/data/futures/um/daily/metrics/BTCUSDT/BTCUSDT-metrics-2022-01-19.zip "HTTP/1.1 200 OK"
2026-09-27 22:10:53,816 [INFO] httpx: HTTP Request: GET https://data.binance.vision/data/futures/um/daily/metrics/BTCUSDT/BTCUSDT-metrics-2022-01-19.zip.CHECKSUM "HTTP/1.1 200 OK"
2026-09-27 22:10:54,585 [INFO] httpx: HTTP Request: GET https://data.binance.vision/data/futures/um/daily/metrics/BTCUSDT/BTCUSDT-metrics-2022-01-20.zip "HTTP/1.1 200 OK"
2026-09-27 22:10:55,370 [INFO] httpx: HTTP Request: GET https://data.binance.vision/data/futures/um/daily/metrics/BTCUSDT/BTCUSDT-metrics-2022-01-20.zip.CHECKSUM "HTTP/1.1 200 OK"
2026-09-27 22:10:56,166 [INFO] httpx: HTTP Request: GET https://data.binance.vision/data/futures/um/daily/metrics/BTCUSDT/BTCUSDT-metrics-2022-01-21.zip "HTTP/1.1 200 OK"
2026-09-27 22:10:56,942 [INFO] httpx: HTTP Request: GET https://data.binance.vision/data/futures/um/daily/metrics/BTCUSDT/BTCUSDT-metrics-2022-01-21.zip.CHECKSUM "HTTP/1.1 200 OK"
2026-09-27 22:10:57,731 [INFO] httpx: HTTP Request: GET https://data.binance.vision/data/futures/um/daily/metrics/BTCUSDT/BTCUSDT-metrics-2022-01-22.zip "HTTP/1.1 200 OK"
2026-09-27 22:10:58,516 [INFO] httpx: HTTP Request: GET https://data.binance.vision/data/futures/um/daily/metrics/BTCUSDT/BTCUSDT-metrics-2022-01-22.zip.CHECKSUM "HTTP/1.1 200 OK"
2026-09-27 22:10:59,317 [INFO] httpx: HTTP Request: GET https://data.binance.vision/data/futures/um/daily/metrics/BTCUSDT/BTCUSDT-metrics-2022-01-23.zip "HTTP/1.1 200 OK"
2026-09-27 22:11:00,094 [INFO] httpx: HTTP Request: GET https://data.binance.vision/data/futures/um/daily/metrics/BTCUSDT/BTCUSDT-metrics-2022-01-23.zip.CHECKSUM "HTTP/1.1 200 OK"
2026-09-27 22:11:00,884 [INFO] httpx: HTTP Request: GET https://data.binance.vision/data/futures/um/daily/metrics/BTCUSDT/BTCUSDT-metrics-2022-01-24.zip "HTTP/1.1 200 OK"
2026-09-27 22:11:03,422 [INFO] httpx: HTTP Request: GET https://data.binance.vision/data/futures/um/daily/metrics/BTCUSDT/BTCUSDT-metrics-2022-01-24.zip.CHECKSUM "HTTP/1.1 200 OK"
2026-09-27 22:11:04,216 [INFO] httpx: HTTP Request: GET https://data.binance.vision/data/futures/um/daily/metrics/BTCUSDT/BTCUSDT-metrics-2022-01-25.zip "HTTP/1.1 200 OK"
2026-09-27 22:11:04,988 [INFO] httpx: HTTP Request: GET https://data.binance.vision/data/futures/um/daily/metrics/BTCUSDT/BTCUSDT-metrics-2022-01-25.zip.CHECKSUM "HTTP/1.1 200 OK"
2026-09-27 22:11:05,779 [INFO] httpx: HTTP Request: GET https://data.binance.vision/data/futures/um/daily/metrics/BTCUSDT/BTCUSDT-metrics-2022-01-26.zip "HTTP/1.1 200 OK"
2026-09-27 22:11:06,551 [INFO] httpx: HTTP Request: GET https://data.binance.vision/data/futures/um/daily/metrics/BTCUSDT/BTCUSDT-metrics-2022-01-26.zip.CHECKSUM "HTTP/1.1 200 OK"
2026-09-27 22:11:07,333 [INFO] httpx: HTTP Request: GET https://data.binance.vision/data/futures/um/daily/metrics/BTCUSDT/BTCUSDT-metrics-2022-01-27.zip "HTTP/1.1 200 OK"
2026-09-27 22:11:08,103 [INFO] httpx: HTTP Request: GET https://data.binance.vision/data/futures/um/daily/metrics/BTCUSDT/BTCUSDT-metrics-2022-01-27.zip.CHECKSUM "HTTP/1.1 200 OK"
2026-09-27 22:11:08,894 [INFO] httpx: HTTP Request: GET https://data.binance.vision/data/futures/um/daily/metrics/BTCUSDT/BTCUSDT-metrics-2022-01-28.zip "HTTP/1.1 200 OK"
2026-09-27 22:11:09,666 [INFO] httpx: HTTP Request: GET https://data.binance.vision/data/futures/um/daily/metrics/BTCUSDT/BTCUSDT-metrics-2022-01-28.zip.CHECKSUM "HTTP/1.1 200 OK"
2026-09-27 22:11:09,961 [INFO] httpx: HTTP Request: GET https://data.binance.vision/data/futures/um/daily/metrics/BTCUSDT/BTCUSDT-metrics-2022-01-29.zip "HTTP/1.1 200 OK"
2026-09-27 22:11:10,740 [INFO] httpx: HTTP Request: GET https://data.binance.vision/data/futures/um/daily/metrics/BTCUSDT/BTCUSDT-metrics-2022-01-29.zip.CHECKSUM "HTTP/1.1 200 OK"
2026-09-27 22:11:11,511 [INFO] httpx: HTTP Request: GET https://data.binance.vision/data/futures/um/daily/metrics/BTCUSDT/BTCUSDT-metrics-2022-01-30.zip "HTTP/1.1 200 OK"
2026-09-27 22:11:12,283 [INFO] httpx: HTTP Request: GET https://data.binance.vision/data/futures/um/daily/metrics/BTCUSDT/BTCUSDT-metrics-2022-01-30.zip.CHECKSUM "HTTP/1.1 200 OK"
2026-09-27 22:11:13,091 [INFO] httpx: HTTP Request: GET https://data.binance.vision/data/futures/um/daily/metrics/BTCUSDT/BTCUSDT-metrics-2022-01-31.zip "HTTP/1.1 200 OK"
2026-09-27 22:11:13,862 [INFO] httpx: HTTP Request: GET https://data.binance.vision/data/futures/um/daily/metrics/BTCUSDT/BTCUSDT-metrics-2022-01-31.zip.CHECKSUM "HTTP/1.1 200 OK"
2026-09-27 22:11:14,654 [INFO] httpx: HTTP Request: GET https://data.binance.vision/data/futures/um/daily/metrics/BTCUSDT/BTCUSDT-metrics-2022-02-01.zip "HTTP/1.1 200 OK"
2026-09-27 22:11:15,422 [INFO] httpx: HTTP Request: GET https://data.binance.vision/data/futures/um/daily/metrics/BTCUSDT/BTCUSDT-metrics-2022-02-01.zip.CHECKSUM "HTTP/1.1 200 OK"
2026-09-27 22:11:16,195 [INFO] httpx: HTTP Request: GET https://data.binance.vision/data/futures/um/daily/metrics/BTCUSDT/BTCUSDT-metrics-2022-02-02.zip "HTTP/1.1 200 OK"
2026-09-27 22:11:16,472 [INFO] httpx: HTTP Request: GET https://data.binance.vision/data/futures/um/daily/metrics/BTCUSDT/BTCUSDT-metrics-2022-02-02.zip.CHECKSUM "HTTP/1.1 200 OK"
2026-09-27 22:11:17,243 [INFO] httpx: HTTP Request: GET https://data.binance.vision/data/futures/um/daily/metrics/BTCUSDT/BTCUSDT-metrics-2022-02-03.zip "HTTP/1.1 200 OK"
2026-09-27 22:11:18,021 [INFO] httpx: HTTP Request: GET https://data.binance.vision/data/futures/um/daily/metrics/BTCUSDT/BTCUSDT-metrics-2022-02-03.zip.CHECKSUM "HTTP/1.1 200 OK"
2026-09-27 22:11:18,802 [INFO] httpx: HTTP Request: GET https://data.binance.vision/data/futures/um/daily/metrics/BTCUSDT/BTCUSDT-metrics-2022-02-04.zip "HTTP/1.1 200 OK"
2026-09-27 22:11:19,578 [INFO] httpx: HTTP Request: GET https://data.binance.vision/data/futures/um/daily/metrics/BTCUSDT/BTCUSDT-metrics-2022-02-04.zip.CHECKSUM "HTTP/1.1 200 OK"
2026-09-27 22:11:20,356 [INFO] httpx: HTTP Request: GET https://data.binance.vision/data/futures/um/daily/metrics/BTCUSDT/BTCUSDT-metrics-2022-02-05.zip "HTTP/1.1 200 OK"
2026-09-27 22:11:21,122 [INFO] httpx: HTTP Request: GET https://data.binance.vision/data/futures/um/daily/metrics/BTCUSDT/BTCUSDT-metrics-2022-02-05.zip.CHECKSUM "HTTP/1.1 200 OK"
2026-09-27 22:11:21,906 [INFO] httpx: HTTP Request: GET https://data.binance.vision/data/futures/um/daily/metrics/BTCUSDT/BTCUSDT-metrics-2022-02-06.zip "HTTP/1.1 200 OK"
2026-09-27 22:11:22,685 [INFO] httpx: HTTP Request: GET https://data.binance.vision/data/futures/um/daily/metrics/BTCUSDT/BTCUSDT-metrics-2022-02-06.zip.CHECKSUM "HTTP/1.1 200 OK"
2026-09-27 22:11:23,475 [INFO] httpx: HTTP Request: GET https://data.binance.vision/data/futures/um/daily/metrics/BTCUSDT/BTCUSDT-metrics-2022-02-07.zip "HTTP/1.1 200 OK"
2026-09-27 22:11:24,245 [INFO] httpx: HTTP Request: GET https://data.binance.vision/data/futures/um/daily/metrics/BTCUSDT/BTCUSDT-metrics-2022-02-07.zip.CHECKSUM "HTTP/1.1 200 OK"
2026-09-27 22:11:25,022 [INFO] httpx: HTTP Request: GET https://data.binance.vision/data/futures/um/daily/metrics/BTCUSDT/BTCUSDT-metrics-2022-02-08.zip "HTTP/1.1 200 OK"
2026-09-27 22:11:25,796 [INFO] httpx: HTTP Request: GET https://data.binance.vision/data/futures/um/daily/metrics/BTCUSDT/BTCUSDT-metrics-2022-02-08.zip.CHECKSUM "HTTP/1.1 200 OK"
2026-09-27 22:11:26,574 [INFO] httpx: HTTP Request: GET https://data.binance.vision/data/futures/um/daily/metrics/BTCUSDT/BTCUSDT-metrics-2022-02-09.zip "HTTP/1.1 200 OK"
2026-09-27 22:11:27,335 [INFO] httpx: HTTP Request: GET https://data.binance.vision/data/futures/um/daily/metrics/BTCUSDT/BTCUSDT-metrics-2022-02-09.zip.CHECKSUM "HTTP/1.1 200 OK"
2026-09-27 22:11:28,119 [INFO] httpx: HTTP Request: GET https://data.binance.vision/data/futures/um/daily/metrics/BTCUSDT/BTCUSDT-metrics-2022-02-10.zip "HTTP/1.1 200 OK"
2026-09-27 22:11:28,939 [INFO] httpx: HTTP Request: GET https://data.binance.vision/data/futures/um/daily/metrics/BTCUSDT/BTCUSDT-metrics-2022-02-10.zip.CHECKSUM "HTTP/1.1 200 OK"
2026-09-27 22:11:29,742 [INFO] httpx: HTTP Request: GET https://data.binance.vision/data/futures/um/daily/metrics/BTCUSDT/BTCUSDT-metrics-2022-02-11.zip "HTTP/1.1 200 OK"
2026-09-27 22:11:30,518 [INFO] httpx: HTTP Request: GET https://data.binance.vision/data/futures/um/daily/metrics/BTCUSDT/BTCUSDT-metrics-2022-02-11.zip.CHECKSUM "HTTP/1.1 200 OK"
2026-09-27 22:11:31,308 [INFO] httpx: HTTP Request: GET https://data.binance.vision/data/futures/um/daily/metrics/BTCUSDT/BTCUSDT-metrics-2022-02-12.zip "HTTP/1.1 200 OK"
2026-09-27 22:11:32,079 [INFO] httpx: HTTP Request: GET https://data.binance.vision/data/futures/um/daily/metrics/BTCUSDT/BTCUSDT-metrics-2022-02-12.zip.CHECKSUM "HTTP/1.1 200 OK"
2026-09-27 22:11:32,852 [INFO] httpx: HTTP Request: GET https://data.binance.vision/data/futures/um/daily/metrics/BTCUSDT/BTCUSDT-metrics-2022-02-13.zip "HTTP/1.1 200 OK"
2026-09-27 22:11:33,623 [INFO] httpx: HTTP Request: GET https://data.binance.vision/data/futures/um/daily/metrics/BTCUSDT/BTCUSDT-metrics-2022-02-13.zip.CHECKSUM "HTTP/1.1 200 OK"
2026-09-27 22:11:33,919 [INFO] httpx: HTTP Request: GET https://data.binance.vision/data/futures/um/daily/metrics/BTCUSDT/BTCUSDT-metrics-2022-02-14.zip "HTTP/1.1 200 OK"
2026-09-27 22:11:34,196 [INFO] httpx: HTTP Request: GET https://data.binance.vision/data/futures/um/daily/metrics/BTCUSDT/BTCUSDT-metrics-2022-02-14.zip.CHECKSUM "HTTP/1.1 200 OK"
2026-09-27 22:11:34,970 [INFO] httpx: HTTP Request: GET https://data.binance.vision/data/futures/um/daily/metrics/BTCUSDT/BTCUSDT-metrics-2022-02-15.zip "HTTP/1.1 200 OK"
2026-09-27 22:11:37,468 [INFO] httpx: HTTP Request: GET https://data.binance.vision/data/futures/um/daily/metrics/BTCUSDT/BTCUSDT-metrics-2022-02-15.zip.CHECKSUM "HTTP/1.1 200 OK"
2026-09-27 22:11:38,250 [INFO] httpx: HTTP Request: GET https://data.binance.vision/data/futures/um/daily/metrics/BTCUSDT/BTCUSDT-metrics-2022-02-16.zip "HTTP/1.1 200 OK"
2026-09-27 22:11:39,017 [INFO] httpx: HTTP Request: GET https://data.binance.vision/data/futures/um/daily/metrics/BTCUSDT/BTCUSDT-metrics-2022-02-16.zip.CHECKSUM "HTTP/1.1 200 OK"
2026-09-27 22:11:39,790 [INFO] httpx: HTTP Request: GET https://data.binance.vision/data/futures/um/daily/metrics/BTCUSDT/BTCUSDT-metrics-2022-02-17.zip "HTTP/1.1 200 OK"
2026-09-27 22:11:40,551 [INFO] httpx: HTTP Request: GET https://data.binance.vision/data/futures/um/daily/metrics/BTCUSDT/BTCUSDT-metrics-2022-02-17.zip.CHECKSUM "HTTP/1.1 200 OK"
2026-09-27 22:11:41,326 [INFO] httpx: HTTP Request: GET https://data.binance.vision/data/futures/um/daily/metrics/BTCUSDT/BTCUSDT-metrics-2022-02-18.zip "HTTP/1.1 200 OK"
2026-09-27 22:11:42,093 [INFO] httpx: HTTP Request: GET https://data.binance.vision/data/futures/um/daily/metrics/BTCUSDT/BTCUSDT-metrics-2022-02-18.zip.CHECKSUM "HTTP/1.1 200 OK"
2026-09-27 22:11:42,890 [INFO] httpx: HTTP Request: GET https://data.binance.vision/data/futures/um/daily/metrics/BTCUSDT/BTCUSDT-metrics-2022-02-19.zip "HTTP/1.1 200 OK"
2026-09-27 22:11:43,662 [INFO] httpx: HTTP Request: GET https://data.binance.vision/data/futures/um/daily/metrics/BTCUSDT/BTCUSDT-metrics-2022-02-19.zip.CHECKSUM "HTTP/1.1 200 OK"
2026-09-27 22:11:44,451 [INFO] httpx: HTTP Request: GET https://data.binance.vision/data/futures/um/daily/metrics/BTCUSDT/BTCUSDT-metrics-2022-02-20.zip "HTTP/1.1 200 OK"
2026-09-27 22:11:45,219 [INFO] httpx: HTTP Request: GET https://data.binance.vision/data/futures/um/daily/metrics/BTCUSDT/BTCUSDT-metrics-2022-02-20.zip.CHECKSUM "HTTP/1.1 200 OK"
2026-09-27 22:11:46,004 [INFO] httpx: HTTP Request: GET https://data.binance.vision/data/futures/um/daily/metrics/BTCUSDT/BTCUSDT-metrics-2022-02-21.zip "HTTP/1.1 200 OK"
2026-09-27 22:11:46,778 [INFO] httpx: HTTP Request: GET https://data.binance.vision/data/futures/um/daily/metrics/BTCUSDT/BTCUSDT-metrics-2022-02-21.zip.CHECKSUM "HTTP/1.1 200 OK"
2026-09-27 22:11:47,561 [INFO] httpx: HTTP Request: GET https://data.binance.vision/data/futures/um/daily/metrics/BTCUSDT/BTCUSDT-metrics-2022-02-22.zip "HTTP/1.1 200 OK"
2026-09-27 22:11:48,328 [INFO] httpx: HTTP Request: GET https://data.binance.vision/data/futures/um/daily/metrics/BTCUSDT/BTCUSDT-metrics-2022-02-22.zip.CHECKSUM "HTTP/1.1 200 OK"
2026-09-27 22:11:49,092 [INFO] httpx: HTTP Request: GET https://data.binance.vision/data/futures/um/daily/metrics/BTCUSDT/BTCUSDT-metrics-2022-02-23.zip "HTTP/1.1 200 OK"
2026-09-27 22:11:49,867 [INFO] httpx: HTTP Request: GET https://data.binance.vision/data/futures/um/daily/metrics/BTCUSDT/BTCUSDT-metrics-2022-02-23.zip.CHECKSUM "HTTP/1.1 200 OK"
2026-09-27 22:11:50,639 [INFO] httpx: HTTP Request: GET https://data.binance.vision/data/futures/um/daily/metrics/BTCUSDT/BTCUSDT-metrics-2022-02-24.zip "HTTP/1.1 200 OK"
2026-09-27 22:11:51,394 [INFO] httpx: HTTP Request: GET https://data.binance.vision/data/futures/um/daily/metrics/BTCUSDT/BTCUSDT-metrics-2022-02-24.zip.CHECKSUM "HTTP/1.1 200 OK"
2026-09-27 22:11:52,165 [INFO] httpx: HTTP Request: GET https://data.binance.vision/data/futures/um/daily/metrics/BTCUSDT/BTCUSDT-metrics-2022-02-25.zip "HTTP/1.1 200 OK"
2026-09-27 22:11:52,931 [INFO] httpx: HTTP Request: GET https://data.binance.vision/data/futures/um/daily/metrics/BTCUSDT/BTCUSDT-metrics-2022-02-25.zip.CHECKSUM "HTTP/1.1 200 OK"
2026-09-27 22:11:53,692 [INFO] httpx: HTTP Request: GET https://data.binance.vision/data/futures/um/daily/metrics/BTCUSDT/BTCUSDT-metrics-2022-02-26.zip "HTTP/1.1 200 OK"
2026-09-27 22:11:54,444 [INFO] httpx: HTTP Request: GET https://data.binance.vision/data/futures/um/daily/metrics/BTCUSDT/BTCUSDT-metrics-2022-02-26.zip.CHECKSUM "HTTP/1.1 200 OK"
2026-09-27 22:11:55,234 [INFO] httpx: HTTP Request: GET https://data.binance.vision/data/futures/um/daily/metrics/BTCUSDT/BTCUSDT-metrics-2022-02-27.zip "HTTP/1.1 200 OK"
2026-09-27 22:11:56,004 [INFO] httpx: HTTP Request: GET https://data.binance.vision/data/futures/um/daily/metrics/BTCUSDT/BTCUSDT-metrics-2022-02-27.zip.CHECKSUM "HTTP/1.1 200 OK"
2026-09-27 22:11:56,785 [INFO] httpx: HTTP Request: GET https://data.binance.vision/data/futures/um/daily/metrics/BTCUSDT/BTCUSDT-metrics-2022-02-28.zip "HTTP/1.1 200 OK"
2026-09-27 22:11:57,551 [INFO] httpx: HTTP Request: GET https://data.binance.vision/data/futures/um/daily/metrics/BTCUSDT/BTCUSDT-metrics-2022-02-28.zip.CHECKSUM "HTTP/1.1 200 OK"
2026-09-27 22:11:58,324 [INFO] httpx: HTTP Request: GET https://data.binance.vision/data/futures/um/daily/metrics/BTCUSDT/BTCUSDT-metrics-2022-03-01.zip "HTTP/1.1 200 OK"
2026-09-27 22:11:59,100 [INFO] httpx: HTTP Request: GET https://data.binance.vision/data/futures/um/daily/metrics/BTCUSDT/BTCUSDT-metrics-2022-03-01.zip.CHECKSUM "HTTP/1.1 200 OK"
2026-09-27 22:11:59,890 [INFO] httpx: HTTP Request: GET https://data.binance.vision/data/futures/um/daily/metrics/BTCUSDT/BTCUSDT-metrics-2022-03-02.zip "HTTP/1.1 200 OK"
2026-09-27 22:12:00,650 [INFO] httpx: HTTP Request: GET https://data.binance.vision/data/futures/um/daily/metrics/BTCUSDT/BTCUSDT-metrics-2022-03-02.zip.CHECKSUM "HTTP/1.1 200 OK"
2026-09-27 22:12:01,441 [INFO] httpx: HTTP Request: GET https://data.binance.vision/data/futures/um/daily/metrics/BTCUSDT/BTCUSDT-metrics-2022-03-03.zip "HTTP/1.1 200 OK"
2026-09-27 22:12:02,204 [INFO] httpx: HTTP Request: GET https://data.binance.vision/data/futures/um/daily/metrics/BTCUSDT/BTCUSDT-metrics-2022-03-03.zip.CHECKSUM "HTTP/1.1 200 OK"
2026-09-27 22:12:02,991 [INFO] httpx: HTTP Request: GET https://data.binance.vision/data/futures/um/daily/metrics/BTCUSDT/BTCUSDT-metrics-2022-03-04.zip "HTTP/1.1 200 OK"
2026-09-27 22:12:03,272 [INFO] httpx: HTTP Request: GET https://data.binance.vision/data/futures/um/daily/metrics/BTCUSDT/BTCUSDT-metrics-2022-03-04.zip.CHECKSUM "HTTP/1.1 200 OK"
2026-09-27 22:12:04,050 [INFO] httpx: HTTP Request: GET https://data.binance.vision/data/futures/um/daily/metrics/BTCUSDT/BTCUSDT-metrics-2022-03-05.zip "HTTP/1.1 200 OK"
2026-09-27 22:12:04,821 [INFO] httpx: HTTP Request: GET https://data.binance.vision/data/futures/um/daily/metrics/BTCUSDT/BTCUSDT-metrics-2022-03-05.zip.CHECKSUM "HTTP/1.1 200 OK"
2026-09-27 22:12:05,617 [INFO] httpx: HTTP Request: GET https://data.binance.vision/data/futures/um/daily/metrics/BTCUSDT/BTCUSDT-metrics-2022-03-06.zip "HTTP/1.1 200 OK"
2026-09-27 22:12:05,897 [INFO] httpx: HTTP Request: GET https://data.binance.vision/data/futures/um/daily/metrics/BTCUSDT/BTCUSDT-metrics-2022-03-06.zip.CHECKSUM "HTTP/1.1 200 OK"
2026-09-27 22:12:06,192 [INFO] httpx: HTTP Request: GET https://data.binance.vision/data/futures/um/daily/metrics/BTCUSDT/BTCUSDT-metrics-2022-03-07.zip "HTTP/1.1 200 OK"
2026-09-27 22:12:06,963 [INFO] httpx: HTTP Request: GET https://data.binance.vision/data/futures/um/daily/metrics/BTCUSDT/BTCUSDT-metrics-2022-03-07.zip.CHECKSUM "HTTP/1.1 200 OK"
2026-09-27 22:12:07,753 [INFO] httpx: HTTP Request: GET https://data.binance.vision/data/futures/um/daily/metrics/BTCUSDT/BTCUSDT-metrics-2022-03-08.zip "HTTP/1.1 200 OK"
2026-09-27 22:12:08,526 [INFO] httpx: HTTP Request: GET https://data.binance.vision/data/futures/um/daily/metrics/BTCUSDT/BTCUSDT-metrics-2022-03-08.zip.CHECKSUM "HTTP/1.1 200 OK"
2026-09-27 22:12:09,328 [INFO] httpx: HTTP Request: GET https://data.binance.vision/data/futures/um/daily/metrics/BTCUSDT/BTCUSDT-metrics-2022-03-09.zip "HTTP/1.1 200 OK"
2026-09-27 22:12:11,886 [INFO] httpx: HTTP Request: GET https://data.binance.vision/data/futures/um/daily/metrics/BTCUSDT/BTCUSDT-metrics-2022-03-09.zip.CHECKSUM "HTTP/1.1 200 OK"
2026-09-27 22:12:12,678 [INFO] httpx: HTTP Request: GET https://data.binance.vision/data/futures/um/daily/metrics/BTCUSDT/BTCUSDT-metrics-2022-03-10.zip "HTTP/1.1 200 OK"
2026-09-27 22:12:13,460 [INFO] httpx: HTTP Request: GET https://data.binance.vision/data/futures/um/daily/metrics/BTCUSDT/BTCUSDT-metrics-2022-03-10.zip.CHECKSUM "HTTP/1.1 200 OK"
2026-09-27 22:12:14,254 [INFO] httpx: HTTP Request: GET https://data.binance.vision/data/futures/um/daily/metrics/BTCUSDT/BTCUSDT-metrics-2022-03-11.zip "HTTP/1.1 200 OK"
2026-09-27 22:12:15,024 [INFO] httpx: HTTP Request: GET https://data.binance.vision/data/futures/um/daily/metrics/BTCUSDT/BTCUSDT-metrics-2022-03-11.zip.CHECKSUM "HTTP/1.1 200 OK"
2026-09-27 22:12:15,808 [INFO] httpx: HTTP Request: GET https://data.binance.vision/data/futures/um/daily/metrics/BTCUSDT/BTCUSDT-metrics-2022-03-12.zip "HTTP/1.1 200 OK"
2026-09-27 22:12:16,584 [INFO] httpx: HTTP Request: GET https://data.binance.vision/data/futures/um/daily/metrics/BTCUSDT/BTCUSDT-metrics-2022-03-12.zip.CHECKSUM "HTTP/1.1 200 OK"
2026-09-27 22:12:17,393 [INFO] httpx: HTTP Request: GET https://data.binance.vision/data/futures/um/daily/metrics/BTCUSDT/BTCUSDT-metrics-2022-03-13.zip "HTTP/1.1 200 OK"
2026-09-27 22:12:18,167 [INFO] httpx: HTTP Request: GET https://data.binance.vision/data/futures/um/daily/metrics/BTCUSDT/BTCUSDT-metrics-2022-03-13.zip.CHECKSUM "HTTP/1.1 200 OK"
2026-09-27 22:12:18,974 [INFO] httpx: HTTP Request: GET https://data.binance.vision/data/futures/um/daily/metrics/BTCUSDT/BTCUSDT-metrics-2022-03-14.zip "HTTP/1.1 200 OK"
2026-09-27 22:12:19,751 [INFO] httpx: HTTP Request: GET https://data.binance.vision/data/futures/um/daily/metrics/BTCUSDT/BTCUSDT-metrics-2022-03-14.zip.CHECKSUM "HTTP/1.1 200 OK"
2026-09-27 22:12:20,057 [INFO] httpx: HTTP Request: GET https://data.binance.vision/data/futures/um/daily/metrics/BTCUSDT/BTCUSDT-metrics-2022-03-15.zip "HTTP/1.1 200 OK"
2026-09-27 22:12:20,822 [INFO] httpx: HTTP Request: GET https://data.binance.vision/data/futures/um/daily/metrics/BTCUSDT/BTCUSDT-metrics-2022-03-15.zip.CHECKSUM "HTTP/1.1 200 OK"
2026-09-27 22:12:21,604 [INFO] httpx: HTTP Request: GET https://data.binance.vision/data/futures/um/daily/metrics/BTCUSDT/BTCUSDT-metrics-2022-03-16.zip "HTTP/1.1 200 OK"
2026-09-27 22:12:22,377 [INFO] httpx: HTTP Request: GET https://data.binance.vision/data/futures/um/daily/metrics/BTCUSDT/BTCUSDT-metrics-2022-03-16.zip.CHECKSUM "HTTP/1.1 200 OK"
2026-09-27 22:12:23,139 [INFO] httpx: HTTP Request: GET https://data.binance.vision/data/futures/um/daily/metrics/BTCUSDT/BTCUSDT-metrics-2022-03-17.zip "HTTP/1.1 200 OK"
2026-09-27 22:12:23,900 [INFO] httpx: HTTP Request: GET https://data.binance.vision/data/futures/um/daily/metrics/BTCUSDT/BTCUSDT-metrics-2022-03-17.zip.CHECKSUM "HTTP/1.1 200 OK"
2026-09-27 22:12:24,674 [INFO] httpx: HTTP Request: GET https://data.binance.vision/data/futures/um/daily/metrics/BTCUSDT/BTCUSDT-metrics-2022-03-18.zip "HTTP/1.1 200 OK"
2026-09-27 22:12:25,445 [INFO] httpx: HTTP Request: GET https://data.binance.vision/data/futures/um/daily/metrics/BTCUSDT/BTCUSDT-metrics-2022-03-18.zip.CHECKSUM "HTTP/1.1 200 OK"
2026-09-27 22:12:26,241 [INFO] httpx: HTTP Request: GET https://data.binance.vision/data/futures/um/daily/metrics/BTCUSDT/BTCUSDT-metrics-2022-03-19.zip "HTTP/1.1 200 OK"
2026-09-27 22:12:27,009 [INFO] httpx: HTTP Request: GET https://data.binance.vision/data/futures/um/daily/metrics/BTCUSDT/BTCUSDT-metrics-2022-03-19.zip.CHECKSUM "HTTP/1.1 200 OK"
2026-09-27 22:12:27,810 [INFO] httpx: HTTP Request: GET https://data.binance.vision/data/futures/um/daily/metrics/BTCUSDT/BTCUSDT-metrics-2022-03-20.zip "HTTP/1.1 200 OK"
2026-09-27 22:12:28,600 [INFO] httpx: HTTP Request: GET https://data.binance.vision/data/futures/um/daily/metrics/BTCUSDT/BTCUSDT-metrics-2022-03-20.zip.CHECKSUM "HTTP/1.1 200 OK"
2026-09-27 22:12:28,913 [INFO] httpx: HTTP Request: GET https://data.binance.vision/data/futures/um/daily/metrics/BTCUSDT/BTCUSDT-metrics-2022-03-21.zip "HTTP/1.1 200 OK"
2026-09-27 22:12:29,211 [INFO] httpx: HTTP Request: GET https://data.binance.vision/data/futures/um/daily/metrics/BTCUSDT/BTCUSDT-metrics-2022-03-21.zip.CHECKSUM "HTTP/1.1 200 OK"
2026-09-27 22:12:30,012 [INFO] httpx: HTTP Request: GET https://data.binance.vision/data/futures/um/daily/metrics/BTCUSDT/BTCUSDT-metrics-2022-03-22.zip "HTTP/1.1 200 OK"
2026-09-27 22:12:30,779 [INFO] httpx: HTTP Request: GET https://data.binance.vision/data/futures/um/daily/metrics/BTCUSDT/BTCUSDT-metrics-2022-03-22.zip.CHECKSUM "HTTP/1.1 200 OK"
2026-09-27 22:12:31,593 [INFO] httpx: HTTP Request: GET https://data.binance.vision/data/futures/um/daily/metrics/BTCUSDT/BTCUSDT-metrics-2022-03-23.zip "HTTP/1.1 200 OK"
2026-09-27 22:12:32,364 [INFO] httpx: HTTP Request: GET https://data.binance.vision/data/futures/um/daily/metrics/BTCUSDT/BTCUSDT-metrics-2022-03-23.zip.CHECKSUM "HTTP/1.1 200 OK"
2026-09-27 22:12:33,173 [INFO] httpx: HTTP Request: GET https://data.binance.vision/data/futures/um/daily/metrics/BTCUSDT/BTCUSDT-metrics-2022-03-24.zip "HTTP/1.1 200 OK"
2026-09-27 22:12:33,941 [INFO] httpx: HTTP Request: GET https://data.binance.vision/data/futures/um/daily/metrics/BTCUSDT/BTCUSDT-metrics-2022-03-24.zip.CHECKSUM "HTTP/1.1 200 OK"
2026-09-27 22:12:34,722 [INFO] httpx: HTTP Request: GET https://data.binance.vision/data/futures/um/daily/metrics/BTCUSDT/BTCUSDT-metrics-2022-03-25.zip "HTTP/1.1 200 OK"
2026-09-27 22:12:35,501 [INFO] httpx: HTTP Request: GET https://data.binance.vision/data/futures/um/daily/metrics/BTCUSDT/BTCUSDT-metrics-2022-03-25.zip.CHECKSUM "HTTP/1.1 200 OK"
2026-09-27 22:12:36,293 [INFO] httpx: HTTP Request: GET https://data.binance.vision/data/futures/um/daily/metrics/BTCUSDT/BTCUSDT-metrics-2022-03-26.zip "HTTP/1.1 200 OK"
2026-09-27 22:12:37,056 [INFO] httpx: HTTP Request: GET https://data.binance.vision/data/futures/um/daily/metrics/BTCUSDT/BTCUSDT-metrics-2022-03-26.zip.CHECKSUM "HTTP/1.1 200 OK"
2026-09-27 22:12:37,852 [INFO] httpx: HTTP Request: GET https://data.binance.vision/data/futures/um/daily/metrics/BTCUSDT/BTCUSDT-metrics-2022-03-27.zip "HTTP/1.1 200 OK"
2026-09-27 22:12:38,613 [INFO] httpx: HTTP Request: GET https://data.binance.vision/data/futures/um/daily/metrics/BTCUSDT/BTCUSDT-metrics-2022-03-27.zip.CHECKSUM "HTTP/1.1 200 OK"
2026-09-27 22:12:39,418 [INFO] httpx: HTTP Request: GET https://data.binance.vision/data/futures/um/daily/metrics/BTCUSDT/BTCUSDT-metrics-2022-03-28.zip "HTTP/1.1 200 OK"
2026-09-27 22:12:40,198 [INFO] httpx: HTTP Request: GET https://data.binance.vision/data/futures/um/daily/metrics/BTCUSDT/BTCUSDT-metrics-2022-03-28.zip.CHECKSUM "HTTP/1.1 200 OK"
2026-09-27 22:12:41,024 [INFO] httpx: HTTP Request: GET https://data.binance.vision/data/futures/um/daily/metrics/BTCUSDT/BTCUSDT-metrics-2022-03-29.zip "HTTP/1.1 200 OK"
2026-09-27 22:12:41,824 [INFO] httpx: HTTP Request: GET https://data.binance.vision/data/futures/um/daily/metrics/BTCUSDT/BTCUSDT-metrics-2022-03-29.zip.CHECKSUM "HTTP/1.1 200 OK"
2026-09-27 22:12:42,611 [INFO] httpx: HTTP Request: GET https://data.binance.vision/data/futures/um/daily/metrics/BTCUSDT/BTCUSDT-metrics-2022-03-30.zip "HTTP/1.1 200 OK"
2026-09-27 22:12:43,390 [INFO] httpx: HTTP Request: GET https://data.binance.vision/data/futures/um/daily/metrics/BTCUSDT/BTCUSDT-metrics-2022-03-30.zip.CHECKSUM "HTTP/1.1 200 OK"
2026-09-27 22:12:45,908 [INFO] httpx: HTTP Request: GET https://data.binance.vision/data/futures/um/daily/metrics/BTCUSDT/BTCUSDT-metrics-2022-03-31.zip "HTTP/1.1 200 OK"
2026-09-27 22:12:46,684 [INFO] httpx: HTTP Request: GET https://data.binance.vision/data/futures/um/daily/metrics/BTCUSDT/BTCUSDT-metrics-2022-03-31.zip.CHECKSUM "HTTP/1.1 200 OK"
2026-09-27 22:12:47,459 [INFO] httpx: HTTP Request: GET https://data.binance.vision/data/futures/um/daily/metrics/BTCUSDT/BTCUSDT-metrics-2022-04-01.zip "HTTP/1.1 200 OK"
2026-09-27 22:12:48,235 [INFO] httpx: HTTP Request: GET https://data.binance.vision/data/futures/um/daily/metrics/BTCUSDT/BTCUSDT-metrics-2022-04-01.zip.CHECKSUM "HTTP/1.1 200 OK"
2026-09-27 22:12:49,075 [INFO] httpx: HTTP Request: GET https://data.binance.vision/data/futures/um/daily/metrics/BTCUSDT/BTCUSDT-metrics-2022-04-02.zip "HTTP/1.1 200 OK"
2026-09-27 22:12:49,982 [INFO] httpx: HTTP Request: GET https://data.binance.vision/data/futures/um/daily/metrics/BTCUSDT/BTCUSDT-metrics-2022-04-02.zip.CHECKSUM "HTTP/1.1 200 OK"
2026-09-27 22:12:50,757 [INFO] httpx: HTTP Request: GET https://data.binance.vision/data/futures/um/daily/metrics/BTCUSDT/BTCUSDT-metrics-2022-04-03.zip "HTTP/1.1 200 OK"
2026-09-27 22:12:51,536 [INFO] httpx: HTTP Request: GET https://data.binance.vision/data/futures/um/daily/metrics/BTCUSDT/BTCUSDT-metrics-2022-04-03.zip.CHECKSUM "HTTP/1.1 200 OK"
2026-09-27 22:12:52,342 [INFO] httpx: HTTP Request: GET https://data.binance.vision/data/futures/um/daily/metrics/BTCUSDT/BTCUSDT-metrics-2022-04-04.zip "HTTP/1.1 200 OK"
2026-09-27 22:12:53,127 [INFO] httpx: HTTP Request: GET https://data.binance.vision/data/futures/um/daily/metrics/BTCUSDT/BTCUSDT-metrics-2022-04-04.zip.CHECKSUM "HTTP/1.1 200 OK"
2026-09-27 22:12:53,937 [INFO] httpx: HTTP Request: GET https://data.binance.vision/data/futures/um/daily/metrics/BTCUSDT/BTCUSDT-metrics-2022-04-05.zip "HTTP/1.1 200 OK"
2026-09-27 22:12:54,705 [INFO] httpx: HTTP Request: GET https://data.binance.vision/data/futures/um/daily/metrics/BTCUSDT/BTCUSDT-metrics-2022-04-05.zip.CHECKSUM "HTTP/1.1 200 OK"
2026-09-27 22:12:55,481 [INFO] httpx: HTTP Request: GET https://data.binance.vision/data/futures/um/daily/metrics/BTCUSDT/BTCUSDT-metrics-2022-04-06.zip "HTTP/1.1 200 OK"
2026-09-27 22:12:56,249 [INFO] httpx: HTTP Request: GET https://data.binance.vision/data/futures/um/daily/metrics/BTCUSDT/BTCUSDT-metrics-2022-04-06.zip.CHECKSUM "HTTP/1.1 200 OK"
2026-09-27 22:12:57,013 [INFO] httpx: HTTP Request: GET https://data.binance.vision/data/futures/um/daily/metrics/BTCUSDT/BTCUSDT-metrics-2022-04-07.zip "HTTP/1.1 200 OK"
2026-09-27 22:12:57,777 [INFO] httpx: HTTP Request: GET https://data.binance.vision/data/futures/um/daily/metrics/BTCUSDT/BTCUSDT-metrics-2022-04-07.zip.CHECKSUM "HTTP/1.1 200 OK"
2026-09-27 22:12:58,567 [INFO] httpx: HTTP Request: GET https://data.binance.vision/data/futures/um/daily/metrics/BTCUSDT/BTCUSDT-metrics-2022-04-08.zip "HTTP/1.1 200 OK"
2026-09-27 22:12:59,350 [INFO] httpx: HTTP Request: GET https://data.binance.vision/data/futures/um/daily/metrics/BTCUSDT/BTCUSDT-metrics-2022-04-08.zip.CHECKSUM "HTTP/1.1 200 OK"
2026-09-27 22:12:59,655 [INFO] httpx: HTTP Request: GET https://data.binance.vision/data/futures/um/daily/metrics/BTCUSDT/BTCUSDT-metrics-2022-04-09.zip "HTTP/1.1 200 OK"
2026-09-27 22:13:00,423 [INFO] httpx: HTTP Request: GET https://data.binance.vision/data/futures/um/daily/metrics/BTCUSDT/BTCUSDT-metrics-2022-04-09.zip.CHECKSUM "HTTP/1.1 200 OK"
2026-09-27 22:13:01,206 [INFO] httpx: HTTP Request: GET https://data.binance.vision/data/futures/um/daily/metrics/BTCUSDT/BTCUSDT-metrics-2022-04-10.zip "HTTP/1.1 200 OK"
2026-09-27 22:13:01,971 [INFO] httpx: HTTP Request: GET https://data.binance.vision/data/futures/um/daily/metrics/BTCUSDT/BTCUSDT-metrics-2022-04-10.zip.CHECKSUM "HTTP/1.1 200 OK"
2026-09-27 22:13:02,765 [INFO] httpx: HTTP Request: GET https://data.binance.vision/data/futures/um/daily/metrics/BTCUSDT/BTCUSDT-metrics-2022-04-11.zip "HTTP/1.1 200 OK"
2026-09-27 22:13:03,541 [INFO] httpx: HTTP Request: GET https://data.binance.vision/data/futures/um/daily/metrics/BTCUSDT/BTCUSDT-metrics-2022-04-11.zip.CHECKSUM "HTTP/1.1 200 OK"
2026-09-27 22:13:04,328 [INFO] httpx: HTTP Request: GET https://data.binance.vision/data/futures/um/daily/metrics/BTCUSDT/BTCUSDT-metrics-2022-04-12.zip "HTTP/1.1 200 OK"
2026-09-27 22:13:04,614 [INFO] httpx: HTTP Request: GET https://data.binance.vision/data/futures/um/daily/metrics/BTCUSDT/BTCUSDT-metrics-2022-04-12.zip.CHECKSUM "HTTP/1.1 200 OK"
2026-09-27 22:13:04,901 [INFO] httpx: HTTP Request: GET https://data.binance.vision/data/futures/um/daily/metrics/BTCUSDT/BTCUSDT-metrics-2022-04-13.zip "HTTP/1.1 200 OK"
2026-09-27 22:13:05,676 [INFO] httpx: HTTP Request: GET https://data.binance.vision/data/futures/um/daily/metrics/BTCUSDT/BTCUSDT-metrics-2022-04-13.zip.CHECKSUM "HTTP/1.1 200 OK"
2026-09-27 22:13:06,477 [INFO] httpx: HTTP Request: GET https://data.binance.vision/data/futures/um/daily/metrics/BTCUSDT/BTCUSDT-metrics-2022-04-14.zip "HTTP/1.1 200 OK"
2026-09-27 22:13:07,240 [INFO] httpx: HTTP Request: GET https://data.binance.vision/data/futures/um/daily/metrics/BTCUSDT/BTCUSDT-metrics-2022-04-14.zip.CHECKSUM "HTTP/1.1 200 OK"
2026-09-27 22:13:08,081 [INFO] httpx: HTTP Request: GET https://data.binance.vision/data/futures/um/daily/metrics/BTCUSDT/BTCUSDT-metrics-2022-04-15.zip "HTTP/1.1 200 OK"
2026-09-27 22:13:08,857 [INFO] httpx: HTTP Request: GET https://data.binance.vision/data/futures/um/daily/metrics/BTCUSDT/BTCUSDT-metrics-2022-04-15.zip.CHECKSUM "HTTP/1.1 200 OK"
2026-09-27 22:13:09,147 [INFO] httpx: HTTP Request: GET https://data.binance.vision/data/futures/um/daily/metrics/BTCUSDT/BTCUSDT-metrics-2022-04-16.zip "HTTP/1.1 200 OK"
2026-09-27 22:13:09,917 [INFO] httpx: HTTP Request: GET https://data.binance.vision/data/futures/um/daily/metrics/BTCUSDT/BTCUSDT-metrics-2022-04-16.zip.CHECKSUM "HTTP/1.1 200 OK"
2026-09-27 22:13:10,695 [INFO] httpx: HTTP Request: GET https://data.binance.vision/data/futures/um/daily/metrics/BTCUSDT/BTCUSDT-metrics-2022-04-17.zip "HTTP/1.1 200 OK"
2026-09-27 22:13:11,490 [INFO] httpx: HTTP Request: GET https://data.binance.vision/data/futures/um/daily/metrics/BTCUSDT/BTCUSDT-metrics-2022-04-17.zip.CHECKSUM "HTTP/1.1 200 OK"
2026-09-27 22:13:12,289 [INFO] httpx: HTTP Request: GET https://data.binance.vision/data/futures/um/daily/metrics/BTCUSDT/BTCUSDT-metrics-2022-04-18.zip "HTTP/1.1 200 OK"
2026-09-27 22:13:13,080 [INFO] httpx: HTTP Request: GET https://data.binance.vision/data/futures/um/daily/metrics/BTCUSDT/BTCUSDT-metrics-2022-04-18.zip.CHECKSUM "HTTP/1.1 200 OK"
2026-09-27 22:13:13,867 [INFO] httpx: HTTP Request: GET https://data.binance.vision/data/futures/um/daily/metrics/BTCUSDT/BTCUSDT-metrics-2022-04-19.zip "HTTP/1.1 200 OK"
2026-09-27 22:13:14,154 [INFO] httpx: HTTP Request: GET https://data.binance.vision/data/futures/um/daily/metrics/BTCUSDT/BTCUSDT-metrics-2022-04-19.zip.CHECKSUM "HTTP/1.1 200 OK"
2026-09-27 22:13:14,949 [INFO] httpx: HTTP Request: GET https://data.binance.vision/data/futures/um/daily/metrics/BTCUSDT/BTCUSDT-metrics-2022-04-20.zip "HTTP/1.1 200 OK"
2026-09-27 22:13:15,239 [INFO] httpx: HTTP Request: GET https://data.binance.vision/data/futures/um/daily/metrics/BTCUSDT/BTCUSDT-metrics-2022-04-20.zip.CHECKSUM "HTTP/1.1 200 OK"
2026-09-27 22:13:16,023 [INFO] httpx: HTTP Request: GET https://data.binance.vision/data/futures/um/daily/metrics/BTCUSDT/BTCUSDT-metrics-2022-04-21.zip "HTTP/1.1 200 OK"
2026-09-27 22:13:16,789 [INFO] httpx: HTTP Request: GET https://data.binance.vision/data/futures/um/daily/metrics/BTCUSDT/BTCUSDT-metrics-2022-04-21.zip.CHECKSUM "HTTP/1.1 200 OK"
2026-09-27 22:13:19,383 [INFO] httpx: HTTP Request: GET https://data.binance.vision/data/futures/um/daily/metrics/BTCUSDT/BTCUSDT-metrics-2022-04-22.zip "HTTP/1.1 200 OK"
2026-09-27 22:13:20,147 [INFO] httpx: HTTP Request: GET https://data.binance.vision/data/futures/um/daily/metrics/BTCUSDT/BTCUSDT-metrics-2022-04-22.zip.CHECKSUM "HTTP/1.1 200 OK"
2026-09-27 22:13:20,931 [INFO] httpx: HTTP Request: GET https://data.binance.vision/data/futures/um/daily/metrics/BTCUSDT/BTCUSDT-metrics-2022-04-23.zip "HTTP/1.1 200 OK"
2026-09-27 22:13:21,696 [INFO] httpx: HTTP Request: GET https://data.binance.vision/data/futures/um/daily/metrics/BTCUSDT/BTCUSDT-metrics-2022-04-23.zip.CHECKSUM "HTTP/1.1 200 OK"
2026-09-27 22:13:22,479 [INFO] httpx: HTTP Request: GET https://data.binance.vision/data/futures/um/daily/metrics/BTCUSDT/BTCUSDT-metrics-2022-04-24.zip "HTTP/1.1 200 OK"
2026-09-27 22:13:23,260 [INFO] httpx: HTTP Request: GET https://data.binance.vision/data/futures/um/daily/metrics/BTCUSDT/BTCUSDT-metrics-2022-04-24.zip.CHECKSUM "HTTP/1.1 200 OK"
2026-09-27 22:13:24,032 [INFO] httpx: HTTP Request: GET https://data.binance.vision/data/futures/um/daily/metrics/BTCUSDT/BTCUSDT-metrics-2022-04-25.zip "HTTP/1.1 200 OK"
2026-09-27 22:13:24,809 [INFO] httpx: HTTP Request: GET https://data.binance.vision/data/futures/um/daily/metrics/BTCUSDT/BTCUSDT-metrics-2022-04-25.zip.CHECKSUM "HTTP/1.1 200 OK"
2026-09-27 22:13:25,588 [INFO] httpx: HTTP Request: GET https://data.binance.vision/data/futures/um/daily/metrics/BTCUSDT/BTCUSDT-metrics-2022-04-26.zip "HTTP/1.1 200 OK"
2026-09-27 22:13:26,389 [INFO] httpx: HTTP Request: GET https://data.binance.vision/data/futures/um/daily/metrics/BTCUSDT/BTCUSDT-metrics-2022-04-26.zip.CHECKSUM "HTTP/1.1 200 OK"
2026-09-27 22:13:27,182 [INFO] httpx: HTTP Request: GET https://data.binance.vision/data/futures/um/daily/metrics/BTCUSDT/BTCUSDT-metrics-2022-04-27.zip "HTTP/1.1 200 OK"
2026-09-27 22:13:27,953 [INFO] httpx: HTTP Request: GET https://data.binance.vision/data/futures/um/daily/metrics/BTCUSDT/BTCUSDT-metrics-2022-04-27.zip.CHECKSUM "HTTP/1.1 200 OK"
2026-09-27 22:13:28,718 [INFO] httpx: HTTP Request: GET https://data.binance.vision/data/futures/um/daily/metrics/BTCUSDT/BTCUSDT-metrics-2022-04-28.zip "HTTP/1.1 200 OK"
2026-09-27 22:13:29,481 [INFO] httpx: HTTP Request: GET https://data.binance.vision/data/futures/um/daily/metrics/BTCUSDT/BTCUSDT-metrics-2022-04-28.zip.CHECKSUM "HTTP/1.1 200 OK"
2026-09-27 22:13:30,251 [INFO] httpx: HTTP Request: GET https://data.binance.vision/data/futures/um/daily/metrics/BTCUSDT/BTCUSDT-metrics-2022-04-29.zip "HTTP/1.1 200 OK"
2026-09-27 22:13:31,000 [INFO] httpx: HTTP Request: GET https://data.binance.vision/data/futures/um/daily/metrics/BTCUSDT/BTCUSDT-metrics-2022-04-29.zip.CHECKSUM "HTTP/1.1 200 OK"
2026-09-27 22:13:31,766 [INFO] httpx: HTTP Request: GET https://data.binance.vision/data/futures/um/daily/metrics/BTCUSDT/BTCUSDT-metrics-2022-04-30.zip "HTTP/1.1 200 OK"
2026-09-27 22:13:32,540 [INFO] httpx: HTTP Request: GET https://data.binance.vision/data/futures/um/daily/metrics/BTCUSDT/BTCUSDT-metrics-2022-04-30.zip.CHECKSUM "HTTP/1.1 200 OK"
2026-09-27 22:13:33,303 [INFO] httpx: HTTP Request: GET https://data.binance.vision/data/futures/um/daily/metrics/BTCUSDT/BTCUSDT-metrics-2022-05-01.zip "HTTP/1.1 200 OK"
2026-09-27 22:13:34,072 [INFO] httpx: HTTP Request: GET https://data.binance.vision/data/futures/um/daily/metrics/BTCUSDT/BTCUSDT-metrics-2022-05-01.zip.CHECKSUM "HTTP/1.1 200 OK"
2026-09-27 22:13:34,842 [INFO] httpx: HTTP Request: GET https://data.binance.vision/data/futures/um/daily/metrics/BTCUSDT/BTCUSDT-metrics-2022-05-02.zip "HTTP/1.1 200 OK"
2026-09-27 22:13:35,604 [INFO] httpx: HTTP Request: GET https://data.binance.vision/data/futures/um/daily/metrics/BTCUSDT/BTCUSDT-metrics-2022-05-02.zip.CHECKSUM "HTTP/1.1 200 OK"
2026-09-27 22:13:36,366 [INFO] httpx: HTTP Request: GET https://data.binance.vision/data/futures/um/daily/metrics/BTCUSDT/BTCUSDT-metrics-2022-05-03.zip "HTTP/1.1 200 OK"
2026-09-27 22:13:37,136 [INFO] httpx: HTTP Request: GET https://data.binance.vision/data/futures/um/daily/metrics/BTCUSDT/BTCUSDT-metrics-2022-05-03.zip.CHECKSUM "HTTP/1.1 200 OK"
2026-09-27 22:13:37,928 [INFO] httpx: HTTP Request: GET https://data.binance.vision/data/futures/um/daily/metrics/BTCUSDT/BTCUSDT-metrics-2022-05-04.zip "HTTP/1.1 200 OK"
2026-09-27 22:13:38,699 [INFO] httpx: HTTP Request: GET https://data.binance.vision/data/futures/um/daily/metrics/BTCUSDT/BTCUSDT-metrics-2022-05-04.zip.CHECKSUM "HTTP/1.1 200 OK"
2026-09-27 22:13:39,491 [INFO] httpx: HTTP Request: GET https://data.binance.vision/data/futures/um/daily/metrics/BTCUSDT/BTCUSDT-metrics-2022-05-05.zip "HTTP/1.1 200 OK"
2026-09-27 22:13:39,765 [INFO] httpx: HTTP Request: GET https://data.binance.vision/data/futures/um/daily/metrics/BTCUSDT/BTCUSDT-metrics-2022-05-05.zip.CHECKSUM "HTTP/1.1 200 OK"
2026-09-27 22:13:40,556 [INFO] httpx: HTTP Request: GET https://data.binance.vision/data/futures/um/daily/metrics/BTCUSDT/BTCUSDT-metrics-2022-05-06.zip "HTTP/1.1 200 OK"
2026-09-27 22:13:41,208 [INFO] httpx: HTTP Request: GET https://data.binance.vision/data/futures/um/daily/metrics/BTCUSDT/BTCUSDT-metrics-2022-05-06.zip.CHECKSUM "HTTP/1.1 200 OK"
2026-09-27 22:13:41,997 [INFO] httpx: HTTP Request: GET https://data.binance.vision/data/futures/um/daily/metrics/BTCUSDT/BTCUSDT-metrics-2022-05-07.zip "HTTP/1.1 200 OK"
2026-09-27 22:13:42,272 [INFO] httpx: HTTP Request: GET https://data.binance.vision/data/futures/um/daily/metrics/BTCUSDT/BTCUSDT-metrics-2022-05-07.zip.CHECKSUM "HTTP/1.1 200 OK"
2026-09-27 22:13:43,063 [INFO] httpx: HTTP Request: GET https://data.binance.vision/data/futures/um/daily/metrics/BTCUSDT/BTCUSDT-metrics-2022-05-08.zip "HTTP/1.1 200 OK"
2026-09-27 22:13:43,822 [INFO] httpx: HTTP Request: GET https://data.binance.vision/data/futures/um/daily/metrics/BTCUSDT/BTCUSDT-metrics-2022-05-08.zip.CHECKSUM "HTTP/1.1 200 OK"
2026-09-27 22:13:44,610 [INFO] httpx: HTTP Request: GET https://data.binance.vision/data/futures/um/daily/metrics/BTCUSDT/BTCUSDT-metrics-2022-05-09.zip "HTTP/1.1 200 OK"
2026-09-27 22:13:45,373 [INFO] httpx: HTTP Request: GET https://data.binance.vision/data/futures/um/daily/metrics/BTCUSDT/BTCUSDT-metrics-2022-05-09.zip.CHECKSUM "HTTP/1.1 200 OK"
2026-09-27 22:13:46,163 [INFO] httpx: HTTP Request: GET https://data.binance.vision/data/futures/um/daily/metrics/BTCUSDT/BTCUSDT-metrics-2022-05-10.zip "HTTP/1.1 200 OK"
2026-09-27 22:13:46,933 [INFO] httpx: HTTP Request: GET https://data.binance.vision/data/futures/um/daily/metrics/BTCUSDT/BTCUSDT-metrics-2022-05-10.zip.CHECKSUM "HTTP/1.1 200 OK"
2026-09-27 22:13:47,710 [INFO] httpx: HTTP Request: GET https://data.binance.vision/data/futures/um/daily/metrics/BTCUSDT/BTCUSDT-metrics-2022-05-11.zip "HTTP/1.1 200 OK"
2026-09-27 22:13:48,491 [INFO] httpx: HTTP Request: GET https://data.binance.vision/data/futures/um/daily/metrics/BTCUSDT/BTCUSDT-metrics-2022-05-11.zip.CHECKSUM "HTTP/1.1 200 OK"
2026-09-27 22:13:49,383 [INFO] httpx: HTTP Request: GET https://data.binance.vision/data/futures/um/daily/metrics/BTCUSDT/BTCUSDT-metrics-2022-05-12.zip "HTTP/1.1 200 OK"
2026-09-27 22:13:50,164 [INFO] httpx: HTTP Request: GET https://data.binance.vision/data/futures/um/daily/metrics/BTCUSDT/BTCUSDT-metrics-2022-05-12.zip.CHECKSUM "HTTP/1.1 200 OK"
2026-09-27 22:13:50,492 [INFO] httpx: HTTP Request: GET https://data.binance.vision/data/futures/um/daily/metrics/BTCUSDT/BTCUSDT-metrics-2022-05-13.zip "HTTP/1.1 200 OK"
2026-09-27 22:13:51,255 [INFO] httpx: HTTP Request: GET https://data.binance.vision/data/futures/um/daily/metrics/BTCUSDT/BTCUSDT-metrics-2022-05-13.zip.CHECKSUM "HTTP/1.1 200 OK"
2026-09-27 22:13:53,856 [INFO] httpx: HTTP Request: GET https://data.binance.vision/data/futures/um/daily/metrics/BTCUSDT/BTCUSDT-metrics-2022-05-14.zip "HTTP/1.1 200 OK"
2026-09-27 22:13:54,645 [INFO] httpx: HTTP Request: GET https://data.binance.vision/data/futures/um/daily/metrics/BTCUSDT/BTCUSDT-metrics-2022-05-14.zip.CHECKSUM "HTTP/1.1 200 OK"
2026-09-27 22:13:54,935 [INFO] httpx: HTTP Request: GET https://data.binance.vision/data/futures/um/daily/metrics/BTCUSDT/BTCUSDT-metrics-2022-05-15.zip "HTTP/1.1 200 OK"
2026-09-27 22:13:55,706 [INFO] httpx: HTTP Request: GET https://data.binance.vision/data/futures/um/daily/metrics/BTCUSDT/BTCUSDT-metrics-2022-05-15.zip.CHECKSUM "HTTP/1.1 200 OK"
2026-09-27 22:13:56,017 [INFO] httpx: HTTP Request: GET https://data.binance.vision/data/futures/um/daily/metrics/BTCUSDT/BTCUSDT-metrics-2022-05-16.zip "HTTP/1.1 200 OK"
2026-09-27 22:13:56,302 [INFO] httpx: HTTP Request: GET https://data.binance.vision/data/futures/um/daily/metrics/BTCUSDT/BTCUSDT-metrics-2022-05-16.zip.CHECKSUM "HTTP/1.1 200 OK"
2026-09-27 22:13:56,917 [INFO] httpx: HTTP Request: GET https://data.binance.vision/data/futures/um/daily/metrics/BTCUSDT/BTCUSDT-metrics-2022-05-17.zip "HTTP/1.1 200 OK"
2026-09-27 22:13:57,690 [INFO] httpx: HTTP Request: GET https://data.binance.vision/data/futures/um/daily/metrics/BTCUSDT/BTCUSDT-metrics-2022-05-17.zip.CHECKSUM "HTTP/1.1 200 OK"
2026-09-27 22:13:58,483 [INFO] httpx: HTTP Request: GET https://data.binance.vision/data/futures/um/daily/metrics/BTCUSDT/BTCUSDT-metrics-2022-05-18.zip "HTTP/1.1 200 OK"
2026-09-27 22:13:59,254 [INFO] httpx: HTTP Request: GET https://data.binance.vision/data/futures/um/daily/metrics/BTCUSDT/BTCUSDT-metrics-2022-05-18.zip.CHECKSUM "HTTP/1.1 200 OK"
2026-09-27 22:14:00,218 [INFO] httpx: HTTP Request: GET https://data.binance.vision/data/futures/um/daily/metrics/BTCUSDT/BTCUSDT-metrics-2022-05-19.zip "HTTP/1.1 200 OK"
2026-09-27 22:14:00,668 [INFO] httpx: HTTP Request: GET https://data.binance.vision/data/futures/um/daily/metrics/BTCUSDT/BTCUSDT-metrics-2022-05-19.zip.CHECKSUM "HTTP/1.1 200 OK"
2026-09-27 22:14:01,447 [INFO] httpx: HTTP Request: GET https://data.binance.vision/data/futures/um/daily/metrics/BTCUSDT/BTCUSDT-metrics-2022-05-20.zip "HTTP/1.1 200 OK"
2026-09-27 22:14:02,222 [INFO] httpx: HTTP Request: GET https://data.binance.vision/data/futures/um/daily/metrics/BTCUSDT/BTCUSDT-metrics-2022-05-20.zip.CHECKSUM "HTTP/1.1 200 OK"
2026-09-27 22:14:02,989 [INFO] httpx: HTTP Request: GET https://data.binance.vision/data/futures/um/daily/metrics/BTCUSDT/BTCUSDT-metrics-2022-05-21.zip "HTTP/1.1 200 OK"
2026-09-27 22:14:03,732 [INFO] httpx: HTTP Request: GET https://data.binance.vision/data/futures/um/daily/metrics/BTCUSDT/BTCUSDT-metrics-2022-05-21.zip.CHECKSUM "HTTP/1.1 200 OK"
2026-09-27 22:14:04,485 [INFO] httpx: HTTP Request: GET https://data.binance.vision/data/futures/um/daily/metrics/BTCUSDT/BTCUSDT-metrics-2022-05-22.zip "HTTP/1.1 200 OK"
2026-09-27 22:14:05,230 [INFO] httpx: HTTP Request: GET https://data.binance.vision/data/futures/um/daily/metrics/BTCUSDT/BTCUSDT-metrics-2022-05-22.zip.CHECKSUM "HTTP/1.1 200 OK"
2026-09-27 22:14:05,995 [INFO] httpx: HTTP Request: GET https://data.binance.vision/data/futures/um/daily/metrics/BTCUSDT/BTCUSDT-metrics-2022-05-23.zip "HTTP/1.1 200 OK"
2026-09-27 22:14:06,770 [INFO] httpx: HTTP Request: GET https://data.binance.vision/data/futures/um/daily/metrics/BTCUSDT/BTCUSDT-metrics-2022-05-23.zip.CHECKSUM "HTTP/1.1 200 OK"
2026-09-27 22:14:07,343 [INFO] httpx: HTTP Request: GET https://data.binance.vision/data/futures/um/daily/metrics/BTCUSDT/BTCUSDT-metrics-2022-05-24.zip "HTTP/1.1 200 OK"
2026-09-27 22:14:08,098 [INFO] httpx: HTTP Request: GET https://data.binance.vision/data/futures/um/daily/metrics/BTCUSDT/BTCUSDT-metrics-2022-05-24.zip.CHECKSUM "HTTP/1.1 200 OK"
2026-09-27 22:14:08,868 [INFO] httpx: HTTP Request: GET https://data.binance.vision/data/futures/um/daily/metrics/BTCUSDT/BTCUSDT-metrics-2022-05-25.zip "HTTP/1.1 200 OK"
2026-09-27 22:14:09,634 [INFO] httpx: HTTP Request: GET https://data.binance.vision/data/futures/um/daily/metrics/BTCUSDT/BTCUSDT-metrics-2022-05-25.zip.CHECKSUM "HTTP/1.1 200 OK"
2026-09-27 22:14:09,942 [INFO] httpx: HTTP Request: GET https://data.binance.vision/data/futures/um/daily/metrics/BTCUSDT/BTCUSDT-metrics-2022-05-26.zip "HTTP/1.1 200 OK"
2026-09-27 22:14:10,737 [INFO] httpx: HTTP Request: GET https://data.binance.vision/data/futures/um/daily/metrics/BTCUSDT/BTCUSDT-metrics-2022-05-26.zip.CHECKSUM "HTTP/1.1 200 OK"
2026-09-27 22:14:11,510 [INFO] httpx: HTTP Request: GET https://data.binance.vision/data/futures/um/daily/metrics/BTCUSDT/BTCUSDT-metrics-2022-05-27.zip "HTTP/1.1 200 OK"
2026-09-27 22:14:12,292 [INFO] httpx: HTTP Request: GET https://data.binance.vision/data/futures/um/daily/metrics/BTCUSDT/BTCUSDT-metrics-2022-05-27.zip.CHECKSUM "HTTP/1.1 200 OK"
2026-09-27 22:14:12,586 [INFO] httpx: HTTP Request: GET https://data.binance.vision/data/futures/um/daily/metrics/BTCUSDT/BTCUSDT-metrics-2022-05-28.zip "HTTP/1.1 200 OK"
2026-09-27 22:14:13,368 [INFO] httpx: HTTP Request: GET https://data.binance.vision/data/futures/um/daily/metrics/BTCUSDT/BTCUSDT-metrics-2022-05-28.zip.CHECKSUM "HTTP/1.1 200 OK"
2026-09-27 22:14:14,153 [INFO] httpx: HTTP Request: GET https://data.binance.vision/data/futures/um/daily/metrics/BTCUSDT/BTCUSDT-metrics-2022-05-29.zip "HTTP/1.1 200 OK"
2026-09-27 22:14:14,428 [INFO] httpx: HTTP Request: GET https://data.binance.vision/data/futures/um/daily/metrics/BTCUSDT/BTCUSDT-metrics-2022-05-29.zip.CHECKSUM "HTTP/1.1 200 OK"
2026-09-27 22:14:14,727 [INFO] httpx: HTTP Request: GET https://data.binance.vision/data/futures/um/daily/metrics/BTCUSDT/BTCUSDT-metrics-2022-05-30.zip "HTTP/1.1 200 OK"
2026-09-27 22:14:15,495 [INFO] httpx: HTTP Request: GET https://data.binance.vision/data/futures/um/daily/metrics/BTCUSDT/BTCUSDT-metrics-2022-05-30.zip.CHECKSUM "HTTP/1.1 200 OK"
2026-09-27 22:14:16,284 [INFO] httpx: HTTP Request: GET https://data.binance.vision/data/futures/um/daily/metrics/BTCUSDT/BTCUSDT-metrics-2022-05-31.zip "HTTP/1.1 200 OK"
2026-09-27 22:14:17,046 [INFO] httpx: HTTP Request: GET https://data.binance.vision/data/futures/um/daily/metrics/BTCUSDT/BTCUSDT-metrics-2022-05-31.zip.CHECKSUM "HTTP/1.1 200 OK"
2026-09-27 22:14:17,845 [INFO] httpx: HTTP Request: GET https://data.binance.vision/data/futures/um/daily/metrics/BTCUSDT/BTCUSDT-metrics-2022-06-01.zip "HTTP/1.1 200 OK"
2026-09-27 22:14:18,616 [INFO] httpx: HTTP Request: GET https://data.binance.vision/data/futures/um/daily/metrics/BTCUSDT/BTCUSDT-metrics-2022-06-01.zip.CHECKSUM "HTTP/1.1 200 OK"
2026-09-27 22:14:19,398 [INFO] httpx: HTTP Request: GET https://data.binance.vision/data/futures/um/daily/metrics/BTCUSDT/BTCUSDT-metrics-2022-06-02.zip "HTTP/1.1 200 OK"
2026-09-27 22:14:19,678 [INFO] httpx: HTTP Request: GET https://data.binance.vision/data/futures/um/daily/metrics/BTCUSDT/BTCUSDT-metrics-2022-06-02.zip.CHECKSUM "HTTP/1.1 200 OK"
2026-09-27 22:14:20,472 [INFO] httpx: HTTP Request: GET https://data.binance.vision/data/futures/um/daily/metrics/BTCUSDT/BTCUSDT-metrics-2022-06-03.zip "HTTP/1.1 200 OK"
2026-09-27 22:14:21,235 [INFO] httpx: HTTP Request: GET https://data.binance.vision/data/futures/um/daily/metrics/BTCUSDT/BTCUSDT-metrics-2022-06-03.zip.CHECKSUM "HTTP/1.1 200 OK"
2026-09-27 22:14:22,019 [INFO] httpx: HTTP Request: GET https://data.binance.vision/data/futures/um/daily/metrics/BTCUSDT/BTCUSDT-metrics-2022-06-04.zip "HTTP/1.1 200 OK"
2026-09-27 22:14:22,300 [INFO] httpx: HTTP Request: GET https://data.binance.vision/data/futures/um/daily/metrics/BTCUSDT/BTCUSDT-metrics-2022-06-04.zip.CHECKSUM "HTTP/1.1 200 OK"
2026-09-27 22:14:23,097 [INFO] httpx: HTTP Request: GET https://data.binance.vision/data/futures/um/daily/metrics/BTCUSDT/BTCUSDT-metrics-2022-06-05.zip "HTTP/1.1 200 OK"
2026-09-27 22:14:23,860 [INFO] httpx: HTTP Request: GET https://data.binance.vision/data/futures/um/daily/metrics/BTCUSDT/BTCUSDT-metrics-2022-06-05.zip.CHECKSUM "HTTP/1.1 200 OK"
2026-09-27 22:14:24,648 [INFO] httpx: HTTP Request: GET https://data.binance.vision/data/futures/um/daily/metrics/BTCUSDT/BTCUSDT-metrics-2022-06-06.zip "HTTP/1.1 200 OK"
2026-09-27 22:14:24,930 [INFO] httpx: HTTP Request: GET https://data.binance.vision/data/futures/um/daily/metrics/BTCUSDT/BTCUSDT-metrics-2022-06-06.zip.CHECKSUM "HTTP/1.1 200 OK"
2026-09-27 22:14:27,475 [INFO] httpx: HTTP Request: GET https://data.binance.vision/data/futures/um/daily/metrics/BTCUSDT/BTCUSDT-metrics-2022-06-07.zip "HTTP/1.1 200 OK"
2026-09-27 22:14:28,256 [INFO] httpx: HTTP Request: GET https://data.binance.vision/data/futures/um/daily/metrics/BTCUSDT/BTCUSDT-metrics-2022-06-07.zip.CHECKSUM "HTTP/1.1 200 OK"
2026-09-27 22:14:29,046 [INFO] httpx: HTTP Request: GET https://data.binance.vision/data/futures/um/daily/metrics/BTCUSDT/BTCUSDT-metrics-2022-06-08.zip "HTTP/1.1 200 OK"
2026-09-27 22:14:29,880 [INFO] httpx: HTTP Request: GET https://data.binance.vision/data/futures/um/daily/metrics/BTCUSDT/BTCUSDT-metrics-2022-06-08.zip.CHECKSUM "HTTP/1.1 200 OK"
2026-09-27 22:14:30,694 [INFO] httpx: HTTP Request: GET https://data.binance.vision/data/futures/um/daily/metrics/BTCUSDT/BTCUSDT-metrics-2022-06-09.zip "HTTP/1.1 200 OK"
2026-09-27 22:14:31,504 [INFO] httpx: HTTP Request: GET https://data.binance.vision/data/futures/um/daily/metrics/BTCUSDT/BTCUSDT-metrics-2022-06-09.zip.CHECKSUM "HTTP/1.1 200 OK"
2026-09-27 22:14:32,349 [INFO] httpx: HTTP Request: GET https://data.binance.vision/data/futures/um/daily/metrics/BTCUSDT/BTCUSDT-metrics-2022-06-10.zip "HTTP/1.1 200 OK"
2026-09-27 22:14:33,142 [INFO] httpx: HTTP Request: GET https://data.binance.vision/data/futures/um/daily/metrics/BTCUSDT/BTCUSDT-metrics-2022-06-10.zip.CHECKSUM "HTTP/1.1 200 OK"
2026-09-27 22:14:33,434 [INFO] httpx: HTTP Request: GET https://data.binance.vision/data/futures/um/daily/metrics/BTCUSDT/BTCUSDT-metrics-2022-06-11.zip "HTTP/1.1 200 OK"
2026-09-27 22:14:34,235 [INFO] httpx: HTTP Request: GET https://data.binance.vision/data/futures/um/daily/metrics/BTCUSDT/BTCUSDT-metrics-2022-06-11.zip.CHECKSUM "HTTP/1.1 200 OK"
2026-09-27 22:14:34,898 [INFO] httpx: HTTP Request: GET https://data.binance.vision/data/futures/um/daily/metrics/BTCUSDT/BTCUSDT-metrics-2022-06-12.zip "HTTP/1.1 200 OK"
2026-09-27 22:14:35,177 [INFO] httpx: HTTP Request: GET https://data.binance.vision/data/futures/um/daily/metrics/BTCUSDT/BTCUSDT-metrics-2022-06-12.zip.CHECKSUM "HTTP/1.1 200 OK"
2026-09-27 22:14:35,989 [INFO] httpx: HTTP Request: GET https://data.binance.vision/data/futures/um/daily/metrics/BTCUSDT/BTCUSDT-metrics-2022-06-13.zip "HTTP/1.1 200 OK"
2026-09-27 22:14:36,295 [INFO] httpx: HTTP Request: GET https://data.binance.vision/data/futures/um/daily/metrics/BTCUSDT/BTCUSDT-metrics-2022-06-13.zip.CHECKSUM "HTTP/1.1 200 OK"
2026-09-27 22:14:36,587 [INFO] httpx: HTTP Request: GET https://data.binance.vision/data/futures/um/daily/metrics/BTCUSDT/BTCUSDT-metrics-2022-06-14.zip "HTTP/1.1 200 OK"
2026-09-27 22:14:37,345 [INFO] httpx: HTTP Request: GET https://data.binance.vision/data/futures/um/daily/metrics/BTCUSDT/BTCUSDT-metrics-2022-06-14.zip.CHECKSUM "HTTP/1.1 200 OK"
2026-09-27 22:14:38,121 [INFO] httpx: HTTP Request: GET https://data.binance.vision/data/futures/um/daily/metrics/BTCUSDT/BTCUSDT-metrics-2022-06-15.zip "HTTP/1.1 200 OK"
2026-09-27 22:14:38,401 [INFO] httpx: HTTP Request: GET https://data.binance.vision/data/futures/um/daily/metrics/BTCUSDT/BTCUSDT-metrics-2022-06-15.zip.CHECKSUM "HTTP/1.1 200 OK"
2026-09-27 22:14:39,189 [INFO] httpx: HTTP Request: GET https://data.binance.vision/data/futures/um/daily/metrics/BTCUSDT/BTCUSDT-metrics-2022-06-16.zip "HTTP/1.1 200 OK"
2026-09-27 22:14:39,970 [INFO] httpx: HTTP Request: GET https://data.binance.vision/data/futures/um/daily/metrics/BTCUSDT/BTCUSDT-metrics-2022-06-16.zip.CHECKSUM "HTTP/1.1 200 OK"
2026-09-27 22:14:40,747 [INFO] httpx: HTTP Request: GET https://data.binance.vision/data/futures/um/daily/metrics/BTCUSDT/BTCUSDT-metrics-2022-06-17.zip "HTTP/1.1 200 OK"
2026-09-27 22:14:41,513 [INFO] httpx: HTTP Request: GET https://data.binance.vision/data/futures/um/daily/metrics/BTCUSDT/BTCUSDT-metrics-2022-06-17.zip.CHECKSUM "HTTP/1.1 200 OK"
2026-09-27 22:14:42,279 [INFO] httpx: HTTP Request: GET https://data.binance.vision/data/futures/um/daily/metrics/BTCUSDT/BTCUSDT-metrics-2022-06-18.zip "HTTP/1.1 200 OK"
2026-09-27 22:14:43,058 [INFO] httpx: HTTP Request: GET https://data.binance.vision/data/futures/um/daily/metrics/BTCUSDT/BTCUSDT-metrics-2022-06-18.zip.CHECKSUM "HTTP/1.1 200 OK"
2026-09-27 22:14:43,878 [INFO] httpx: HTTP Request: GET https://data.binance.vision/data/futures/um/daily/metrics/BTCUSDT/BTCUSDT-metrics-2022-06-19.zip "HTTP/1.1 200 OK"
2026-09-27 22:14:44,636 [INFO] httpx: HTTP Request: GET https://data.binance.vision/data/futures/um/daily/metrics/BTCUSDT/BTCUSDT-metrics-2022-06-19.zip.CHECKSUM "HTTP/1.1 200 OK"
2026-09-27 22:14:45,406 [INFO] httpx: HTTP Request: GET https://data.binance.vision/data/futures/um/daily/metrics/BTCUSDT/BTCUSDT-metrics-2022-06-20.zip "HTTP/1.1 200 OK"
2026-09-27 22:14:46,160 [INFO] httpx: HTTP Request: GET https://data.binance.vision/data/futures/um/daily/metrics/BTCUSDT/BTCUSDT-metrics-2022-06-20.zip.CHECKSUM "HTTP/1.1 200 OK"
2026-09-27 22:14:46,932 [INFO] httpx: HTTP Request: GET https://data.binance.vision/data/futures/um/daily/metrics/BTCUSDT/BTCUSDT-metrics-2022-06-21.zip "HTTP/1.1 200 OK"
2026-09-27 22:14:47,204 [INFO] httpx: HTTP Request: GET https://data.binance.vision/data/futures/um/daily/metrics/BTCUSDT/BTCUSDT-metrics-2022-06-21.zip.CHECKSUM "HTTP/1.1 200 OK"
2026-09-27 22:14:47,974 [INFO] httpx: HTTP Request: GET https://data.binance.vision/data/futures/um/daily/metrics/BTCUSDT/BTCUSDT-metrics-2022-06-22.zip "HTTP/1.1 200 OK"
2026-09-27 22:14:48,734 [INFO] httpx: HTTP Request: GET https://data.binance.vision/data/futures/um/daily/metrics/BTCUSDT/BTCUSDT-metrics-2022-06-22.zip.CHECKSUM "HTTP/1.1 200 OK"
2026-09-27 22:14:49,512 [INFO] httpx: HTTP Request: GET https://data.binance.vision/data/futures/um/daily/metrics/BTCUSDT/BTCUSDT-metrics-2022-06-23.zip "HTTP/1.1 200 OK"
2026-09-27 22:14:50,275 [INFO] httpx: HTTP Request: GET https://data.binance.vision/data/futures/um/daily/metrics/BTCUSDT/BTCUSDT-metrics-2022-06-23.zip.CHECKSUM "HTTP/1.1 200 OK"
2026-09-27 22:14:51,066 [INFO] httpx: HTTP Request: GET https://data.binance.vision/data/futures/um/daily/metrics/BTCUSDT/BTCUSDT-metrics-2022-06-24.zip "HTTP/1.1 200 OK"
2026-09-27 22:14:51,844 [INFO] httpx: HTTP Request: GET https://data.binance.vision/data/futures/um/daily/metrics/BTCUSDT/BTCUSDT-metrics-2022-06-24.zip.CHECKSUM "HTTP/1.1 200 OK"
2026-09-27 22:14:52,638 [INFO] httpx: HTTP Request: GET https://data.binance.vision/data/futures/um/daily/metrics/BTCUSDT/BTCUSDT-metrics-2022-06-25.zip "HTTP/1.1 200 OK"
2026-09-27 22:14:53,413 [INFO] httpx: HTTP Request: GET https://data.binance.vision/data/futures/um/daily/metrics/BTCUSDT/BTCUSDT-metrics-2022-06-25.zip.CHECKSUM "HTTP/1.1 200 OK"
2026-09-27 22:14:54,191 [INFO] httpx: HTTP Request: GET https://data.binance.vision/data/futures/um/daily/metrics/BTCUSDT/BTCUSDT-metrics-2022-06-26.zip "HTTP/1.1 200 OK"
2026-09-27 22:14:54,966 [INFO] httpx: HTTP Request: GET https://data.binance.vision/data/futures/um/daily/metrics/BTCUSDT/BTCUSDT-metrics-2022-06-26.zip.CHECKSUM "HTTP/1.1 200 OK"
2026-09-27 22:14:55,765 [INFO] httpx: HTTP Request: GET https://data.binance.vision/data/futures/um/daily/metrics/BTCUSDT/BTCUSDT-metrics-2022-06-27.zip "HTTP/1.1 200 OK"
2026-09-27 22:14:56,526 [INFO] httpx: HTTP Request: GET https://data.binance.vision/data/futures/um/daily/metrics/BTCUSDT/BTCUSDT-metrics-2022-06-27.zip.CHECKSUM "HTTP/1.1 200 OK"
2026-09-27 22:14:57,313 [INFO] httpx: HTTP Request: GET https://data.binance.vision/data/futures/um/daily/metrics/BTCUSDT/BTCUSDT-metrics-2022-06-28.zip "HTTP/1.1 200 OK"
2026-09-27 22:14:57,609 [INFO] httpx: HTTP Request: GET https://data.binance.vision/data/futures/um/daily/metrics/BTCUSDT/BTCUSDT-metrics-2022-06-28.zip.CHECKSUM "HTTP/1.1 200 OK"
2026-09-27 22:14:58,413 [INFO] httpx: HTTP Request: GET https://data.binance.vision/data/futures/um/daily/metrics/BTCUSDT/BTCUSDT-metrics-2022-06-29.zip "HTTP/1.1 200 OK"
2026-09-27 22:14:59,231 [INFO] httpx: HTTP Request: GET https://data.binance.vision/data/futures/um/daily/metrics/BTCUSDT/BTCUSDT-metrics-2022-06-29.zip.CHECKSUM "HTTP/1.1 200 OK"
2026-09-27 22:14:59,551 [INFO] httpx: HTTP Request: GET https://data.binance.vision/data/futures/um/daily/metrics/BTCUSDT/BTCUSDT-metrics-2022-06-30.zip "HTTP/1.1 200 OK"
2026-09-27 22:15:02,111 [INFO] httpx: HTTP Request: GET https://data.binance.vision/data/futures/um/daily/metrics/BTCUSDT/BTCUSDT-metrics-2022-06-30.zip.CHECKSUM "HTTP/1.1 200 OK"
2026-09-27 22:15:02,921 [INFO] httpx: HTTP Request: GET https://data.binance.vision/data/futures/um/daily/metrics/BTCUSDT/BTCUSDT-metrics-2022-07-01.zip "HTTP/1.1 200 OK"
2026-09-27 22:15:03,722 [INFO] httpx: HTTP Request: GET https://data.binance.vision/data/futures/um/daily/metrics/BTCUSDT/BTCUSDT-metrics-2022-07-01.zip.CHECKSUM "HTTP/1.1 200 OK"
2026-09-27 22:15:04,522 [INFO] httpx: HTTP Request: GET https://data.binance.vision/data/futures/um/daily/metrics/BTCUSDT/BTCUSDT-metrics-2022-07-02.zip "HTTP/1.1 200 OK"
2026-09-27 22:15:05,313 [INFO] httpx: HTTP Request: GET https://data.binance.vision/data/futures/um/daily/metrics/BTCUSDT/BTCUSDT-metrics-2022-07-02.zip.CHECKSUM "HTTP/1.1 200 OK"
2026-09-27 22:15:06,152 [INFO] httpx: HTTP Request: GET https://data.binance.vision/data/futures/um/daily/metrics/BTCUSDT/BTCUSDT-metrics-2022-07-03.zip "HTTP/1.1 200 OK"
2026-09-27 22:15:06,961 [INFO] httpx: HTTP Request: GET https://data.binance.vision/data/futures/um/daily/metrics/BTCUSDT/BTCUSDT-metrics-2022-07-03.zip.CHECKSUM "HTTP/1.1 200 OK"
2026-09-27 22:15:07,748 [INFO] httpx: HTTP Request: GET https://data.binance.vision/data/futures/um/daily/metrics/BTCUSDT/BTCUSDT-metrics-2022-07-04.zip "HTTP/1.1 200 OK"
2026-09-27 22:15:08,509 [INFO] httpx: HTTP Request: GET https://data.binance.vision/data/futures/um/daily/metrics/BTCUSDT/BTCUSDT-metrics-2022-07-04.zip.CHECKSUM "HTTP/1.1 200 OK"
2026-09-27 22:15:09,294 [INFO] httpx: HTTP Request: GET https://data.binance.vision/data/futures/um/daily/metrics/BTCUSDT/BTCUSDT-metrics-2022-07-05.zip "HTTP/1.1 200 OK"
2026-09-27 22:15:10,068 [INFO] httpx: HTTP Request: GET https://data.binance.vision/data/futures/um/daily/metrics/BTCUSDT/BTCUSDT-metrics-2022-07-05.zip.CHECKSUM "HTTP/1.1 200 OK"
2026-09-27 22:15:10,848 [INFO] httpx: HTTP Request: GET https://data.binance.vision/data/futures/um/daily/metrics/BTCUSDT/BTCUSDT-metrics-2022-07-06.zip "HTTP/1.1 200 OK"
2026-09-27 22:15:11,605 [INFO] httpx: HTTP Request: GET https://data.binance.vision/data/futures/um/daily/metrics/BTCUSDT/BTCUSDT-metrics-2022-07-06.zip.CHECKSUM "HTTP/1.1 200 OK"
2026-09-27 22:15:12,372 [INFO] httpx: HTTP Request: GET https://data.binance.vision/data/futures/um/daily/metrics/BTCUSDT/BTCUSDT-metrics-2022-07-07.zip "HTTP/1.1 200 OK"
2026-09-27 22:15:13,122 [INFO] httpx: HTTP Request: GET https://data.binance.vision/data/futures/um/daily/metrics/BTCUSDT/BTCUSDT-metrics-2022-07-07.zip.CHECKSUM "HTTP/1.1 200 OK"
2026-09-27 22:15:13,900 [INFO] httpx: HTTP Request: GET https://data.binance.vision/data/futures/um/daily/metrics/BTCUSDT/BTCUSDT-metrics-2022-07-08.zip "HTTP/1.1 200 OK"
2026-09-27 22:15:14,657 [INFO] httpx: HTTP Request: GET https://data.binance.vision/data/futures/um/daily/metrics/BTCUSDT/BTCUSDT-metrics-2022-07-08.zip.CHECKSUM "HTTP/1.1 200 OK"
2026-09-27 22:15:15,438 [INFO] httpx: HTTP Request: GET https://data.binance.vision/data/futures/um/daily/metrics/BTCUSDT/BTCUSDT-metrics-2022-07-09.zip "HTTP/1.1 200 OK"
2026-09-27 22:15:16,190 [INFO] httpx: HTTP Request: GET https://data.binance.vision/data/futures/um/daily/metrics/BTCUSDT/BTCUSDT-metrics-2022-07-09.zip.CHECKSUM "HTTP/1.1 200 OK"
2026-09-27 22:15:16,970 [INFO] httpx: HTTP Request: GET https://data.binance.vision/data/futures/um/daily/metrics/BTCUSDT/BTCUSDT-metrics-2022-07-10.zip "HTTP/1.1 200 OK"
2026-09-27 22:15:17,766 [INFO] httpx: HTTP Request: GET https://data.binance.vision/data/futures/um/daily/metrics/BTCUSDT/BTCUSDT-metrics-2022-07-10.zip.CHECKSUM "HTTP/1.1 200 OK"
2026-09-27 22:15:18,540 [INFO] httpx: HTTP Request: GET https://data.binance.vision/data/futures/um/daily/metrics/BTCUSDT/BTCUSDT-metrics-2022-07-11.zip "HTTP/1.1 200 OK"
2026-09-27 22:15:19,290 [INFO] httpx: HTTP Request: GET https://data.binance.vision/data/futures/um/daily/metrics/BTCUSDT/BTCUSDT-metrics-2022-07-11.zip.CHECKSUM "HTTP/1.1 200 OK"
2026-09-27 22:15:20,040 [INFO] httpx: HTTP Request: GET https://data.binance.vision/data/futures/um/daily/metrics/BTCUSDT/BTCUSDT-metrics-2022-07-12.zip "HTTP/1.1 200 OK"
2026-09-27 22:15:20,778 [INFO] httpx: HTTP Request: GET https://data.binance.vision/data/futures/um/daily/metrics/BTCUSDT/BTCUSDT-metrics-2022-07-12.zip.CHECKSUM "HTTP/1.1 200 OK"
2026-09-27 22:15:21,064 [INFO] httpx: HTTP Request: GET https://data.binance.vision/data/futures/um/daily/metrics/BTCUSDT/BTCUSDT-metrics-2022-07-13.zip "HTTP/1.1 200 OK"
2026-09-27 22:15:21,809 [INFO] httpx: HTTP Request: GET https://data.binance.vision/data/futures/um/daily/metrics/BTCUSDT/BTCUSDT-metrics-2022-07-13.zip.CHECKSUM "HTTP/1.1 200 OK"
2026-09-27 22:15:22,573 [INFO] httpx: HTTP Request: GET https://data.binance.vision/data/futures/um/daily/metrics/BTCUSDT/BTCUSDT-metrics-2022-07-14.zip "HTTP/1.1 200 OK"
2026-09-27 22:15:23,345 [INFO] httpx: HTTP Request: GET https://data.binance.vision/data/futures/um/daily/metrics/BTCUSDT/BTCUSDT-metrics-2022-07-14.zip.CHECKSUM "HTTP/1.1 200 OK"
2026-09-27 22:15:24,132 [INFO] httpx: HTTP Request: GET https://data.binance.vision/data/futures/um/daily/metrics/BTCUSDT/BTCUSDT-metrics-2022-07-15.zip "HTTP/1.1 200 OK"
2026-09-27 22:15:24,906 [INFO] httpx: HTTP Request: GET https://data.binance.vision/data/futures/um/daily/metrics/BTCUSDT/BTCUSDT-metrics-2022-07-15.zip.CHECKSUM "HTTP/1.1 200 OK"
2026-09-27 22:15:25,672 [INFO] httpx: HTTP Request: GET https://data.binance.vision/data/futures/um/daily/metrics/BTCUSDT/BTCUSDT-metrics-2022-07-16.zip "HTTP/1.1 200 OK"
2026-09-27 22:15:26,438 [INFO] httpx: HTTP Request: GET https://data.binance.vision/data/futures/um/daily/metrics/BTCUSDT/BTCUSDT-metrics-2022-07-16.zip.CHECKSUM "HTTP/1.1 200 OK"
2026-09-27 22:15:27,218 [INFO] httpx: HTTP Request: GET https://data.binance.vision/data/futures/um/daily/metrics/BTCUSDT/BTCUSDT-metrics-2022-07-17.zip "HTTP/1.1 200 OK"
2026-09-27 22:15:27,983 [INFO] httpx: HTTP Request: GET https://data.binance.vision/data/futures/um/daily/metrics/BTCUSDT/BTCUSDT-metrics-2022-07-17.zip.CHECKSUM "HTTP/1.1 200 OK"
2026-09-27 22:15:28,764 [INFO] httpx: HTTP Request: GET https://data.binance.vision/data/futures/um/daily/metrics/BTCUSDT/BTCUSDT-metrics-2022-07-18.zip "HTTP/1.1 200 OK"
2026-09-27 22:15:29,529 [INFO] httpx: HTTP Request: GET https://data.binance.vision/data/futures/um/daily/metrics/BTCUSDT/BTCUSDT-metrics-2022-07-18.zip.CHECKSUM "HTTP/1.1 200 OK"
2026-09-27 22:15:29,817 [INFO] httpx: HTTP Request: GET https://data.binance.vision/data/futures/um/daily/metrics/BTCUSDT/BTCUSDT-metrics-2022-07-19.zip "HTTP/1.1 200 OK"
2026-09-27 22:15:30,092 [INFO] httpx: HTTP Request: GET https://data.binance.vision/data/futures/um/daily/metrics/BTCUSDT/BTCUSDT-metrics-2022-07-19.zip.CHECKSUM "HTTP/1.1 200 OK"
2026-09-27 22:15:30,892 [INFO] httpx: HTTP Request: GET https://data.binance.vision/data/futures/um/daily/metrics/BTCUSDT/BTCUSDT-metrics-2022-07-20.zip "HTTP/1.1 200 OK"
2026-09-27 22:15:31,658 [INFO] httpx: HTTP Request: GET https://data.binance.vision/data/futures/um/daily/metrics/BTCUSDT/BTCUSDT-metrics-2022-07-20.zip.CHECKSUM "HTTP/1.1 200 OK"
2026-09-27 22:15:32,466 [INFO] httpx: HTTP Request: GET https://data.binance.vision/data/futures/um/daily/metrics/BTCUSDT/BTCUSDT-metrics-2022-07-21.zip "HTTP/1.1 200 OK"
2026-09-27 22:15:33,248 [INFO] httpx: HTTP Request: GET https://data.binance.vision/data/futures/um/daily/metrics/BTCUSDT/BTCUSDT-metrics-2022-07-21.zip.CHECKSUM "HTTP/1.1 200 OK"
2026-09-27 22:15:35,802 [INFO] httpx: HTTP Request: GET https://data.binance.vision/data/futures/um/daily/metrics/BTCUSDT/BTCUSDT-metrics-2022-07-22.zip "HTTP/1.1 200 OK"
2026-09-27 22:15:36,619 [INFO] httpx: HTTP Request: GET https://data.binance.vision/data/futures/um/daily/metrics/BTCUSDT/BTCUSDT-metrics-2022-07-22.zip.CHECKSUM "HTTP/1.1 200 OK"
2026-09-27 22:15:37,441 [INFO] httpx: HTTP Request: GET https://data.binance.vision/data/futures/um/daily/metrics/BTCUSDT/BTCUSDT-metrics-2022-07-23.zip "HTTP/1.1 200 OK"
2026-09-27 22:15:38,238 [INFO] httpx: HTTP Request: GET https://data.binance.vision/data/futures/um/daily/metrics/BTCUSDT/BTCUSDT-metrics-2022-07-23.zip.CHECKSUM "HTTP/1.1 200 OK"
2026-09-27 22:15:39,010 [INFO] httpx: HTTP Request: GET https://data.binance.vision/data/futures/um/daily/metrics/BTCUSDT/BTCUSDT-metrics-2022-07-24.zip "HTTP/1.1 200 OK"
2026-09-27 22:15:39,772 [INFO] httpx: HTTP Request: GET https://data.binance.vision/data/futures/um/daily/metrics/BTCUSDT/BTCUSDT-metrics-2022-07-24.zip.CHECKSUM "HTTP/1.1 200 OK"
2026-09-27 22:15:40,550 [INFO] httpx: HTTP Request: GET https://data.binance.vision/data/futures/um/daily/metrics/BTCUSDT/BTCUSDT-metrics-2022-07-25.zip "HTTP/1.1 200 OK"
2026-09-27 22:15:41,325 [INFO] httpx: HTTP Request: GET https://data.binance.vision/data/futures/um/daily/metrics/BTCUSDT/BTCUSDT-metrics-2022-07-25.zip.CHECKSUM "HTTP/1.1 200 OK"
2026-09-27 22:15:42,108 [INFO] httpx: HTTP Request: GET https://data.binance.vision/data/futures/um/daily/metrics/BTCUSDT/BTCUSDT-metrics-2022-07-26.zip "HTTP/1.1 200 OK"
2026-09-27 22:15:42,870 [INFO] httpx: HTTP Request: GET https://data.binance.vision/data/futures/um/daily/metrics/BTCUSDT/BTCUSDT-metrics-2022-07-26.zip.CHECKSUM "HTTP/1.1 200 OK"
2026-09-27 22:15:43,666 [INFO] httpx: HTTP Request: GET https://data.binance.vision/data/futures/um/daily/metrics/BTCUSDT/BTCUSDT-metrics-2022-07-27.zip "HTTP/1.1 200 OK"
2026-09-27 22:15:44,404 [INFO] httpx: HTTP Request: GET https://data.binance.vision/data/futures/um/daily/metrics/BTCUSDT/BTCUSDT-metrics-2022-07-27.zip.CHECKSUM "HTTP/1.1 200 OK"
2026-09-27 22:15:45,153 [INFO] httpx: HTTP Request: GET https://data.binance.vision/data/futures/um/daily/metrics/BTCUSDT/BTCUSDT-metrics-2022-07-28.zip "HTTP/1.1 200 OK"
2026-09-27 22:15:45,900 [INFO] httpx: HTTP Request: GET https://data.binance.vision/data/futures/um/daily/metrics/BTCUSDT/BTCUSDT-metrics-2022-07-28.zip.CHECKSUM "HTTP/1.1 200 OK"
2026-09-27 22:15:46,662 [INFO] httpx: HTTP Request: GET https://data.binance.vision/data/futures/um/daily/metrics/BTCUSDT/BTCUSDT-metrics-2022-07-29.zip "HTTP/1.1 200 OK"
2026-09-27 22:15:47,396 [INFO] httpx: HTTP Request: GET https://data.binance.vision/data/futures/um/daily/metrics/BTCUSDT/BTCUSDT-metrics-2022-07-29.zip.CHECKSUM "HTTP/1.1 200 OK"
2026-09-27 22:15:48,147 [INFO] httpx: HTTP Request: GET https://data.binance.vision/data/futures/um/daily/metrics/BTCUSDT/BTCUSDT-metrics-2022-07-30.zip "HTTP/1.1 200 OK"
2026-09-27 22:15:48,895 [INFO] httpx: HTTP Request: GET https://data.binance.vision/data/futures/um/daily/metrics/BTCUSDT/BTCUSDT-metrics-2022-07-30.zip.CHECKSUM "HTTP/1.1 200 OK"
2026-09-27 22:15:49,679 [INFO] httpx: HTTP Request: GET https://data.binance.vision/data/futures/um/daily/metrics/BTCUSDT/BTCUSDT-metrics-2022-07-31.zip "HTTP/1.1 200 OK"
2026-09-27 22:15:50,451 [INFO] httpx: HTTP Request: GET https://data.binance.vision/data/futures/um/daily/metrics/BTCUSDT/BTCUSDT-metrics-2022-07-31.zip.CHECKSUM "HTTP/1.1 200 OK"
2026-09-27 22:15:51,232 [INFO] httpx: HTTP Request: GET https://data.binance.vision/data/futures/um/daily/metrics/BTCUSDT/BTCUSDT-metrics-2022-08-01.zip "HTTP/1.1 200 OK"
2026-09-27 22:15:52,001 [INFO] httpx: HTTP Request: GET https://data.binance.vision/data/futures/um/daily/metrics/BTCUSDT/BTCUSDT-metrics-2022-08-01.zip.CHECKSUM "HTTP/1.1 200 OK"
2026-09-27 22:15:52,815 [INFO] httpx: HTTP Request: GET https://data.binance.vision/data/futures/um/daily/metrics/BTCUSDT/BTCUSDT-metrics-2022-08-02.zip "HTTP/1.1 200 OK"
2026-09-27 22:15:53,100 [INFO] httpx: HTTP Request: GET https://data.binance.vision/data/futures/um/daily/metrics/BTCUSDT/BTCUSDT-metrics-2022-08-02.zip.CHECKSUM "HTTP/1.1 200 OK"
2026-09-27 22:15:53,883 [INFO] httpx: HTTP Request: GET https://data.binance.vision/data/futures/um/daily/metrics/BTCUSDT/BTCUSDT-metrics-2022-08-03.zip "HTTP/1.1 200 OK"
2026-09-27 22:15:54,655 [INFO] httpx: HTTP Request: GET https://data.binance.vision/data/futures/um/daily/metrics/BTCUSDT/BTCUSDT-metrics-2022-08-03.zip.CHECKSUM "HTTP/1.1 200 OK"
2026-09-27 22:15:55,453 [INFO] httpx: HTTP Request: GET https://data.binance.vision/data/futures/um/daily/metrics/BTCUSDT/BTCUSDT-metrics-2022-08-04.zip "HTTP/1.1 200 OK"
2026-09-27 22:15:56,225 [INFO] httpx: HTTP Request: GET https://data.binance.vision/data/futures/um/daily/metrics/BTCUSDT/BTCUSDT-metrics-2022-08-04.zip.CHECKSUM "HTTP/1.1 200 OK"
2026-09-27 22:15:57,024 [INFO] httpx: HTTP Request: GET https://data.binance.vision/data/futures/um/daily/metrics/BTCUSDT/BTCUSDT-metrics-2022-08-05.zip "HTTP/1.1 200 OK"
2026-09-27 22:15:57,307 [INFO] httpx: HTTP Request: GET https://data.binance.vision/data/futures/um/daily/metrics/BTCUSDT/BTCUSDT-metrics-2022-08-05.zip.CHECKSUM "HTTP/1.1 200 OK"
2026-09-27 22:15:58,102 [INFO] httpx: HTTP Request: GET https://data.binance.vision/data/futures/um/daily/metrics/BTCUSDT/BTCUSDT-metrics-2022-08-06.zip "HTTP/1.1 200 OK"
2026-09-27 22:15:58,871 [INFO] httpx: HTTP Request: GET https://data.binance.vision/data/futures/um/daily/metrics/BTCUSDT/BTCUSDT-metrics-2022-08-06.zip.CHECKSUM "HTTP/1.1 200 OK"
2026-09-27 22:15:59,690 [INFO] httpx: HTTP Request: GET https://data.binance.vision/data/futures/um/daily/metrics/BTCUSDT/BTCUSDT-metrics-2022-08-07.zip "HTTP/1.1 200 OK"
2026-09-27 22:16:00,478 [INFO] httpx: HTTP Request: GET https://data.binance.vision/data/futures/um/daily/metrics/BTCUSDT/BTCUSDT-metrics-2022-08-07.zip.CHECKSUM "HTTP/1.1 200 OK"
2026-09-27 22:16:01,284 [INFO] httpx: HTTP Request: GET https://data.binance.vision/data/futures/um/daily/metrics/BTCUSDT/BTCUSDT-metrics-2022-08-08.zip "HTTP/1.1 200 OK"
2026-09-27 22:16:02,063 [INFO] httpx: HTTP Request: GET https://data.binance.vision/data/futures/um/daily/metrics/BTCUSDT/BTCUSDT-metrics-2022-08-08.zip.CHECKSUM "HTTP/1.1 200 OK"
2026-09-27 22:16:02,876 [INFO] httpx: HTTP Request: GET https://data.binance.vision/data/futures/um/daily/metrics/BTCUSDT/BTCUSDT-metrics-2022-08-09.zip "HTTP/1.1 200 OK"
2026-09-27 22:16:03,637 [INFO] httpx: HTTP Request: GET https://data.binance.vision/data/futures/um/daily/metrics/BTCUSDT/BTCUSDT-metrics-2022-08-09.zip.CHECKSUM "HTTP/1.1 200 OK"
2026-09-27 22:16:04,415 [INFO] httpx: HTTP Request: GET https://data.binance.vision/data/futures/um/daily/metrics/BTCUSDT/BTCUSDT-metrics-2022-08-10.zip "HTTP/1.1 200 OK"
2026-09-27 22:16:05,176 [INFO] httpx: HTTP Request: GET https://data.binance.vision/data/futures/um/daily/metrics/BTCUSDT/BTCUSDT-metrics-2022-08-10.zip.CHECKSUM "HTTP/1.1 200 OK"
2026-09-27 22:16:05,573 [INFO] httpx: HTTP Request: GET https://data.binance.vision/data/futures/um/daily/metrics/BTCUSDT/BTCUSDT-metrics-2022-08-11.zip "HTTP/1.1 200 OK"
2026-09-27 22:16:06,347 [INFO] httpx: HTTP Request: GET https://data.binance.vision/data/futures/um/daily/metrics/BTCUSDT/BTCUSDT-metrics-2022-08-11.zip.CHECKSUM "HTTP/1.1 200 OK"
2026-09-27 22:16:07,021 [INFO] httpx: HTTP Request: GET https://data.binance.vision/data/futures/um/daily/metrics/BTCUSDT/BTCUSDT-metrics-2022-08-12.zip "HTTP/1.1 200 OK"
2026-09-27 22:16:07,798 [INFO] httpx: HTTP Request: GET https://data.binance.vision/data/futures/um/daily/metrics/BTCUSDT/BTCUSDT-metrics-2022-08-12.zip.CHECKSUM "HTTP/1.1 200 OK"
2026-09-27 22:16:10,415 [INFO] httpx: HTTP Request: GET https://data.binance.vision/data/futures/um/daily/metrics/BTCUSDT/BTCUSDT-metrics-2022-08-13.zip "HTTP/1.1 200 OK"
2026-09-27 22:16:11,194 [INFO] httpx: HTTP Request: GET https://data.binance.vision/data/futures/um/daily/metrics/BTCUSDT/BTCUSDT-metrics-2022-08-13.zip.CHECKSUM "HTTP/1.1 200 OK"
2026-09-27 22:16:12,014 [INFO] httpx: HTTP Request: GET https://data.binance.vision/data/futures/um/daily/metrics/BTCUSDT/BTCUSDT-metrics-2022-08-14.zip "HTTP/1.1 200 OK"
2026-09-27 22:16:12,812 [INFO] httpx: HTTP Request: GET https://data.binance.vision/data/futures/um/daily/metrics/BTCUSDT/BTCUSDT-metrics-2022-08-14.zip.CHECKSUM "HTTP/1.1 200 OK"
2026-09-27 22:16:13,265 [INFO] httpx: HTTP Request: GET https://data.binance.vision/data/futures/um/daily/metrics/BTCUSDT/BTCUSDT-metrics-2022-08-15.zip "HTTP/1.1 200 OK"
2026-09-27 22:16:14,071 [INFO] httpx: HTTP Request: GET https://data.binance.vision/data/futures/um/daily/metrics/BTCUSDT/BTCUSDT-metrics-2022-08-15.zip.CHECKSUM "HTTP/1.1 200 OK"
2026-09-27 22:16:14,380 [INFO] httpx: HTTP Request: GET https://data.binance.vision/data/futures/um/daily/metrics/BTCUSDT/BTCUSDT-metrics-2022-08-16.zip "HTTP/1.1 200 OK"
2026-09-27 22:16:14,665 [INFO] httpx: HTTP Request: GET https://data.binance.vision/data/futures/um/daily/metrics/BTCUSDT/BTCUSDT-metrics-2022-08-16.zip.CHECKSUM "HTTP/1.1 200 OK"
2026-09-27 22:16:15,461 [INFO] httpx: HTTP Request: GET https://data.binance.vision/data/futures/um/daily/metrics/BTCUSDT/BTCUSDT-metrics-2022-08-17.zip "HTTP/1.1 200 OK"
2026-09-27 22:16:16,213 [INFO] httpx: HTTP Request: GET https://data.binance.vision/data/futures/um/daily/metrics/BTCUSDT/BTCUSDT-metrics-2022-08-17.zip.CHECKSUM "HTTP/1.1 200 OK"
2026-09-27 22:16:16,514 [INFO] httpx: HTTP Request: GET https://data.binance.vision/data/futures/um/daily/metrics/BTCUSDT/BTCUSDT-metrics-2022-08-18.zip "HTTP/1.1 200 OK"
2026-09-27 22:16:16,828 [INFO] httpx: HTTP Request: GET https://data.binance.vision/data/futures/um/daily/metrics/BTCUSDT/BTCUSDT-metrics-2022-08-18.zip.CHECKSUM "HTTP/1.1 200 OK"
2026-09-27 22:16:17,638 [INFO] httpx: HTTP Request: GET https://data.binance.vision/data/futures/um/daily/metrics/BTCUSDT/BTCUSDT-metrics-2022-08-19.zip "HTTP/1.1 200 OK"
2026-09-27 22:16:18,412 [INFO] httpx: HTTP Request: GET https://data.binance.vision/data/futures/um/daily/metrics/BTCUSDT/BTCUSDT-metrics-2022-08-19.zip.CHECKSUM "HTTP/1.1 200 OK"
2026-09-27 22:16:18,707 [INFO] httpx: HTTP Request: GET https://data.binance.vision/data/futures/um/daily/metrics/BTCUSDT/BTCUSDT-metrics-2022-08-20.zip "HTTP/1.1 200 OK"
2026-09-27 22:16:18,990 [INFO] httpx: HTTP Request: GET https://data.binance.vision/data/futures/um/daily/metrics/BTCUSDT/BTCUSDT-metrics-2022-08-20.zip.CHECKSUM "HTTP/1.1 200 OK"
2026-09-27 22:16:19,781 [INFO] httpx: HTTP Request: GET https://data.binance.vision/data/futures/um/daily/metrics/BTCUSDT/BTCUSDT-metrics-2022-08-21.zip "HTTP/1.1 200 OK"
2026-09-27 22:16:20,550 [INFO] httpx: HTTP Request: GET https://data.binance.vision/data/futures/um/daily/metrics/BTCUSDT/BTCUSDT-metrics-2022-08-21.zip.CHECKSUM "HTTP/1.1 200 OK"
2026-09-27 22:16:21,361 [INFO] httpx: HTTP Request: GET https://data.binance.vision/data/futures/um/daily/metrics/BTCUSDT/BTCUSDT-metrics-2022-08-22.zip "HTTP/1.1 200 OK"
2026-09-27 22:16:22,129 [INFO] httpx: HTTP Request: GET https://data.binance.vision/data/futures/um/daily/metrics/BTCUSDT/BTCUSDT-metrics-2022-08-22.zip.CHECKSUM "HTTP/1.1 200 OK"
2026-09-27 22:16:22,907 [INFO] httpx: HTTP Request: GET https://data.binance.vision/data/futures/um/daily/metrics/BTCUSDT/BTCUSDT-metrics-2022-08-23.zip "HTTP/1.1 200 OK"
2026-09-27 22:16:23,196 [INFO] httpx: HTTP Request: GET https://data.binance.vision/data/futures/um/daily/metrics/BTCUSDT/BTCUSDT-metrics-2022-08-23.zip.CHECKSUM "HTTP/1.1 200 OK"
2026-09-27 22:16:23,987 [INFO] httpx: HTTP Request: GET https://data.binance.vision/data/futures/um/daily/metrics/BTCUSDT/BTCUSDT-metrics-2022-08-24.zip "HTTP/1.1 200 OK"
2026-09-27 22:16:24,754 [INFO] httpx: HTTP Request: GET https://data.binance.vision/data/futures/um/daily/metrics/BTCUSDT/BTCUSDT-metrics-2022-08-24.zip.CHECKSUM "HTTP/1.1 200 OK"
2026-09-27 22:16:25,549 [INFO] httpx: HTTP Request: GET https://data.binance.vision/data/futures/um/daily/metrics/BTCUSDT/BTCUSDT-metrics-2022-08-25.zip "HTTP/1.1 200 OK"
2026-09-27 22:16:25,822 [INFO] httpx: HTTP Request: GET https://data.binance.vision/data/futures/um/daily/metrics/BTCUSDT/BTCUSDT-metrics-2022-08-25.zip.CHECKSUM "HTTP/1.1 200 OK"
2026-09-27 22:16:26,614 [INFO] httpx: HTTP Request: GET https://data.binance.vision/data/futures/um/daily/metrics/BTCUSDT/BTCUSDT-metrics-2022-08-26.zip "HTTP/1.1 200 OK"
2026-09-27 22:16:27,374 [INFO] httpx: HTTP Request: GET https://data.binance.vision/data/futures/um/daily/metrics/BTCUSDT/BTCUSDT-metrics-2022-08-26.zip.CHECKSUM "HTTP/1.1 200 OK"
2026-09-27 22:16:28,151 [INFO] httpx: HTTP Request: GET https://data.binance.vision/data/futures/um/daily/metrics/BTCUSDT/BTCUSDT-metrics-2022-08-27.zip "HTTP/1.1 200 OK"
2026-09-27 22:16:28,904 [INFO] httpx: HTTP Request: GET https://data.binance.vision/data/futures/um/daily/metrics/BTCUSDT/BTCUSDT-metrics-2022-08-27.zip.CHECKSUM "HTTP/1.1 200 OK"
2026-09-27 22:16:29,691 [INFO] httpx: HTTP Request: GET https://data.binance.vision/data/futures/um/daily/metrics/BTCUSDT/BTCUSDT-metrics-2022-08-28.zip "HTTP/1.1 200 OK"
2026-09-27 22:16:30,464 [INFO] httpx: HTTP Request: GET https://data.binance.vision/data/futures/um/daily/metrics/BTCUSDT/BTCUSDT-metrics-2022-08-28.zip.CHECKSUM "HTTP/1.1 200 OK"
2026-09-27 22:16:31,252 [INFO] httpx: HTTP Request: GET https://data.binance.vision/data/futures/um/daily/metrics/BTCUSDT/BTCUSDT-metrics-2022-08-29.zip "HTTP/1.1 200 OK"
2026-09-27 22:16:32,023 [INFO] httpx: HTTP Request: GET https://data.binance.vision/data/futures/um/daily/metrics/BTCUSDT/BTCUSDT-metrics-2022-08-29.zip.CHECKSUM "HTTP/1.1 200 OK"
2026-09-27 22:16:32,821 [INFO] httpx: HTTP Request: GET https://data.binance.vision/data/futures/um/daily/metrics/BTCUSDT/BTCUSDT-metrics-2022-08-30.zip "HTTP/1.1 200 OK"
2026-09-27 22:16:33,107 [INFO] httpx: HTTP Request: GET https://data.binance.vision/data/futures/um/daily/metrics/BTCUSDT/BTCUSDT-metrics-2022-08-30.zip.CHECKSUM "HTTP/1.1 200 OK"
2026-09-27 22:16:33,912 [INFO] httpx: HTTP Request: GET https://data.binance.vision/data/futures/um/daily/metrics/BTCUSDT/BTCUSDT-metrics-2022-08-31.zip "HTTP/1.1 200 OK"
2026-09-27 22:16:34,705 [INFO] httpx: HTTP Request: GET https://data.binance.vision/data/futures/um/daily/metrics/BTCUSDT/BTCUSDT-metrics-2022-08-31.zip.CHECKSUM "HTTP/1.1 200 OK"
2026-09-27 22:16:35,499 [INFO] httpx: HTTP Request: GET https://data.binance.vision/data/futures/um/daily/metrics/BTCUSDT/BTCUSDT-metrics-2022-09-01.zip "HTTP/1.1 200 OK"
2026-09-27 22:16:35,782 [INFO] httpx: HTTP Request: GET https://data.binance.vision/data/futures/um/daily/metrics/BTCUSDT/BTCUSDT-metrics-2022-09-01.zip.CHECKSUM "HTTP/1.1 200 OK"
2026-09-27 22:16:36,570 [INFO] httpx: HTTP Request: GET https://data.binance.vision/data/futures/um/daily/metrics/BTCUSDT/BTCUSDT-metrics-2022-09-02.zip "HTTP/1.1 200 OK"
2026-09-27 22:16:37,339 [INFO] httpx: HTTP Request: GET https://data.binance.vision/data/futures/um/daily/metrics/BTCUSDT/BTCUSDT-metrics-2022-09-02.zip.CHECKSUM "HTTP/1.1 200 OK"
2026-09-27 22:16:37,637 [INFO] httpx: HTTP Request: GET https://data.binance.vision/data/futures/um/daily/metrics/BTCUSDT/BTCUSDT-metrics-2022-09-03.zip "HTTP/1.1 200 OK"
2026-09-27 22:16:38,419 [INFO] httpx: HTTP Request: GET https://data.binance.vision/data/futures/um/daily/metrics/BTCUSDT/BTCUSDT-metrics-2022-09-03.zip.CHECKSUM "HTTP/1.1 200 OK"
2026-09-27 22:16:39,194 [INFO] httpx: HTTP Request: GET https://data.binance.vision/data/futures/um/daily/metrics/BTCUSDT/BTCUSDT-metrics-2022-09-04.zip "HTTP/1.1 200 OK"
2026-09-27 22:16:39,473 [INFO] httpx: HTTP Request: GET https://data.binance.vision/data/futures/um/daily/metrics/BTCUSDT/BTCUSDT-metrics-2022-09-04.zip.CHECKSUM "HTTP/1.1 200 OK"
2026-09-27 22:16:40,254 [INFO] httpx: HTTP Request: GET https://data.binance.vision/data/futures/um/daily/metrics/BTCUSDT/BTCUSDT-metrics-2022-09-05.zip "HTTP/1.1 200 OK"
2026-09-27 22:16:41,021 [INFO] httpx: HTTP Request: GET https://data.binance.vision/data/futures/um/daily/metrics/BTCUSDT/BTCUSDT-metrics-2022-09-05.zip.CHECKSUM "HTTP/1.1 200 OK"
2026-09-27 22:16:41,818 [INFO] httpx: HTTP Request: GET https://data.binance.vision/data/futures/um/daily/metrics/BTCUSDT/BTCUSDT-metrics-2022-09-06.zip "HTTP/1.1 200 OK"
2026-09-27 22:16:44,342 [INFO] httpx: HTTP Request: GET https://data.binance.vision/data/futures/um/daily/metrics/BTCUSDT/BTCUSDT-metrics-2022-09-06.zip.CHECKSUM "HTTP/1.1 200 OK"
2026-09-27 22:16:45,167 [INFO] httpx: HTTP Request: GET https://data.binance.vision/data/futures/um/daily/metrics/BTCUSDT/BTCUSDT-metrics-2022-09-07.zip "HTTP/1.1 200 OK"
2026-09-27 22:16:45,957 [INFO] httpx: HTTP Request: GET https://data.binance.vision/data/futures/um/daily/metrics/BTCUSDT/BTCUSDT-metrics-2022-09-07.zip.CHECKSUM "HTTP/1.1 200 OK"
2026-09-27 22:16:46,755 [INFO] httpx: HTTP Request: GET https://data.binance.vision/data/futures/um/daily/metrics/BTCUSDT/BTCUSDT-metrics-2022-09-08.zip "HTTP/1.1 200 OK"
2026-09-27 22:16:47,050 [INFO] httpx: HTTP Request: GET https://data.binance.vision/data/futures/um/daily/metrics/BTCUSDT/BTCUSDT-metrics-2022-09-08.zip.CHECKSUM "HTTP/1.1 200 OK"
2026-09-27 22:16:47,873 [INFO] httpx: HTTP Request: GET https://data.binance.vision/data/futures/um/daily/metrics/BTCUSDT/BTCUSDT-metrics-2022-09-09.zip "HTTP/1.1 200 OK"
2026-09-27 22:16:48,648 [INFO] httpx: HTTP Request: GET https://data.binance.vision/data/futures/um/daily/metrics/BTCUSDT/BTCUSDT-metrics-2022-09-09.zip.CHECKSUM "HTTP/1.1 200 OK"
2026-09-27 22:16:49,426 [INFO] httpx: HTTP Request: GET https://data.binance.vision/data/futures/um/daily/metrics/BTCUSDT/BTCUSDT-metrics-2022-09-10.zip "HTTP/1.1 200 OK"
2026-09-27 22:16:50,205 [INFO] httpx: HTTP Request: GET https://data.binance.vision/data/futures/um/daily/metrics/BTCUSDT/BTCUSDT-metrics-2022-09-10.zip.CHECKSUM "HTTP/1.1 200 OK"
2026-09-27 22:16:50,994 [INFO] httpx: HTTP Request: GET https://data.binance.vision/data/futures/um/daily/metrics/BTCUSDT/BTCUSDT-metrics-2022-09-11.zip "HTTP/1.1 200 OK"
2026-09-27 22:16:51,733 [INFO] httpx: HTTP Request: GET https://data.binance.vision/data/futures/um/daily/metrics/BTCUSDT/BTCUSDT-metrics-2022-09-11.zip.CHECKSUM "HTTP/1.1 200 OK"
2026-09-27 22:16:52,496 [INFO] httpx: HTTP Request: GET https://data.binance.vision/data/futures/um/daily/metrics/BTCUSDT/BTCUSDT-metrics-2022-09-12.zip "HTTP/1.1 200 OK"
2026-09-27 22:16:53,249 [INFO] httpx: HTTP Request: GET https://data.binance.vision/data/futures/um/daily/metrics/BTCUSDT/BTCUSDT-metrics-2022-09-12.zip.CHECKSUM "HTTP/1.1 200 OK"
2026-09-27 22:16:54,003 [INFO] httpx: HTTP Request: GET https://data.binance.vision/data/futures/um/daily/metrics/BTCUSDT/BTCUSDT-metrics-2022-09-13.zip "HTTP/1.1 200 OK"
2026-09-27 22:16:54,746 [INFO] httpx: HTTP Request: GET https://data.binance.vision/data/futures/um/daily/metrics/BTCUSDT/BTCUSDT-metrics-2022-09-13.zip.CHECKSUM "HTTP/1.1 200 OK"
2026-09-27 22:16:55,515 [INFO] httpx: HTTP Request: GET https://data.binance.vision/data/futures/um/daily/metrics/BTCUSDT/BTCUSDT-metrics-2022-09-14.zip "HTTP/1.1 200 OK"
2026-09-27 22:16:56,277 [INFO] httpx: HTTP Request: GET https://data.binance.vision/data/futures/um/daily/metrics/BTCUSDT/BTCUSDT-metrics-2022-09-14.zip.CHECKSUM "HTTP/1.1 200 OK"
2026-09-27 22:16:57,043 [INFO] httpx: HTTP Request: GET https://data.binance.vision/data/futures/um/daily/metrics/BTCUSDT/BTCUSDT-metrics-2022-09-15.zip "HTTP/1.1 200 OK"
2026-09-27 22:16:57,791 [INFO] httpx: HTTP Request: GET https://data.binance.vision/data/futures/um/daily/metrics/BTCUSDT/BTCUSDT-metrics-2022-09-15.zip.CHECKSUM "HTTP/1.1 200 OK"
2026-09-27 22:16:58,549 [INFO] httpx: HTTP Request: GET https://data.binance.vision/data/futures/um/daily/metrics/BTCUSDT/BTCUSDT-metrics-2022-09-16.zip "HTTP/1.1 200 OK"
2026-09-27 22:16:59,288 [INFO] httpx: HTTP Request: GET https://data.binance.vision/data/futures/um/daily/metrics/BTCUSDT/BTCUSDT-metrics-2022-09-16.zip.CHECKSUM "HTTP/1.1 200 OK"
2026-09-27 22:17:00,068 [INFO] httpx: HTTP Request: GET https://data.binance.vision/data/futures/um/daily/metrics/BTCUSDT/BTCUSDT-metrics-2022-09-17.zip "HTTP/1.1 200 OK"
2026-09-27 22:17:00,344 [INFO] httpx: HTTP Request: GET https://data.binance.vision/data/futures/um/daily/metrics/BTCUSDT/BTCUSDT-metrics-2022-09-17.zip.CHECKSUM "HTTP/1.1 200 OK"
2026-09-27 22:17:01,095 [INFO] httpx: HTTP Request: GET https://data.binance.vision/data/futures/um/daily/metrics/BTCUSDT/BTCUSDT-metrics-2022-09-18.zip "HTTP/1.1 200 OK"
2026-09-27 22:17:01,856 [INFO] httpx: HTTP Request: GET https://data.binance.vision/data/futures/um/daily/metrics/BTCUSDT/BTCUSDT-metrics-2022-09-18.zip.CHECKSUM "HTTP/1.1 200 OK"
2026-09-27 22:17:02,607 [INFO] httpx: HTTP Request: GET https://data.binance.vision/data/futures/um/daily/metrics/BTCUSDT/BTCUSDT-metrics-2022-09-19.zip "HTTP/1.1 200 OK"
2026-09-27 22:17:03,365 [INFO] httpx: HTTP Request: GET https://data.binance.vision/data/futures/um/daily/metrics/BTCUSDT/BTCUSDT-metrics-2022-09-19.zip.CHECKSUM "HTTP/1.1 200 OK"
2026-09-27 22:17:04,126 [INFO] httpx: HTTP Request: GET https://data.binance.vision/data/futures/um/daily/metrics/BTCUSDT/BTCUSDT-metrics-2022-09-20.zip "HTTP/1.1 200 OK"
2026-09-27 22:17:04,870 [INFO] httpx: HTTP Request: GET https://data.binance.vision/data/futures/um/daily/metrics/BTCUSDT/BTCUSDT-metrics-2022-09-20.zip.CHECKSUM "HTTP/1.1 200 OK"
2026-09-27 22:17:05,636 [INFO] httpx: HTTP Request: GET https://data.binance.vision/data/futures/um/daily/metrics/BTCUSDT/BTCUSDT-metrics-2022-09-21.zip "HTTP/1.1 200 OK"
2026-09-27 22:17:06,387 [INFO] httpx: HTTP Request: GET https://data.binance.vision/data/futures/um/daily/metrics/BTCUSDT/BTCUSDT-metrics-2022-09-21.zip.CHECKSUM "HTTP/1.1 200 OK"
2026-09-27 22:17:07,151 [INFO] httpx: HTTP Request: GET https://data.binance.vision/data/futures/um/daily/metrics/BTCUSDT/BTCUSDT-metrics-2022-09-22.zip "HTTP/1.1 200 OK"
2026-09-27 22:17:07,934 [INFO] httpx: HTTP Request: GET https://data.binance.vision/data/futures/um/daily/metrics/BTCUSDT/BTCUSDT-metrics-2022-09-22.zip.CHECKSUM "HTTP/1.1 200 OK"
2026-09-27 22:17:08,724 [INFO] httpx: HTTP Request: GET https://data.binance.vision/data/futures/um/daily/metrics/BTCUSDT/BTCUSDT-metrics-2022-09-23.zip "HTTP/1.1 200 OK"
2026-09-27 22:17:09,006 [INFO] httpx: HTTP Request: GET https://data.binance.vision/data/futures/um/daily/metrics/BTCUSDT/BTCUSDT-metrics-2022-09-23.zip.CHECKSUM "HTTP/1.1 200 OK"
2026-09-27 22:17:09,804 [INFO] httpx: HTTP Request: GET https://data.binance.vision/data/futures/um/daily/metrics/BTCUSDT/BTCUSDT-metrics-2022-09-24.zip "HTTP/1.1 200 OK"
2026-09-27 22:17:10,586 [INFO] httpx: HTTP Request: GET https://data.binance.vision/data/futures/um/daily/metrics/BTCUSDT/BTCUSDT-metrics-2022-09-24.zip.CHECKSUM "HTTP/1.1 200 OK"
2026-09-27 22:17:11,391 [INFO] httpx: HTTP Request: GET https://data.binance.vision/data/futures/um/daily/metrics/BTCUSDT/BTCUSDT-metrics-2022-09-25.zip "HTTP/1.1 200 OK"
2026-09-27 22:17:12,174 [INFO] httpx: HTTP Request: GET https://data.binance.vision/data/futures/um/daily/metrics/BTCUSDT/BTCUSDT-metrics-2022-09-25.zip.CHECKSUM "HTTP/1.1 200 OK"
2026-09-27 22:17:12,968 [INFO] httpx: HTTP Request: GET https://data.binance.vision/data/futures/um/daily/metrics/BTCUSDT/BTCUSDT-metrics-2022-09-26.zip "HTTP/1.1 200 OK"
2026-09-27 22:17:13,750 [INFO] httpx: HTTP Request: GET https://data.binance.vision/data/futures/um/daily/metrics/BTCUSDT/BTCUSDT-metrics-2022-09-26.zip.CHECKSUM "HTTP/1.1 200 OK"
2026-09-27 22:17:14,544 [INFO] httpx: HTTP Request: GET https://data.binance.vision/data/futures/um/daily/metrics/BTCUSDT/BTCUSDT-metrics-2022-09-27.zip "HTTP/1.1 200 OK"
2026-09-27 22:17:15,271 [INFO] httpx: HTTP Request: GET https://data.binance.vision/data/futures/um/daily/metrics/BTCUSDT/BTCUSDT-metrics-2022-09-27.zip.CHECKSUM "HTTP/1.1 200 OK"
2026-09-27 22:17:17,901 [INFO] httpx: HTTP Request: GET https://data.binance.vision/data/futures/um/daily/metrics/BTCUSDT/BTCUSDT-metrics-2022-09-28.zip "HTTP/1.1 200 OK"
2026-09-27 22:17:18,718 [INFO] httpx: HTTP Request: GET https://data.binance.vision/data/futures/um/daily/metrics/BTCUSDT/BTCUSDT-metrics-2022-09-28.zip.CHECKSUM "HTTP/1.1 200 OK"
2026-09-27 22:17:19,537 [INFO] httpx: HTTP Request: GET https://data.binance.vision/data/futures/um/daily/metrics/BTCUSDT/BTCUSDT-metrics-2022-09-29.zip "HTTP/1.1 200 OK"
2026-09-27 22:17:20,350 [INFO] httpx: HTTP Request: GET https://data.binance.vision/data/futures/um/daily/metrics/BTCUSDT/BTCUSDT-metrics-2022-09-29.zip.CHECKSUM "HTTP/1.1 200 OK"
2026-09-27 22:17:20,658 [INFO] httpx: HTTP Request: GET https://data.binance.vision/data/futures/um/daily/metrics/BTCUSDT/BTCUSDT-metrics-2022-09-30.zip "HTTP/1.1 200 OK"
2026-09-27 22:17:21,416 [INFO] httpx: HTTP Request: GET https://data.binance.vision/data/futures/um/daily/metrics/BTCUSDT/BTCUSDT-metrics-2022-09-30.zip.CHECKSUM "HTTP/1.1 200 OK"
2026-09-27 22:17:22,206 [INFO] httpx: HTTP Request: GET https://data.binance.vision/data/futures/um/daily/metrics/BTCUSDT/BTCUSDT-metrics-2022-10-01.zip "HTTP/1.1 200 OK"
2026-09-27 22:17:22,986 [INFO] httpx: HTTP Request: GET https://data.binance.vision/data/futures/um/daily/metrics/BTCUSDT/BTCUSDT-metrics-2022-10-01.zip.CHECKSUM "HTTP/1.1 200 OK"
2026-09-27 22:17:23,754 [INFO] httpx: HTTP Request: GET https://data.binance.vision/data/futures/um/daily/metrics/BTCUSDT/BTCUSDT-metrics-2022-10-02.zip "HTTP/1.1 200 OK"
2026-09-27 22:17:24,519 [INFO] httpx: HTTP Request: GET https://data.binance.vision/data/futures/um/daily/metrics/BTCUSDT/BTCUSDT-metrics-2022-10-02.zip.CHECKSUM "HTTP/1.1 200 OK"
2026-09-27 22:17:25,287 [INFO] httpx: HTTP Request: GET https://data.binance.vision/data/futures/um/daily/metrics/BTCUSDT/BTCUSDT-metrics-2022-10-03.zip "HTTP/1.1 200 OK"
2026-09-27 22:17:26,047 [INFO] httpx: HTTP Request: GET https://data.binance.vision/data/futures/um/daily/metrics/BTCUSDT/BTCUSDT-metrics-2022-10-03.zip.CHECKSUM "HTTP/1.1 200 OK"
2026-09-27 22:17:26,331 [INFO] httpx: HTTP Request: GET https://data.binance.vision/data/futures/um/daily/metrics/BTCUSDT/BTCUSDT-metrics-2022-10-04.zip "HTTP/1.1 200 OK"
2026-09-27 22:17:27,076 [INFO] httpx: HTTP Request: GET https://data.binance.vision/data/futures/um/daily/metrics/BTCUSDT/BTCUSDT-metrics-2022-10-04.zip.CHECKSUM "HTTP/1.1 200 OK"
2026-09-27 22:17:27,866 [INFO] httpx: HTTP Request: GET https://data.binance.vision/data/futures/um/daily/metrics/BTCUSDT/BTCUSDT-metrics-2022-10-05.zip "HTTP/1.1 200 OK"
2026-09-27 22:17:28,635 [INFO] httpx: HTTP Request: GET https://data.binance.vision/data/futures/um/daily/metrics/BTCUSDT/BTCUSDT-metrics-2022-10-05.zip.CHECKSUM "HTTP/1.1 200 OK"
2026-09-27 22:17:29,443 [INFO] httpx: HTTP Request: GET https://data.binance.vision/data/futures/um/daily/metrics/BTCUSDT/BTCUSDT-metrics-2022-10-06.zip "HTTP/1.1 200 OK"
2026-09-27 22:17:29,711 [INFO] httpx: HTTP Request: GET https://data.binance.vision/data/futures/um/daily/metrics/BTCUSDT/BTCUSDT-metrics-2022-10-06.zip.CHECKSUM "HTTP/1.1 200 OK"
2026-09-27 22:17:30,493 [INFO] httpx: HTTP Request: GET https://data.binance.vision/data/futures/um/daily/metrics/BTCUSDT/BTCUSDT-metrics-2022-10-07.zip "HTTP/1.1 200 OK"
2026-09-27 22:17:31,261 [INFO] httpx: HTTP Request: GET https://data.binance.vision/data/futures/um/daily/metrics/BTCUSDT/BTCUSDT-metrics-2022-10-07.zip.CHECKSUM "HTTP/1.1 200 OK"
2026-09-27 22:17:32,043 [INFO] httpx: HTTP Request: GET https://data.binance.vision/data/futures/um/daily/metrics/BTCUSDT/BTCUSDT-metrics-2022-10-08.zip "HTTP/1.1 200 OK"
2026-09-27 22:17:32,809 [INFO] httpx: HTTP Request: GET https://data.binance.vision/data/futures/um/daily/metrics/BTCUSDT/BTCUSDT-metrics-2022-10-08.zip.CHECKSUM "HTTP/1.1 200 OK"
2026-09-27 22:17:33,571 [INFO] httpx: HTTP Request: GET https://data.binance.vision/data/futures/um/daily/metrics/BTCUSDT/BTCUSDT-metrics-2022-10-09.zip "HTTP/1.1 200 OK"
2026-09-27 22:17:33,854 [INFO] httpx: HTTP Request: GET https://data.binance.vision/data/futures/um/daily/metrics/BTCUSDT/BTCUSDT-metrics-2022-10-09.zip.CHECKSUM "HTTP/1.1 200 OK"
2026-09-27 22:17:34,621 [INFO] httpx: HTTP Request: GET https://data.binance.vision/data/futures/um/daily/metrics/BTCUSDT/BTCUSDT-metrics-2022-10-10.zip "HTTP/1.1 200 OK"
2026-09-27 22:17:35,383 [INFO] httpx: HTTP Request: GET https://data.binance.vision/data/futures/um/daily/metrics/BTCUSDT/BTCUSDT-metrics-2022-10-10.zip.CHECKSUM "HTTP/1.1 200 OK"
2026-09-27 22:17:36,153 [INFO] httpx: HTTP Request: GET https://data.binance.vision/data/futures/um/daily/metrics/BTCUSDT/BTCUSDT-metrics-2022-10-11.zip "HTTP/1.1 200 OK"
2026-09-27 22:17:36,904 [INFO] httpx: HTTP Request: GET https://data.binance.vision/data/futures/um/daily/metrics/BTCUSDT/BTCUSDT-metrics-2022-10-11.zip.CHECKSUM "HTTP/1.1 200 OK"
2026-09-27 22:17:37,670 [INFO] httpx: HTTP Request: GET https://data.binance.vision/data/futures/um/daily/metrics/BTCUSDT/BTCUSDT-metrics-2022-10-12.zip "HTTP/1.1 200 OK"
2026-09-27 22:17:38,426 [INFO] httpx: HTTP Request: GET https://data.binance.vision/data/futures/um/daily/metrics/BTCUSDT/BTCUSDT-metrics-2022-10-12.zip.CHECKSUM "HTTP/1.1 200 OK"
2026-09-27 22:17:39,182 [INFO] httpx: HTTP Request: GET https://data.binance.vision/data/futures/um/daily/metrics/BTCUSDT/BTCUSDT-metrics-2022-10-13.zip "HTTP/1.1 200 OK"
2026-09-27 22:17:39,932 [INFO] httpx: HTTP Request: GET https://data.binance.vision/data/futures/um/daily/metrics/BTCUSDT/BTCUSDT-metrics-2022-10-13.zip.CHECKSUM "HTTP/1.1 200 OK"
2026-09-27 22:17:40,717 [INFO] httpx: HTTP Request: GET https://data.binance.vision/data/futures/um/daily/metrics/BTCUSDT/BTCUSDT-metrics-2022-10-14.zip "HTTP/1.1 200 OK"
2026-09-27 22:17:41,499 [INFO] httpx: HTTP Request: GET https://data.binance.vision/data/futures/um/daily/metrics/BTCUSDT/BTCUSDT-metrics-2022-10-14.zip.CHECKSUM "HTTP/1.1 200 OK"
2026-09-27 22:17:42,268 [INFO] httpx: HTTP Request: GET https://data.binance.vision/data/futures/um/daily/metrics/BTCUSDT/BTCUSDT-metrics-2022-10-15.zip "HTTP/1.1 200 OK"
2026-09-27 22:17:43,039 [INFO] httpx: HTTP Request: GET https://data.binance.vision/data/futures/um/daily/metrics/BTCUSDT/BTCUSDT-metrics-2022-10-15.zip.CHECKSUM "HTTP/1.1 200 OK"
2026-09-27 22:17:43,840 [INFO] httpx: HTTP Request: GET https://data.binance.vision/data/futures/um/daily/metrics/BTCUSDT/BTCUSDT-metrics-2022-10-16.zip "HTTP/1.1 200 OK"
2026-09-27 22:17:44,122 [INFO] httpx: HTTP Request: GET https://data.binance.vision/data/futures/um/daily/metrics/BTCUSDT/BTCUSDT-metrics-2022-10-16.zip.CHECKSUM "HTTP/1.1 200 OK"
2026-09-27 22:17:44,900 [INFO] httpx: HTTP Request: GET https://data.binance.vision/data/futures/um/daily/metrics/BTCUSDT/BTCUSDT-metrics-2022-10-17.zip "HTTP/1.1 200 OK"
2026-09-27 22:17:45,184 [INFO] httpx: HTTP Request: GET https://data.binance.vision/data/futures/um/daily/metrics/BTCUSDT/BTCUSDT-metrics-2022-10-17.zip.CHECKSUM "HTTP/1.1 200 OK"
2026-09-27 22:17:45,962 [INFO] httpx: HTTP Request: GET https://data.binance.vision/data/futures/um/daily/metrics/BTCUSDT/BTCUSDT-metrics-2022-10-18.zip "HTTP/1.1 200 OK"
2026-09-27 22:17:46,731 [INFO] httpx: HTTP Request: GET https://data.binance.vision/data/futures/um/daily/metrics/BTCUSDT/BTCUSDT-metrics-2022-10-18.zip.CHECKSUM "HTTP/1.1 200 OK"
2026-09-27 22:17:47,518 [INFO] httpx: HTTP Request: GET https://data.binance.vision/data/futures/um/daily/metrics/BTCUSDT/BTCUSDT-metrics-2022-10-19.zip "HTTP/1.1 200 OK"
2026-09-27 22:17:47,799 [INFO] httpx: HTTP Request: GET https://data.binance.vision/data/futures/um/daily/metrics/BTCUSDT/BTCUSDT-metrics-2022-10-19.zip.CHECKSUM "HTTP/1.1 200 OK"
2026-09-27 22:17:48,572 [INFO] httpx: HTTP Request: GET https://data.binance.vision/data/futures/um/daily/metrics/BTCUSDT/BTCUSDT-metrics-2022-10-20.zip "HTTP/1.1 200 OK"
2026-09-27 22:17:48,857 [INFO] httpx: HTTP Request: GET https://data.binance.vision/data/futures/um/daily/metrics/BTCUSDT/BTCUSDT-metrics-2022-10-20.zip.CHECKSUM "HTTP/1.1 200 OK"
2026-09-27 22:17:49,708 [INFO] httpx: HTTP Request: GET https://data.binance.vision/data/futures/um/daily/metrics/BTCUSDT/BTCUSDT-metrics-2022-10-21.zip "HTTP/1.1 200 OK"
2026-09-27 22:17:51,880 [INFO] httpx: HTTP Request: GET https://data.binance.vision/data/futures/um/daily/metrics/BTCUSDT/BTCUSDT-metrics-2022-10-21.zip.CHECKSUM "HTTP/1.1 200 OK"
2026-09-27 22:17:52,182 [INFO] httpx: HTTP Request: GET https://data.binance.vision/data/futures/um/daily/metrics/BTCUSDT/BTCUSDT-metrics-2022-10-22.zip "HTTP/1.1 200 OK"
2026-09-27 22:17:52,996 [INFO] httpx: HTTP Request: GET https://data.binance.vision/data/futures/um/daily/metrics/BTCUSDT/BTCUSDT-metrics-2022-10-22.zip.CHECKSUM "HTTP/1.1 200 OK"
2026-09-27 22:17:53,815 [INFO] httpx: HTTP Request: GET https://data.binance.vision/data/futures/um/daily/metrics/BTCUSDT/BTCUSDT-metrics-2022-10-23.zip "HTTP/1.1 200 OK"
2026-09-27 22:17:54,611 [INFO] httpx: HTTP Request: GET https://data.binance.vision/data/futures/um/daily/metrics/BTCUSDT/BTCUSDT-metrics-2022-10-23.zip.CHECKSUM "HTTP/1.1 200 OK"
2026-09-27 22:17:54,903 [INFO] httpx: HTTP Request: GET https://data.binance.vision/data/futures/um/daily/metrics/BTCUSDT/BTCUSDT-metrics-2022-10-24.zip "HTTP/1.1 200 OK"
2026-09-27 22:17:55,670 [INFO] httpx: HTTP Request: GET https://data.binance.vision/data/futures/um/daily/metrics/BTCUSDT/BTCUSDT-metrics-2022-10-24.zip.CHECKSUM "HTTP/1.1 200 OK"
2026-09-27 22:17:55,955 [INFO] httpx: HTTP Request: GET https://data.binance.vision/data/futures/um/daily/metrics/BTCUSDT/BTCUSDT-metrics-2022-10-25.zip "HTTP/1.1 200 OK"
2026-09-27 22:17:56,724 [INFO] httpx: HTTP Request: GET https://data.binance.vision/data/futures/um/daily/metrics/BTCUSDT/BTCUSDT-metrics-2022-10-25.zip.CHECKSUM "HTTP/1.1 200 OK"
2026-09-27 22:17:57,504 [INFO] httpx: HTTP Request: GET https://data.binance.vision/data/futures/um/daily/metrics/BTCUSDT/BTCUSDT-metrics-2022-10-26.zip "HTTP/1.1 200 OK"
2026-09-27 22:17:58,274 [INFO] httpx: HTTP Request: GET https://data.binance.vision/data/futures/um/daily/metrics/BTCUSDT/BTCUSDT-metrics-2022-10-26.zip.CHECKSUM "HTTP/1.1 200 OK"
2026-09-27 22:17:59,055 [INFO] httpx: HTTP Request: GET https://data.binance.vision/data/futures/um/daily/metrics/BTCUSDT/BTCUSDT-metrics-2022-10-27.zip "HTTP/1.1 200 OK"
2026-09-27 22:17:59,805 [INFO] httpx: HTTP Request: GET https://data.binance.vision/data/futures/um/daily/metrics/BTCUSDT/BTCUSDT-metrics-2022-10-27.zip.CHECKSUM "HTTP/1.1 200 OK"
2026-09-27 22:18:00,578 [INFO] httpx: HTTP Request: GET https://data.binance.vision/data/futures/um/daily/metrics/BTCUSDT/BTCUSDT-metrics-2022-10-28.zip "HTTP/1.1 200 OK"
2026-09-27 22:18:00,863 [INFO] httpx: HTTP Request: GET https://data.binance.vision/data/futures/um/daily/metrics/BTCUSDT/BTCUSDT-metrics-2022-10-28.zip.CHECKSUM "HTTP/1.1 200 OK"
2026-09-27 22:18:01,633 [INFO] httpx: HTTP Request: GET https://data.binance.vision/data/futures/um/daily/metrics/BTCUSDT/BTCUSDT-metrics-2022-10-29.zip "HTTP/1.1 200 OK"
2026-09-27 22:18:02,373 [INFO] httpx: HTTP Request: GET https://data.binance.vision/data/futures/um/daily/metrics/BTCUSDT/BTCUSDT-metrics-2022-10-29.zip.CHECKSUM "HTTP/1.1 200 OK"
2026-09-27 22:18:03,118 [INFO] httpx: HTTP Request: GET https://data.binance.vision/data/futures/um/daily/metrics/BTCUSDT/BTCUSDT-metrics-2022-10-30.zip "HTTP/1.1 200 OK"
2026-09-27 22:18:03,866 [INFO] httpx: HTTP Request: GET https://data.binance.vision/data/futures/um/daily/metrics/BTCUSDT/BTCUSDT-metrics-2022-10-30.zip.CHECKSUM "HTTP/1.1 200 OK"
2026-09-27 22:18:04,644 [INFO] httpx: HTTP Request: GET https://data.binance.vision/data/futures/um/daily/metrics/BTCUSDT/BTCUSDT-metrics-2022-10-31.zip "HTTP/1.1 200 OK"
2026-09-27 22:18:05,396 [INFO] httpx: HTTP Request: GET https://data.binance.vision/data/futures/um/daily/metrics/BTCUSDT/BTCUSDT-metrics-2022-10-31.zip.CHECKSUM "HTTP/1.1 200 OK"
2026-09-27 22:18:05,709 [INFO] httpx: HTTP Request: GET https://data.binance.vision/data/futures/um/daily/metrics/BTCUSDT/BTCUSDT-metrics-2022-11-01.zip "HTTP/1.1 200 OK"
2026-09-27 22:18:05,975 [INFO] httpx: HTTP Request: GET https://data.binance.vision/data/futures/um/daily/metrics/BTCUSDT/BTCUSDT-metrics-2022-11-01.zip.CHECKSUM "HTTP/1.1 200 OK"
2026-09-27 22:18:06,734 [INFO] httpx: HTTP Request: GET https://data.binance.vision/data/futures/um/daily/metrics/BTCUSDT/BTCUSDT-metrics-2022-11-02.zip "HTTP/1.1 200 OK"
2026-09-27 22:18:07,500 [INFO] httpx: HTTP Request: GET https://data.binance.vision/data/futures/um/daily/metrics/BTCUSDT/BTCUSDT-metrics-2022-11-02.zip.CHECKSUM "HTTP/1.1 200 OK"
2026-09-27 22:18:08,277 [INFO] httpx: HTTP Request: GET https://data.binance.vision/data/futures/um/daily/metrics/BTCUSDT/BTCUSDT-metrics-2022-11-03.zip "HTTP/1.1 200 OK"
2026-09-27 22:18:09,038 [INFO] httpx: HTTP Request: GET https://data.binance.vision/data/futures/um/daily/metrics/BTCUSDT/BTCUSDT-metrics-2022-11-03.zip.CHECKSUM "HTTP/1.1 200 OK"
2026-09-27 22:18:09,833 [INFO] httpx: HTTP Request: GET https://data.binance.vision/data/futures/um/daily/metrics/BTCUSDT/BTCUSDT-metrics-2022-11-04.zip "HTTP/1.1 200 OK"
2026-09-27 22:18:10,619 [INFO] httpx: HTTP Request: GET https://data.binance.vision/data/futures/um/daily/metrics/BTCUSDT/BTCUSDT-metrics-2022-11-04.zip.CHECKSUM "HTTP/1.1 200 OK"
2026-09-27 22:18:11,393 [INFO] httpx: HTTP Request: GET https://data.binance.vision/data/futures/um/daily/metrics/BTCUSDT/BTCUSDT-metrics-2022-11-05.zip "HTTP/1.1 200 OK"
2026-09-27 22:18:12,142 [INFO] httpx: HTTP Request: GET https://data.binance.vision/data/futures/um/daily/metrics/BTCUSDT/BTCUSDT-metrics-2022-11-05.zip.CHECKSUM "HTTP/1.1 200 OK"
2026-09-27 22:18:12,901 [INFO] httpx: HTTP Request: GET https://data.binance.vision/data/futures/um/daily/metrics/BTCUSDT/BTCUSDT-metrics-2022-11-06.zip "HTTP/1.1 200 OK"
2026-09-27 22:18:13,670 [INFO] httpx: HTTP Request: GET https://data.binance.vision/data/futures/um/daily/metrics/BTCUSDT/BTCUSDT-metrics-2022-11-06.zip.CHECKSUM "HTTP/1.1 200 OK"
2026-09-27 22:18:14,152 [INFO] httpx: HTTP Request: GET https://data.binance.vision/data/futures/um/daily/metrics/BTCUSDT/BTCUSDT-metrics-2022-11-07.zip "HTTP/1.1 200 OK"
2026-09-27 22:18:14,919 [INFO] httpx: HTTP Request: GET https://data.binance.vision/data/futures/um/daily/metrics/BTCUSDT/BTCUSDT-metrics-2022-11-07.zip.CHECKSUM "HTTP/1.1 200 OK"
2026-09-27 22:18:15,727 [INFO] httpx: HTTP Request: GET https://data.binance.vision/data/futures/um/daily/metrics/BTCUSDT/BTCUSDT-metrics-2022-11-08.zip "HTTP/1.1 200 OK"
2026-09-27 22:18:16,500 [INFO] httpx: HTTP Request: GET https://data.binance.vision/data/futures/um/daily/metrics/BTCUSDT/BTCUSDT-metrics-2022-11-08.zip.CHECKSUM "HTTP/1.1 200 OK"
2026-09-27 22:18:17,322 [INFO] httpx: HTTP Request: GET https://data.binance.vision/data/futures/um/daily/metrics/BTCUSDT/BTCUSDT-metrics-2022-11-09.zip "HTTP/1.1 200 OK"
2026-09-27 22:18:18,096 [INFO] httpx: HTTP Request: GET https://data.binance.vision/data/futures/um/daily/metrics/BTCUSDT/BTCUSDT-metrics-2022-11-09.zip.CHECKSUM "HTTP/1.1 200 OK"
2026-09-27 22:18:18,880 [INFO] httpx: HTTP Request: GET https://data.binance.vision/data/futures/um/daily/metrics/BTCUSDT/BTCUSDT-metrics-2022-11-10.zip "HTTP/1.1 200 OK"
2026-09-27 22:18:19,661 [INFO] httpx: HTTP Request: GET https://data.binance.vision/data/futures/um/daily/metrics/BTCUSDT/BTCUSDT-metrics-2022-11-10.zip.CHECKSUM "HTTP/1.1 200 OK"
2026-09-27 22:18:20,473 [INFO] httpx: HTTP Request: GET https://data.binance.vision/data/futures/um/daily/metrics/BTCUSDT/BTCUSDT-metrics-2022-11-11.zip "HTTP/1.1 200 OK"
2026-09-27 22:18:21,255 [INFO] httpx: HTTP Request: GET https://data.binance.vision/data/futures/um/daily/metrics/BTCUSDT/BTCUSDT-metrics-2022-11-11.zip.CHECKSUM "HTTP/1.1 200 OK"
2026-09-27 22:18:22,046 [INFO] httpx: HTTP Request: GET https://data.binance.vision/data/futures/um/daily/metrics/BTCUSDT/BTCUSDT-metrics-2022-11-12.zip "HTTP/1.1 200 OK"
2026-09-27 22:18:22,819 [INFO] httpx: HTTP Request: GET https://data.binance.vision/data/futures/um/daily/metrics/BTCUSDT/BTCUSDT-metrics-2022-11-12.zip.CHECKSUM "HTTP/1.1 200 OK"
2026-09-27 22:18:23,124 [INFO] httpx: HTTP Request: GET https://data.binance.vision/data/futures/um/daily/metrics/BTCUSDT/BTCUSDT-metrics-2022-11-13.zip "HTTP/1.1 200 OK"
2026-09-27 22:18:23,426 [INFO] httpx: HTTP Request: GET https://data.binance.vision/data/futures/um/daily/metrics/BTCUSDT/BTCUSDT-metrics-2022-11-13.zip.CHECKSUM "HTTP/1.1 200 OK"
2026-09-27 22:18:26,078 [INFO] httpx: HTTP Request: GET https://data.binance.vision/data/futures/um/daily/metrics/BTCUSDT/BTCUSDT-metrics-2022-11-14.zip "HTTP/1.1 200 OK"
2026-09-27 22:18:26,918 [INFO] httpx: HTTP Request: GET https://data.binance.vision/data/futures/um/daily/metrics/BTCUSDT/BTCUSDT-metrics-2022-11-14.zip.CHECKSUM "HTTP/1.1 200 OK"
2026-09-27 22:18:27,740 [INFO] httpx: HTTP Request: GET https://data.binance.vision/data/futures/um/daily/metrics/BTCUSDT/BTCUSDT-metrics-2022-11-15.zip "HTTP/1.1 200 OK"
2026-09-27 22:18:28,498 [INFO] httpx: HTTP Request: GET https://data.binance.vision/data/futures/um/daily/metrics/BTCUSDT/BTCUSDT-metrics-2022-11-15.zip.CHECKSUM "HTTP/1.1 200 OK"
2026-09-27 22:18:29,278 [INFO] httpx: HTTP Request: GET https://data.binance.vision/data/futures/um/daily/metrics/BTCUSDT/BTCUSDT-metrics-2022-11-16.zip "HTTP/1.1 200 OK"
2026-09-27 22:18:30,041 [INFO] httpx: HTTP Request: GET https://data.binance.vision/data/futures/um/daily/metrics/BTCUSDT/BTCUSDT-metrics-2022-11-16.zip.CHECKSUM "HTTP/1.1 200 OK"
2026-09-27 22:18:30,334 [INFO] httpx: HTTP Request: GET https://data.binance.vision/data/futures/um/daily/metrics/BTCUSDT/BTCUSDT-metrics-2022-11-17.zip "HTTP/1.1 200 OK"
2026-09-27 22:18:31,111 [INFO] httpx: HTTP Request: GET https://data.binance.vision/data/futures/um/daily/metrics/BTCUSDT/BTCUSDT-metrics-2022-11-17.zip.CHECKSUM "HTTP/1.1 200 OK"
2026-09-27 22:18:31,890 [INFO] httpx: HTTP Request: GET https://data.binance.vision/data/futures/um/daily/metrics/BTCUSDT/BTCUSDT-metrics-2022-11-18.zip "HTTP/1.1 200 OK"
2026-09-27 22:18:32,668 [INFO] httpx: HTTP Request: GET https://data.binance.vision/data/futures/um/daily/metrics/BTCUSDT/BTCUSDT-metrics-2022-11-18.zip.CHECKSUM "HTTP/1.1 200 OK"
2026-09-27 22:18:33,425 [INFO] httpx: HTTP Request: GET https://data.binance.vision/data/futures/um/daily/metrics/BTCUSDT/BTCUSDT-metrics-2022-11-19.zip "HTTP/1.1 200 OK"
2026-09-27 22:18:34,170 [INFO] httpx: HTTP Request: GET https://data.binance.vision/data/futures/um/daily/metrics/BTCUSDT/BTCUSDT-metrics-2022-11-19.zip.CHECKSUM "HTTP/1.1 200 OK"
2026-09-27 22:18:34,916 [INFO] httpx: HTTP Request: GET https://data.binance.vision/data/futures/um/daily/metrics/BTCUSDT/BTCUSDT-metrics-2022-11-20.zip "HTTP/1.1 200 OK"
2026-09-27 22:18:35,186 [INFO] httpx: HTTP Request: GET https://data.binance.vision/data/futures/um/daily/metrics/BTCUSDT/BTCUSDT-metrics-2022-11-20.zip.CHECKSUM "HTTP/1.1 200 OK"
2026-09-27 22:18:35,947 [INFO] httpx: HTTP Request: GET https://data.binance.vision/data/futures/um/daily/metrics/BTCUSDT/BTCUSDT-metrics-2022-11-21.zip "HTTP/1.1 200 OK"
2026-09-27 22:18:36,228 [INFO] httpx: HTTP Request: GET https://data.binance.vision/data/futures/um/daily/metrics/BTCUSDT/BTCUSDT-metrics-2022-11-21.zip.CHECKSUM "HTTP/1.1 200 OK"
2026-09-27 22:18:36,981 [INFO] httpx: HTTP Request: GET https://data.binance.vision/data/futures/um/daily/metrics/BTCUSDT/BTCUSDT-metrics-2022-11-22.zip "HTTP/1.1 200 OK"
2026-09-27 22:18:37,727 [INFO] httpx: HTTP Request: GET https://data.binance.vision/data/futures/um/daily/metrics/BTCUSDT/BTCUSDT-metrics-2022-11-22.zip.CHECKSUM "HTTP/1.1 200 OK"
2026-09-27 22:18:38,484 [INFO] httpx: HTTP Request: GET https://data.binance.vision/data/futures/um/daily/metrics/BTCUSDT/BTCUSDT-metrics-2022-11-23.zip "HTTP/1.1 200 OK"
2026-09-27 22:18:39,225 [INFO] httpx: HTTP Request: GET https://data.binance.vision/data/futures/um/daily/metrics/BTCUSDT/BTCUSDT-metrics-2022-11-23.zip.CHECKSUM "HTTP/1.1 200 OK"
2026-09-27 22:18:39,992 [INFO] httpx: HTTP Request: GET https://data.binance.vision/data/futures/um/daily/metrics/BTCUSDT/BTCUSDT-metrics-2022-11-24.zip "HTTP/1.1 200 OK"
2026-09-27 22:18:40,768 [INFO] httpx: HTTP Request: GET https://data.binance.vision/data/futures/um/daily/metrics/BTCUSDT/BTCUSDT-metrics-2022-11-24.zip.CHECKSUM "HTTP/1.1 200 OK"
2026-09-27 22:18:41,064 [INFO] httpx: HTTP Request: GET https://data.binance.vision/data/futures/um/daily/metrics/BTCUSDT/BTCUSDT-metrics-2022-11-25.zip "HTTP/1.1 200 OK"
2026-09-27 22:18:41,823 [INFO] httpx: HTTP Request: GET https://data.binance.vision/data/futures/um/daily/metrics/BTCUSDT/BTCUSDT-metrics-2022-11-25.zip.CHECKSUM "HTTP/1.1 200 OK"
2026-09-27 22:18:42,615 [INFO] httpx: HTTP Request: GET https://data.binance.vision/data/futures/um/daily/metrics/BTCUSDT/BTCUSDT-metrics-2022-11-26.zip "HTTP/1.1 200 OK"
2026-09-27 22:18:43,367 [INFO] httpx: HTTP Request: GET https://data.binance.vision/data/futures/um/daily/metrics/BTCUSDT/BTCUSDT-metrics-2022-11-26.zip.CHECKSUM "HTTP/1.1 200 OK"
2026-09-27 22:18:44,161 [INFO] httpx: HTTP Request: GET https://data.binance.vision/data/futures/um/daily/metrics/BTCUSDT/BTCUSDT-metrics-2022-11-27.zip "HTTP/1.1 200 OK"
2026-09-27 22:18:44,952 [INFO] httpx: HTTP Request: GET https://data.binance.vision/data/futures/um/daily/metrics/BTCUSDT/BTCUSDT-metrics-2022-11-27.zip.CHECKSUM "HTTP/1.1 200 OK"
2026-09-27 22:18:45,742 [INFO] httpx: HTTP Request: GET https://data.binance.vision/data/futures/um/daily/metrics/BTCUSDT/BTCUSDT-metrics-2022-11-28.zip "HTTP/1.1 200 OK"
2026-09-27 22:18:46,494 [INFO] httpx: HTTP Request: GET https://data.binance.vision/data/futures/um/daily/metrics/BTCUSDT/BTCUSDT-metrics-2022-11-28.zip.CHECKSUM "HTTP/1.1 200 OK"
2026-09-27 22:18:47,285 [INFO] httpx: HTTP Request: GET https://data.binance.vision/data/futures/um/daily/metrics/BTCUSDT/BTCUSDT-metrics-2022-11-29.zip "HTTP/1.1 200 OK"
2026-09-27 22:18:48,045 [INFO] httpx: HTTP Request: GET https://data.binance.vision/data/futures/um/daily/metrics/BTCUSDT/BTCUSDT-metrics-2022-11-29.zip.CHECKSUM "HTTP/1.1 200 OK"
2026-09-27 22:18:48,819 [INFO] httpx: HTTP Request: GET https://data.binance.vision/data/futures/um/daily/metrics/BTCUSDT/BTCUSDT-metrics-2022-11-30.zip "HTTP/1.1 200 OK"
2026-09-27 22:18:49,594 [INFO] httpx: HTTP Request: GET https://data.binance.vision/data/futures/um/daily/metrics/BTCUSDT/BTCUSDT-metrics-2022-11-30.zip.CHECKSUM "HTTP/1.1 200 OK"
2026-09-27 22:18:50,379 [INFO] httpx: HTTP Request: GET https://data.binance.vision/data/futures/um/daily/metrics/BTCUSDT/BTCUSDT-metrics-2022-12-01.zip "HTTP/1.1 200 OK"
2026-09-27 22:18:51,156 [INFO] httpx: HTTP Request: GET https://data.binance.vision/data/futures/um/daily/metrics/BTCUSDT/BTCUSDT-metrics-2022-12-01.zip.CHECKSUM "HTTP/1.1 200 OK"
2026-09-27 22:18:51,943 [INFO] httpx: HTTP Request: GET https://data.binance.vision/data/futures/um/daily/metrics/BTCUSDT/BTCUSDT-metrics-2022-12-02.zip "HTTP/1.1 200 OK"
2026-09-27 22:18:52,732 [INFO] httpx: HTTP Request: GET https://data.binance.vision/data/futures/um/daily/metrics/BTCUSDT/BTCUSDT-metrics-2022-12-02.zip.CHECKSUM "HTTP/1.1 200 OK"
2026-09-27 22:18:53,515 [INFO] httpx: HTTP Request: GET https://data.binance.vision/data/futures/um/daily/metrics/BTCUSDT/BTCUSDT-metrics-2022-12-03.zip "HTTP/1.1 200 OK"
2026-09-27 22:18:53,793 [INFO] httpx: HTTP Request: GET https://data.binance.vision/data/futures/um/daily/metrics/BTCUSDT/BTCUSDT-metrics-2022-12-03.zip.CHECKSUM "HTTP/1.1 200 OK"
2026-09-27 22:18:54,569 [INFO] httpx: HTTP Request: GET https://data.binance.vision/data/futures/um/daily/metrics/BTCUSDT/BTCUSDT-metrics-2022-12-04.zip "HTTP/1.1 200 OK"
2026-09-27 22:18:55,349 [INFO] httpx: HTTP Request: GET https://data.binance.vision/data/futures/um/daily/metrics/BTCUSDT/BTCUSDT-metrics-2022-12-04.zip.CHECKSUM "HTTP/1.1 200 OK"
2026-09-27 22:18:56,145 [INFO] httpx: HTTP Request: GET https://data.binance.vision/data/futures/um/daily/metrics/BTCUSDT/BTCUSDT-metrics-2022-12-05.zip "HTTP/1.1 200 OK"
2026-09-27 22:18:56,924 [INFO] httpx: HTTP Request: GET https://data.binance.vision/data/futures/um/daily/metrics/BTCUSDT/BTCUSDT-metrics-2022-12-05.zip.CHECKSUM "HTTP/1.1 200 OK"
2026-09-27 22:18:57,748 [INFO] httpx: HTTP Request: GET https://data.binance.vision/data/futures/um/daily/metrics/BTCUSDT/BTCUSDT-metrics-2022-12-06.zip "HTTP/1.1 200 OK"
2026-09-27 22:19:00,397 [INFO] httpx: HTTP Request: GET https://data.binance.vision/data/futures/um/daily/metrics/BTCUSDT/BTCUSDT-metrics-2022-12-06.zip.CHECKSUM "HTTP/1.1 200 OK"
2026-09-27 22:19:01,226 [INFO] httpx: HTTP Request: GET https://data.binance.vision/data/futures/um/daily/metrics/BTCUSDT/BTCUSDT-metrics-2022-12-07.zip "HTTP/1.1 200 OK"
2026-09-27 22:19:01,523 [INFO] httpx: HTTP Request: GET https://data.binance.vision/data/futures/um/daily/metrics/BTCUSDT/BTCUSDT-metrics-2022-12-07.zip.CHECKSUM "HTTP/1.1 200 OK"
2026-09-27 22:19:02,327 [INFO] httpx: HTTP Request: GET https://data.binance.vision/data/futures/um/daily/metrics/BTCUSDT/BTCUSDT-metrics-2022-12-08.zip "HTTP/1.1 200 OK"
2026-09-27 22:19:03,088 [INFO] httpx: HTTP Request: GET https://data.binance.vision/data/futures/um/daily/metrics/BTCUSDT/BTCUSDT-metrics-2022-12-08.zip.CHECKSUM "HTTP/1.1 200 OK"
2026-09-27 22:19:03,877 [INFO] httpx: HTTP Request: GET https://data.binance.vision/data/futures/um/daily/metrics/BTCUSDT/BTCUSDT-metrics-2022-12-09.zip "HTTP/1.1 200 OK"
2026-09-27 22:19:04,647 [INFO] httpx: HTTP Request: GET https://data.binance.vision/data/futures/um/daily/metrics/BTCUSDT/BTCUSDT-metrics-2022-12-09.zip.CHECKSUM "HTTP/1.1 200 OK"
2026-09-27 22:19:05,432 [INFO] httpx: HTTP Request: GET https://data.binance.vision/data/futures/um/daily/metrics/BTCUSDT/BTCUSDT-metrics-2022-12-10.zip "HTTP/1.1 200 OK"
2026-09-27 22:19:06,214 [INFO] httpx: HTTP Request: GET https://data.binance.vision/data/futures/um/daily/metrics/BTCUSDT/BTCUSDT-metrics-2022-12-10.zip.CHECKSUM "HTTP/1.1 200 OK"
2026-09-27 22:19:06,972 [INFO] httpx: HTTP Request: GET https://data.binance.vision/data/futures/um/daily/metrics/BTCUSDT/BTCUSDT-metrics-2022-12-11.zip "HTTP/1.1 200 OK"
2026-09-27 22:19:07,245 [INFO] httpx: HTTP Request: GET https://data.binance.vision/data/futures/um/daily/metrics/BTCUSDT/BTCUSDT-metrics-2022-12-11.zip.CHECKSUM "HTTP/1.1 200 OK"
2026-09-27 22:19:07,526 [INFO] httpx: HTTP Request: GET https://data.binance.vision/data/futures/um/daily/metrics/BTCUSDT/BTCUSDT-metrics-2022-12-12.zip "HTTP/1.1 200 OK"
2026-09-27 22:19:08,258 [INFO] httpx: HTTP Request: GET https://data.binance.vision/data/futures/um/daily/metrics/BTCUSDT/BTCUSDT-metrics-2022-12-12.zip.CHECKSUM "HTTP/1.1 200 OK"
2026-09-27 22:19:09,012 [INFO] httpx: HTTP Request: GET https://data.binance.vision/data/futures/um/daily/metrics/BTCUSDT/BTCUSDT-metrics-2022-12-13.zip "HTTP/1.1 200 OK"
2026-09-27 22:19:09,744 [INFO] httpx: HTTP Request: GET https://data.binance.vision/data/futures/um/daily/metrics/BTCUSDT/BTCUSDT-metrics-2022-12-13.zip.CHECKSUM "HTTP/1.1 200 OK"
2026-09-27 22:19:10,490 [INFO] httpx: HTTP Request: GET https://data.binance.vision/data/futures/um/daily/metrics/BTCUSDT/BTCUSDT-metrics-2022-12-14.zip "HTTP/1.1 200 OK"
2026-09-27 22:19:11,237 [INFO] httpx: HTTP Request: GET https://data.binance.vision/data/futures/um/daily/metrics/BTCUSDT/BTCUSDT-metrics-2022-12-14.zip.CHECKSUM "HTTP/1.1 200 OK"
2026-09-27 22:19:12,000 [INFO] httpx: HTTP Request: GET https://data.binance.vision/data/futures/um/daily/metrics/BTCUSDT/BTCUSDT-metrics-2022-12-15.zip "HTTP/1.1 200 OK"
2026-09-27 22:19:12,747 [INFO] httpx: HTTP Request: GET https://data.binance.vision/data/futures/um/daily/metrics/BTCUSDT/BTCUSDT-metrics-2022-12-15.zip.CHECKSUM "HTTP/1.1 200 OK"
2026-09-27 22:19:13,501 [INFO] httpx: HTTP Request: GET https://data.binance.vision/data/futures/um/daily/metrics/BTCUSDT/BTCUSDT-metrics-2022-12-16.zip "HTTP/1.1 200 OK"
2026-09-27 22:19:14,286 [INFO] httpx: HTTP Request: GET https://data.binance.vision/data/futures/um/daily/metrics/BTCUSDT/BTCUSDT-metrics-2022-12-16.zip.CHECKSUM "HTTP/1.1 200 OK"
2026-09-27 22:19:14,601 [INFO] httpx: HTTP Request: GET https://data.binance.vision/data/futures/um/daily/metrics/BTCUSDT/BTCUSDT-metrics-2022-12-17.zip "HTTP/1.1 200 OK"
2026-09-27 22:19:15,385 [INFO] httpx: HTTP Request: GET https://data.binance.vision/data/futures/um/daily/metrics/BTCUSDT/BTCUSDT-metrics-2022-12-17.zip.CHECKSUM "HTTP/1.1 200 OK"
2026-09-27 22:19:16,174 [INFO] httpx: HTTP Request: GET https://data.binance.vision/data/futures/um/daily/metrics/BTCUSDT/BTCUSDT-metrics-2022-12-18.zip "HTTP/1.1 200 OK"
2026-09-27 22:19:16,936 [INFO] httpx: HTTP Request: GET https://data.binance.vision/data/futures/um/daily/metrics/BTCUSDT/BTCUSDT-metrics-2022-12-18.zip.CHECKSUM "HTTP/1.1 200 OK"
2026-09-27 22:19:17,751 [INFO] httpx: HTTP Request: GET https://data.binance.vision/data/futures/um/daily/metrics/BTCUSDT/BTCUSDT-metrics-2022-12-19.zip "HTTP/1.1 200 OK"
2026-09-27 22:19:18,521 [INFO] httpx: HTTP Request: GET https://data.binance.vision/data/futures/um/daily/metrics/BTCUSDT/BTCUSDT-metrics-2022-12-19.zip.CHECKSUM "HTTP/1.1 200 OK"
2026-09-27 22:19:19,300 [INFO] httpx: HTTP Request: GET https://data.binance.vision/data/futures/um/daily/metrics/BTCUSDT/BTCUSDT-metrics-2022-12-20.zip "HTTP/1.1 200 OK"
2026-09-27 22:19:20,056 [INFO] httpx: HTTP Request: GET https://data.binance.vision/data/futures/um/daily/metrics/BTCUSDT/BTCUSDT-metrics-2022-12-20.zip.CHECKSUM "HTTP/1.1 200 OK"
2026-09-27 22:19:20,841 [INFO] httpx: HTTP Request: GET https://data.binance.vision/data/futures/um/daily/metrics/BTCUSDT/BTCUSDT-metrics-2022-12-21.zip "HTTP/1.1 200 OK"
2026-09-27 22:19:21,632 [INFO] httpx: HTTP Request: GET https://data.binance.vision/data/futures/um/daily/metrics/BTCUSDT/BTCUSDT-metrics-2022-12-21.zip.CHECKSUM "HTTP/1.1 200 OK"
2026-09-27 22:19:22,421 [INFO] httpx: HTTP Request: GET https://data.binance.vision/data/futures/um/daily/metrics/BTCUSDT/BTCUSDT-metrics-2022-12-22.zip "HTTP/1.1 200 OK"
2026-09-27 22:19:23,212 [INFO] httpx: HTTP Request: GET https://data.binance.vision/data/futures/um/daily/metrics/BTCUSDT/BTCUSDT-metrics-2022-12-22.zip.CHECKSUM "HTTP/1.1 200 OK"
2026-09-27 22:19:23,548 [INFO] httpx: HTTP Request: GET https://data.binance.vision/data/futures/um/daily/metrics/BTCUSDT/BTCUSDT-metrics-2022-12-23.zip "HTTP/1.1 200 OK"
2026-09-27 22:19:23,832 [INFO] httpx: HTTP Request: GET https://data.binance.vision/data/futures/um/daily/metrics/BTCUSDT/BTCUSDT-metrics-2022-12-23.zip.CHECKSUM "HTTP/1.1 200 OK"
2026-09-27 22:19:24,617 [INFO] httpx: HTTP Request: GET https://data.binance.vision/data/futures/um/daily/metrics/BTCUSDT/BTCUSDT-metrics-2022-12-24.zip "HTTP/1.1 200 OK"
2026-09-27 22:19:25,396 [INFO] httpx: HTTP Request: GET https://data.binance.vision/data/futures/um/daily/metrics/BTCUSDT/BTCUSDT-metrics-2022-12-24.zip.CHECKSUM "HTTP/1.1 200 OK"
2026-09-27 22:19:26,177 [INFO] httpx: HTTP Request: GET https://data.binance.vision/data/futures/um/daily/metrics/BTCUSDT/BTCUSDT-metrics-2022-12-25.zip "HTTP/1.1 200 OK"
2026-09-27 22:19:26,729 [INFO] httpx: HTTP Request: GET https://data.binance.vision/data/futures/um/daily/metrics/BTCUSDT/BTCUSDT-metrics-2022-12-25.zip.CHECKSUM "HTTP/1.1 200 OK"
2026-09-27 22:19:27,335 [INFO] httpx: HTTP Request: GET https://data.binance.vision/data/futures/um/daily/metrics/BTCUSDT/BTCUSDT-metrics-2022-12-26.zip "HTTP/1.1 200 OK"
2026-09-27 22:19:28,129 [INFO] httpx: HTTP Request: GET https://data.binance.vision/data/futures/um/daily/metrics/BTCUSDT/BTCUSDT-metrics-2022-12-26.zip.CHECKSUM "HTTP/1.1 200 OK"
2026-09-27 22:19:28,412 [INFO] httpx: HTTP Request: GET https://data.binance.vision/data/futures/um/daily/metrics/BTCUSDT/BTCUSDT-metrics-2022-12-27.zip "HTTP/1.1 200 OK"
2026-09-27 22:19:29,171 [INFO] httpx: HTTP Request: GET https://data.binance.vision/data/futures/um/daily/metrics/BTCUSDT/BTCUSDT-metrics-2022-12-27.zip.CHECKSUM "HTTP/1.1 200 OK"
2026-09-27 22:19:29,457 [INFO] httpx: HTTP Request: GET https://data.binance.vision/data/futures/um/daily/metrics/BTCUSDT/BTCUSDT-metrics-2022-12-28.zip "HTTP/1.1 200 OK"
2026-09-27 22:19:30,223 [INFO] httpx: HTTP Request: GET https://data.binance.vision/data/futures/um/daily/metrics/BTCUSDT/BTCUSDT-metrics-2022-12-28.zip.CHECKSUM "HTTP/1.1 200 OK"
2026-09-27 22:19:31,032 [INFO] httpx: HTTP Request: GET https://data.binance.vision/data/futures/um/daily/metrics/BTCUSDT/BTCUSDT-metrics-2022-12-29.zip "HTTP/1.1 200 OK"
2026-09-27 22:19:31,841 [INFO] httpx: HTTP Request: GET https://data.binance.vision/data/futures/um/daily/metrics/BTCUSDT/BTCUSDT-metrics-2022-12-29.zip.CHECKSUM "HTTP/1.1 200 OK"
2026-09-27 22:19:32,149 [INFO] httpx: HTTP Request: GET https://data.binance.vision/data/futures/um/daily/metrics/BTCUSDT/BTCUSDT-metrics-2022-12-30.zip "HTTP/1.1 200 OK"
2026-09-27 22:19:34,266 [INFO] httpx: HTTP Request: GET https://data.binance.vision/data/futures/um/daily/metrics/BTCUSDT/BTCUSDT-metrics-2022-12-30.zip.CHECKSUM "HTTP/1.1 200 OK"
2026-09-27 22:19:35,089 [INFO] httpx: HTTP Request: GET https://data.binance.vision/data/futures/um/daily/metrics/BTCUSDT/BTCUSDT-metrics-2022-12-31.zip "HTTP/1.1 200 OK"
2026-09-27 22:19:35,382 [INFO] httpx: HTTP Request: GET https://data.binance.vision/data/futures/um/daily/metrics/BTCUSDT/BTCUSDT-metrics-2022-12-31.zip.CHECKSUM "HTTP/1.1 200 OK"
2026-09-27 22:19:35,681 [INFO] httpx: HTTP Request: GET https://data.binance.vision/data/futures/um/daily/metrics/BTCUSDT/BTCUSDT-metrics-2023-01-01.zip "HTTP/1.1 200 OK"
2026-09-27 22:19:35,973 [INFO] httpx: HTTP Request: GET https://data.binance.vision/data/futures/um/daily/metrics/BTCUSDT/BTCUSDT-metrics-2023-01-01.zip.CHECKSUM "HTTP/1.1 200 OK"
2026-09-27 22:19:36,269 [INFO] httpx: HTTP Request: GET https://data.binance.vision/data/futures/um/daily/metrics/BTCUSDT/BTCUSDT-metrics-2023-01-02.zip "HTTP/1.1 200 OK"
2026-09-27 22:19:36,560 [INFO] httpx: HTTP Request: GET https://data.binance.vision/data/futures/um/daily/metrics/BTCUSDT/BTCUSDT-metrics-2023-01-02.zip.CHECKSUM "HTTP/1.1 200 OK"
2026-09-27 22:19:36,845 [INFO] httpx: HTTP Request: GET https://data.binance.vision/data/futures/um/daily/metrics/BTCUSDT/BTCUSDT-metrics-2023-01-03.zip "HTTP/1.1 200 OK"
2026-09-27 22:19:37,129 [INFO] httpx: HTTP Request: GET https://data.binance.vision/data/futures/um/daily/metrics/BTCUSDT/BTCUSDT-metrics-2023-01-03.zip.CHECKSUM "HTTP/1.1 200 OK"
2026-09-27 22:19:37,907 [INFO] httpx: HTTP Request: GET https://data.binance.vision/data/futures/um/daily/metrics/BTCUSDT/BTCUSDT-metrics-2023-01-04.zip "HTTP/1.1 200 OK"
2026-09-27 22:19:38,685 [INFO] httpx: HTTP Request: GET https://data.binance.vision/data/futures/um/daily/metrics/BTCUSDT/BTCUSDT-metrics-2023-01-04.zip.CHECKSUM "HTTP/1.1 200 OK"
2026-09-27 22:19:38,987 [INFO] httpx: HTTP Request: GET https://data.binance.vision/data/futures/um/daily/metrics/BTCUSDT/BTCUSDT-metrics-2023-01-05.zip "HTTP/1.1 200 OK"
2026-09-27 22:19:39,360 [INFO] httpx: HTTP Request: GET https://data.binance.vision/data/futures/um/daily/metrics/BTCUSDT/BTCUSDT-metrics-2023-01-05.zip.CHECKSUM "HTTP/1.1 200 OK"
2026-09-27 22:19:39,646 [INFO] httpx: HTTP Request: GET https://data.binance.vision/data/futures/um/daily/metrics/BTCUSDT/BTCUSDT-metrics-2023-01-06.zip "HTTP/1.1 200 OK"
2026-09-27 22:19:39,924 [INFO] httpx: HTTP Request: GET https://data.binance.vision/data/futures/um/daily/metrics/BTCUSDT/BTCUSDT-metrics-2023-01-06.zip.CHECKSUM "HTTP/1.1 200 OK"
2026-09-27 22:19:40,713 [INFO] httpx: HTTP Request: GET https://data.binance.vision/data/futures/um/daily/metrics/BTCUSDT/BTCUSDT-metrics-2023-01-07.zip "HTTP/1.1 200 OK"
2026-09-27 22:19:40,999 [INFO] httpx: HTTP Request: GET https://data.binance.vision/data/futures/um/daily/metrics/BTCUSDT/BTCUSDT-metrics-2023-01-07.zip.CHECKSUM "HTTP/1.1 200 OK"
2026-09-27 22:19:41,759 [INFO] httpx: HTTP Request: GET https://data.binance.vision/data/futures/um/daily/metrics/BTCUSDT/BTCUSDT-metrics-2023-01-08.zip "HTTP/1.1 200 OK"
2026-09-27 22:19:42,516 [INFO] httpx: HTTP Request: GET https://data.binance.vision/data/futures/um/daily/metrics/BTCUSDT/BTCUSDT-metrics-2023-01-08.zip.CHECKSUM "HTTP/1.1 200 OK"
2026-09-27 22:19:43,303 [INFO] httpx: HTTP Request: GET https://data.binance.vision/data/futures/um/daily/metrics/BTCUSDT/BTCUSDT-metrics-2023-01-09.zip "HTTP/1.1 200 OK"
2026-09-27 22:19:43,578 [INFO] httpx: HTTP Request: GET https://data.binance.vision/data/futures/um/daily/metrics/BTCUSDT/BTCUSDT-metrics-2023-01-09.zip.CHECKSUM "HTTP/1.1 200 OK"
2026-09-27 22:19:44,346 [INFO] httpx: HTTP Request: GET https://data.binance.vision/data/futures/um/daily/metrics/BTCUSDT/BTCUSDT-metrics-2023-01-10.zip "HTTP/1.1 200 OK"
2026-09-27 22:19:45,098 [INFO] httpx: HTTP Request: GET https://data.binance.vision/data/futures/um/daily/metrics/BTCUSDT/BTCUSDT-metrics-2023-01-10.zip.CHECKSUM "HTTP/1.1 200 OK"
2026-09-27 22:19:45,381 [INFO] httpx: HTTP Request: GET https://data.binance.vision/data/futures/um/daily/metrics/BTCUSDT/BTCUSDT-metrics-2023-01-11.zip "HTTP/1.1 200 OK"
2026-09-27 22:19:46,140 [INFO] httpx: HTTP Request: GET https://data.binance.vision/data/futures/um/daily/metrics/BTCUSDT/BTCUSDT-metrics-2023-01-11.zip.CHECKSUM "HTTP/1.1 200 OK"
2026-09-27 22:19:46,918 [INFO] httpx: HTTP Request: GET https://data.binance.vision/data/futures/um/daily/metrics/BTCUSDT/BTCUSDT-metrics-2023-01-12.zip "HTTP/1.1 200 OK"
2026-09-27 22:19:47,668 [INFO] httpx: HTTP Request: GET https://data.binance.vision/data/futures/um/daily/metrics/BTCUSDT/BTCUSDT-metrics-2023-01-12.zip.CHECKSUM "HTTP/1.1 200 OK"
2026-09-27 22:19:48,437 [INFO] httpx: HTTP Request: GET https://data.binance.vision/data/futures/um/daily/metrics/BTCUSDT/BTCUSDT-metrics-2023-01-13.zip "HTTP/1.1 200 OK"
2026-09-27 22:19:49,191 [INFO] httpx: HTTP Request: GET https://data.binance.vision/data/futures/um/daily/metrics/BTCUSDT/BTCUSDT-metrics-2023-01-13.zip.CHECKSUM "HTTP/1.1 200 OK"
2026-09-27 22:19:49,971 [INFO] httpx: HTTP Request: GET https://data.binance.vision/data/futures/um/daily/metrics/BTCUSDT/BTCUSDT-metrics-2023-01-14.zip "HTTP/1.1 200 OK"
2026-09-27 22:19:50,749 [INFO] httpx: HTTP Request: GET https://data.binance.vision/data/futures/um/daily/metrics/BTCUSDT/BTCUSDT-metrics-2023-01-14.zip.CHECKSUM "HTTP/1.1 200 OK"
2026-09-27 22:19:51,501 [INFO] httpx: HTTP Request: GET https://data.binance.vision/data/futures/um/daily/metrics/BTCUSDT/BTCUSDT-metrics-2023-01-15.zip "HTTP/1.1 200 OK"
2026-09-27 22:19:52,243 [INFO] httpx: HTTP Request: GET https://data.binance.vision/data/futures/um/daily/metrics/BTCUSDT/BTCUSDT-metrics-2023-01-15.zip.CHECKSUM "HTTP/1.1 200 OK"
2026-09-27 22:19:53,006 [INFO] httpx: HTTP Request: GET https://data.binance.vision/data/futures/um/daily/metrics/BTCUSDT/BTCUSDT-metrics-2023-01-16.zip "HTTP/1.1 200 OK"
2026-09-27 22:19:53,275 [INFO] httpx: HTTP Request: GET https://data.binance.vision/data/futures/um/daily/metrics/BTCUSDT/BTCUSDT-metrics-2023-01-16.zip.CHECKSUM "HTTP/1.1 200 OK"
2026-09-27 22:19:54,037 [INFO] httpx: HTTP Request: GET https://data.binance.vision/data/futures/um/daily/metrics/BTCUSDT/BTCUSDT-metrics-2023-01-17.zip "HTTP/1.1 200 OK"
2026-09-27 22:19:54,319 [INFO] httpx: HTTP Request: GET https://data.binance.vision/data/futures/um/daily/metrics/BTCUSDT/BTCUSDT-metrics-2023-01-17.zip.CHECKSUM "HTTP/1.1 200 OK"
2026-09-27 22:19:55,109 [INFO] httpx: HTTP Request: GET https://data.binance.vision/data/futures/um/daily/metrics/BTCUSDT/BTCUSDT-metrics-2023-01-18.zip "HTTP/1.1 200 OK"
2026-09-27 22:19:55,879 [INFO] httpx: HTTP Request: GET https://data.binance.vision/data/futures/um/daily/metrics/BTCUSDT/BTCUSDT-metrics-2023-01-18.zip.CHECKSUM "HTTP/1.1 200 OK"
2026-09-27 22:19:56,659 [INFO] httpx: HTTP Request: GET https://data.binance.vision/data/futures/um/daily/metrics/BTCUSDT/BTCUSDT-metrics-2023-01-19.zip "HTTP/1.1 200 OK"
2026-09-27 22:19:57,067 [INFO] httpx: HTTP Request: GET https://data.binance.vision/data/futures/um/daily/metrics/BTCUSDT/BTCUSDT-metrics-2023-01-19.zip.CHECKSUM "HTTP/1.1 200 OK"
2026-09-27 22:19:57,842 [INFO] httpx: HTTP Request: GET https://data.binance.vision/data/futures/um/daily/metrics/BTCUSDT/BTCUSDT-metrics-2023-01-20.zip "HTTP/1.1 200 OK"
2026-09-27 22:19:58,610 [INFO] httpx: HTTP Request: GET https://data.binance.vision/data/futures/um/daily/metrics/BTCUSDT/BTCUSDT-metrics-2023-01-20.zip.CHECKSUM "HTTP/1.1 200 OK"
2026-09-27 22:19:58,900 [INFO] httpx: HTTP Request: GET https://data.binance.vision/data/futures/um/daily/metrics/BTCUSDT/BTCUSDT-metrics-2023-01-21.zip "HTTP/1.1 200 OK"
2026-09-27 22:19:59,671 [INFO] httpx: HTTP Request: GET https://data.binance.vision/data/futures/um/daily/metrics/BTCUSDT/BTCUSDT-metrics-2023-01-21.zip.CHECKSUM "HTTP/1.1 200 OK"
2026-09-27 22:20:00,449 [INFO] httpx: HTTP Request: GET https://data.binance.vision/data/futures/um/daily/metrics/BTCUSDT/BTCUSDT-metrics-2023-01-22.zip "HTTP/1.1 200 OK"
2026-09-27 22:20:01,219 [INFO] httpx: HTTP Request: GET https://data.binance.vision/data/futures/um/daily/metrics/BTCUSDT/BTCUSDT-metrics-2023-01-22.zip.CHECKSUM "HTTP/1.1 200 OK"
2026-09-27 22:20:01,989 [INFO] httpx: HTTP Request: GET https://data.binance.vision/data/futures/um/daily/metrics/BTCUSDT/BTCUSDT-metrics-2023-01-23.zip "HTTP/1.1 200 OK"
2026-09-27 22:20:02,763 [INFO] httpx: HTTP Request: GET https://data.binance.vision/data/futures/um/daily/metrics/BTCUSDT/BTCUSDT-metrics-2023-01-23.zip.CHECKSUM "HTTP/1.1 200 OK"
2026-09-27 22:20:03,067 [INFO] httpx: HTTP Request: GET https://data.binance.vision/data/futures/um/daily/metrics/BTCUSDT/BTCUSDT-metrics-2023-01-24.zip "HTTP/1.1 200 OK"
2026-09-27 22:20:03,829 [INFO] httpx: HTTP Request: GET https://data.binance.vision/data/futures/um/daily/metrics/BTCUSDT/BTCUSDT-metrics-2023-01-24.zip.CHECKSUM "HTTP/1.1 200 OK"
2026-09-27 22:20:04,610 [INFO] httpx: HTTP Request: GET https://data.binance.vision/data/futures/um/daily/metrics/BTCUSDT/BTCUSDT-metrics-2023-01-25.zip "HTTP/1.1 200 OK"
2026-09-27 22:20:05,415 [INFO] httpx: HTTP Request: GET https://data.binance.vision/data/futures/um/daily/metrics/BTCUSDT/BTCUSDT-metrics-2023-01-25.zip.CHECKSUM "HTTP/1.1 200 OK"
2026-09-27 22:20:06,218 [INFO] httpx: HTTP Request: GET https://data.binance.vision/data/futures/um/daily/metrics/BTCUSDT/BTCUSDT-metrics-2023-01-26.zip "HTTP/1.1 200 OK"
2026-09-27 22:20:08,436 [INFO] httpx: HTTP Request: GET https://data.binance.vision/data/futures/um/daily/metrics/BTCUSDT/BTCUSDT-metrics-2023-01-26.zip.CHECKSUM "HTTP/1.1 200 OK"
2026-09-27 22:20:09,234 [INFO] httpx: HTTP Request: GET https://data.binance.vision/data/futures/um/daily/metrics/BTCUSDT/BTCUSDT-metrics-2023-01-27.zip "HTTP/1.1 200 OK"
2026-09-27 22:20:10,020 [INFO] httpx: HTTP Request: GET https://data.binance.vision/data/futures/um/daily/metrics/BTCUSDT/BTCUSDT-metrics-2023-01-27.zip.CHECKSUM "HTTP/1.1 200 OK"
2026-09-27 22:20:10,325 [INFO] httpx: HTTP Request: GET https://data.binance.vision/data/futures/um/daily/metrics/BTCUSDT/BTCUSDT-metrics-2023-01-28.zip "HTTP/1.1 200 OK"
2026-09-27 22:20:10,826 [INFO] httpx: HTTP Request: GET https://data.binance.vision/data/futures/um/daily/metrics/BTCUSDT/BTCUSDT-metrics-2023-01-28.zip.CHECKSUM "HTTP/1.1 200 OK"
2026-09-27 22:20:11,614 [INFO] httpx: HTTP Request: GET https://data.binance.vision/data/futures/um/daily/metrics/BTCUSDT/BTCUSDT-metrics-2023-01-29.zip "HTTP/1.1 200 OK"
2026-09-27 22:20:11,899 [INFO] httpx: HTTP Request: GET https://data.binance.vision/data/futures/um/daily/metrics/BTCUSDT/BTCUSDT-metrics-2023-01-29.zip.CHECKSUM "HTTP/1.1 200 OK"
2026-09-27 22:20:12,683 [INFO] httpx: HTTP Request: GET https://data.binance.vision/data/futures/um/daily/metrics/BTCUSDT/BTCUSDT-metrics-2023-01-30.zip "HTTP/1.1 200 OK"
2026-09-27 22:20:13,455 [INFO] httpx: HTTP Request: GET https://data.binance.vision/data/futures/um/daily/metrics/BTCUSDT/BTCUSDT-metrics-2023-01-30.zip.CHECKSUM "HTTP/1.1 200 OK"
2026-09-27 22:20:14,242 [INFO] httpx: HTTP Request: GET https://data.binance.vision/data/futures/um/daily/metrics/BTCUSDT/BTCUSDT-metrics-2023-01-31.zip "HTTP/1.1 200 OK"
2026-09-27 22:20:14,528 [INFO] httpx: HTTP Request: GET https://data.binance.vision/data/futures/um/daily/metrics/BTCUSDT/BTCUSDT-metrics-2023-01-31.zip.CHECKSUM "HTTP/1.1 200 OK"
2026-09-27 22:20:15,303 [INFO] httpx: HTTP Request: GET https://data.binance.vision/data/futures/um/daily/metrics/BTCUSDT/BTCUSDT-metrics-2023-02-01.zip "HTTP/1.1 200 OK"
2026-09-27 22:20:16,062 [INFO] httpx: HTTP Request: GET https://data.binance.vision/data/futures/um/daily/metrics/BTCUSDT/BTCUSDT-metrics-2023-02-01.zip.CHECKSUM "HTTP/1.1 200 OK"
2026-09-27 22:20:16,347 [INFO] httpx: HTTP Request: GET https://data.binance.vision/data/futures/um/daily/metrics/BTCUSDT/BTCUSDT-metrics-2023-02-02.zip "HTTP/1.1 200 OK"
2026-09-27 22:20:16,635 [INFO] httpx: HTTP Request: GET https://data.binance.vision/data/futures/um/daily/metrics/BTCUSDT/BTCUSDT-metrics-2023-02-02.zip.CHECKSUM "HTTP/1.1 200 OK"
2026-09-27 22:20:17,429 [INFO] httpx: HTTP Request: GET https://data.binance.vision/data/futures/um/daily/metrics/BTCUSDT/BTCUSDT-metrics-2023-02-03.zip "HTTP/1.1 200 OK"
2026-09-27 22:20:18,219 [INFO] httpx: HTTP Request: GET https://data.binance.vision/data/futures/um/daily/metrics/BTCUSDT/BTCUSDT-metrics-2023-02-03.zip.CHECKSUM "HTTP/1.1 200 OK"
2026-09-27 22:20:19,004 [INFO] httpx: HTTP Request: GET https://data.binance.vision/data/futures/um/daily/metrics/BTCUSDT/BTCUSDT-metrics-2023-02-04.zip "HTTP/1.1 200 OK"
2026-09-27 22:20:19,282 [INFO] httpx: HTTP Request: GET https://data.binance.vision/data/futures/um/daily/metrics/BTCUSDT/BTCUSDT-metrics-2023-02-04.zip.CHECKSUM "HTTP/1.1 200 OK"
2026-09-27 22:20:20,063 [INFO] httpx: HTTP Request: GET https://data.binance.vision/data/futures/um/daily/metrics/BTCUSDT/BTCUSDT-metrics-2023-02-05.zip "HTTP/1.1 200 OK"
2026-09-27 22:20:20,340 [INFO] httpx: HTTP Request: GET https://data.binance.vision/data/futures/um/daily/metrics/BTCUSDT/BTCUSDT-metrics-2023-02-05.zip.CHECKSUM "HTTP/1.1 200 OK"
2026-09-27 22:20:21,121 [INFO] httpx: HTTP Request: GET https://data.binance.vision/data/futures/um/daily/metrics/BTCUSDT/BTCUSDT-metrics-2023-02-06.zip "HTTP/1.1 200 OK"
2026-09-27 22:20:21,886 [INFO] httpx: HTTP Request: GET https://data.binance.vision/data/futures/um/daily/metrics/BTCUSDT/BTCUSDT-metrics-2023-02-06.zip.CHECKSUM "HTTP/1.1 200 OK"
2026-09-27 22:20:22,670 [INFO] httpx: HTTP Request: GET https://data.binance.vision/data/futures/um/daily/metrics/BTCUSDT/BTCUSDT-metrics-2023-02-07.zip "HTTP/1.1 200 OK"
2026-09-27 22:20:22,953 [INFO] httpx: HTTP Request: GET https://data.binance.vision/data/futures/um/daily/metrics/BTCUSDT/BTCUSDT-metrics-2023-02-07.zip.CHECKSUM "HTTP/1.1 200 OK"
2026-09-27 22:20:23,332 [INFO] httpx: HTTP Request: GET https://data.binance.vision/data/futures/um/daily/metrics/BTCUSDT/BTCUSDT-metrics-2023-02-08.zip "HTTP/1.1 200 OK"
2026-09-27 22:20:24,100 [INFO] httpx: HTTP Request: GET https://data.binance.vision/data/futures/um/daily/metrics/BTCUSDT/BTCUSDT-metrics-2023-02-08.zip.CHECKSUM "HTTP/1.1 200 OK"
2026-09-27 22:20:24,875 [INFO] httpx: HTTP Request: GET https://data.binance.vision/data/futures/um/daily/metrics/BTCUSDT/BTCUSDT-metrics-2023-02-09.zip "HTTP/1.1 200 OK"
2026-09-27 22:20:25,640 [INFO] httpx: HTTP Request: GET https://data.binance.vision/data/futures/um/daily/metrics/BTCUSDT/BTCUSDT-metrics-2023-02-09.zip.CHECKSUM "HTTP/1.1 200 OK"
2026-09-27 22:20:26,405 [INFO] httpx: HTTP Request: GET https://data.binance.vision/data/futures/um/daily/metrics/BTCUSDT/BTCUSDT-metrics-2023-02-10.zip "HTTP/1.1 200 OK"
2026-09-27 22:20:27,176 [INFO] httpx: HTTP Request: GET https://data.binance.vision/data/futures/um/daily/metrics/BTCUSDT/BTCUSDT-metrics-2023-02-10.zip.CHECKSUM "HTTP/1.1 200 OK"
2026-09-27 22:20:27,963 [INFO] httpx: HTTP Request: GET https://data.binance.vision/data/futures/um/daily/metrics/BTCUSDT/BTCUSDT-metrics-2023-02-11.zip "HTTP/1.1 200 OK"
2026-09-27 22:20:28,471 [INFO] httpx: HTTP Request: GET https://data.binance.vision/data/futures/um/daily/metrics/BTCUSDT/BTCUSDT-metrics-2023-02-11.zip.CHECKSUM "HTTP/1.1 200 OK"
2026-09-27 22:20:29,247 [INFO] httpx: HTTP Request: GET https://data.binance.vision/data/futures/um/daily/metrics/BTCUSDT/BTCUSDT-metrics-2023-02-12.zip "HTTP/1.1 200 OK"
2026-09-27 22:20:30,041 [INFO] httpx: HTTP Request: GET https://data.binance.vision/data/futures/um/daily/metrics/BTCUSDT/BTCUSDT-metrics-2023-02-12.zip.CHECKSUM "HTTP/1.1 200 OK"
2026-09-27 22:20:30,824 [INFO] httpx: HTTP Request: GET https://data.binance.vision/data/futures/um/daily/metrics/BTCUSDT/BTCUSDT-metrics-2023-02-13.zip "HTTP/1.1 200 OK"
2026-09-27 22:20:31,589 [INFO] httpx: HTTP Request: GET https://data.binance.vision/data/futures/um/daily/metrics/BTCUSDT/BTCUSDT-metrics-2023-02-13.zip.CHECKSUM "HTTP/1.1 200 OK"
2026-09-27 22:20:32,375 [INFO] httpx: HTTP Request: GET https://data.binance.vision/data/futures/um/daily/metrics/BTCUSDT/BTCUSDT-metrics-2023-02-14.zip "HTTP/1.1 200 OK"
2026-09-27 22:20:33,148 [INFO] httpx: HTTP Request: GET https://data.binance.vision/data/futures/um/daily/metrics/BTCUSDT/BTCUSDT-metrics-2023-02-14.zip.CHECKSUM "HTTP/1.1 200 OK"
2026-09-27 22:20:33,925 [INFO] httpx: HTTP Request: GET https://data.binance.vision/data/futures/um/daily/metrics/BTCUSDT/BTCUSDT-metrics-2023-02-15.zip "HTTP/1.1 200 OK"
2026-09-27 22:20:34,206 [INFO] httpx: HTTP Request: GET https://data.binance.vision/data/futures/um/daily/metrics/BTCUSDT/BTCUSDT-metrics-2023-02-15.zip.CHECKSUM "HTTP/1.1 200 OK"
2026-09-27 22:20:34,492 [INFO] httpx: HTTP Request: GET https://data.binance.vision/data/futures/um/daily/metrics/BTCUSDT/BTCUSDT-metrics-2023-02-16.zip "HTTP/1.1 200 OK"
2026-09-27 22:20:35,249 [INFO] httpx: HTTP Request: GET https://data.binance.vision/data/futures/um/daily/metrics/BTCUSDT/BTCUSDT-metrics-2023-02-16.zip.CHECKSUM "HTTP/1.1 200 OK"
2026-09-27 22:20:36,032 [INFO] httpx: HTTP Request: GET https://data.binance.vision/data/futures/um/daily/metrics/BTCUSDT/BTCUSDT-metrics-2023-02-17.zip "HTTP/1.1 200 OK"
2026-09-27 22:20:36,803 [INFO] httpx: HTTP Request: GET https://data.binance.vision/data/futures/um/daily/metrics/BTCUSDT/BTCUSDT-metrics-2023-02-17.zip.CHECKSUM "HTTP/1.1 200 OK"
2026-09-27 22:20:37,091 [INFO] httpx: HTTP Request: GET https://data.binance.vision/data/futures/um/daily/metrics/BTCUSDT/BTCUSDT-metrics-2023-02-18.zip "HTTP/1.1 200 OK"
2026-09-27 22:20:37,853 [INFO] httpx: HTTP Request: GET https://data.binance.vision/data/futures/um/daily/metrics/BTCUSDT/BTCUSDT-metrics-2023-02-18.zip.CHECKSUM "HTTP/1.1 200 OK"
2026-09-27 22:20:38,634 [INFO] httpx: HTTP Request: GET https://data.binance.vision/data/futures/um/daily/metrics/BTCUSDT/BTCUSDT-metrics-2023-02-19.zip "HTTP/1.1 200 OK"
2026-09-27 22:20:39,409 [INFO] httpx: HTTP Request: GET https://data.binance.vision/data/futures/um/daily/metrics/BTCUSDT/BTCUSDT-metrics-2023-02-19.zip.CHECKSUM "HTTP/1.1 200 OK"
2026-09-27 22:20:40,183 [INFO] httpx: HTTP Request: GET https://data.binance.vision/data/futures/um/daily/metrics/BTCUSDT/BTCUSDT-metrics-2023-02-20.zip "HTTP/1.1 200 OK"
2026-09-27 22:20:42,100 [INFO] httpx: HTTP Request: GET https://data.binance.vision/data/futures/um/daily/metrics/BTCUSDT/BTCUSDT-metrics-2023-02-20.zip.CHECKSUM "HTTP/1.1 200 OK"
2026-09-27 22:20:42,865 [INFO] httpx: HTTP Request: GET https://data.binance.vision/data/futures/um/daily/metrics/BTCUSDT/BTCUSDT-metrics-2023-02-21.zip "HTTP/1.1 200 OK"
2026-09-27 22:20:43,636 [INFO] httpx: HTTP Request: GET https://data.binance.vision/data/futures/um/daily/metrics/BTCUSDT/BTCUSDT-metrics-2023-02-21.zip.CHECKSUM "HTTP/1.1 200 OK"
2026-09-27 22:20:44,430 [INFO] httpx: HTTP Request: GET https://data.binance.vision/data/futures/um/daily/metrics/BTCUSDT/BTCUSDT-metrics-2023-02-22.zip "HTTP/1.1 200 OK"
2026-09-27 22:20:45,219 [INFO] httpx: HTTP Request: GET https://data.binance.vision/data/futures/um/daily/metrics/BTCUSDT/BTCUSDT-metrics-2023-02-22.zip.CHECKSUM "HTTP/1.1 200 OK"
2026-09-27 22:20:46,014 [INFO] httpx: HTTP Request: GET https://data.binance.vision/data/futures/um/daily/metrics/BTCUSDT/BTCUSDT-metrics-2023-02-23.zip "HTTP/1.1 200 OK"
2026-09-27 22:20:46,774 [INFO] httpx: HTTP Request: GET https://data.binance.vision/data/futures/um/daily/metrics/BTCUSDT/BTCUSDT-metrics-2023-02-23.zip.CHECKSUM "HTTP/1.1 200 OK"
2026-09-27 22:20:47,543 [INFO] httpx: HTTP Request: GET https://data.binance.vision/data/futures/um/daily/metrics/BTCUSDT/BTCUSDT-metrics-2023-02-24.zip "HTTP/1.1 200 OK"
2026-09-27 22:20:47,828 [INFO] httpx: HTTP Request: GET https://data.binance.vision/data/futures/um/daily/metrics/BTCUSDT/BTCUSDT-metrics-2023-02-24.zip.CHECKSUM "HTTP/1.1 200 OK"
2026-09-27 22:20:48,201 [INFO] httpx: HTTP Request: GET https://data.binance.vision/data/futures/um/daily/metrics/BTCUSDT/BTCUSDT-metrics-2023-02-25.zip "HTTP/1.1 200 OK"
2026-09-27 22:20:48,484 [INFO] httpx: HTTP Request: GET https://data.binance.vision/data/futures/um/daily/metrics/BTCUSDT/BTCUSDT-metrics-2023-02-25.zip.CHECKSUM "HTTP/1.1 200 OK"
2026-09-27 22:20:49,252 [INFO] httpx: HTTP Request: GET https://data.binance.vision/data/futures/um/daily/metrics/BTCUSDT/BTCUSDT-metrics-2023-02-26.zip "HTTP/1.1 200 OK"
2026-09-27 22:20:50,011 [INFO] httpx: HTTP Request: GET https://data.binance.vision/data/futures/um/daily/metrics/BTCUSDT/BTCUSDT-metrics-2023-02-26.zip.CHECKSUM "HTTP/1.1 200 OK"
2026-09-27 22:20:50,794 [INFO] httpx: HTTP Request: GET https://data.binance.vision/data/futures/um/daily/metrics/BTCUSDT/BTCUSDT-metrics-2023-02-27.zip "HTTP/1.1 200 OK"
2026-09-27 22:20:51,558 [INFO] httpx: HTTP Request: GET https://data.binance.vision/data/futures/um/daily/metrics/BTCUSDT/BTCUSDT-metrics-2023-02-27.zip.CHECKSUM "HTTP/1.1 200 OK"
2026-09-27 22:20:52,377 [INFO] httpx: HTTP Request: GET https://data.binance.vision/data/futures/um/daily/metrics/BTCUSDT/BTCUSDT-metrics-2023-02-28.zip "HTTP/1.1 200 OK"
2026-09-27 22:20:52,656 [INFO] httpx: HTTP Request: GET https://data.binance.vision/data/futures/um/daily/metrics/BTCUSDT/BTCUSDT-metrics-2023-02-28.zip.CHECKSUM "HTTP/1.1 200 OK"
2026-09-27 22:20:53,479 [INFO] httpx: HTTP Request: GET https://data.binance.vision/data/futures/um/daily/metrics/BTCUSDT/BTCUSDT-metrics-2023-03-01.zip "HTTP/1.1 200 OK"
2026-09-27 22:20:54,253 [INFO] httpx: HTTP Request: GET https://data.binance.vision/data/futures/um/daily/metrics/BTCUSDT/BTCUSDT-metrics-2023-03-01.zip.CHECKSUM "HTTP/1.1 200 OK"
2026-09-27 22:20:55,031 [INFO] httpx: HTTP Request: GET https://data.binance.vision/data/futures/um/daily/metrics/BTCUSDT/BTCUSDT-metrics-2023-03-02.zip "HTTP/1.1 200 OK"
2026-09-27 22:20:55,310 [INFO] httpx: HTTP Request: GET https://data.binance.vision/data/futures/um/daily/metrics/BTCUSDT/BTCUSDT-metrics-2023-03-02.zip.CHECKSUM "HTTP/1.1 200 OK"
2026-09-27 22:20:55,602 [INFO] httpx: HTTP Request: GET https://data.binance.vision/data/futures/um/daily/metrics/BTCUSDT/BTCUSDT-metrics-2023-03-03.zip "HTTP/1.1 200 OK"
2026-09-27 22:20:56,395 [INFO] httpx: HTTP Request: GET https://data.binance.vision/data/futures/um/daily/metrics/BTCUSDT/BTCUSDT-metrics-2023-03-03.zip.CHECKSUM "HTTP/1.1 200 OK"
2026-09-27 22:20:56,689 [INFO] httpx: HTTP Request: GET https://data.binance.vision/data/futures/um/daily/metrics/BTCUSDT/BTCUSDT-metrics-2023-03-04.zip "HTTP/1.1 200 OK"
2026-09-27 22:20:57,454 [INFO] httpx: HTTP Request: GET https://data.binance.vision/data/futures/um/daily/metrics/BTCUSDT/BTCUSDT-metrics-2023-03-04.zip.CHECKSUM "HTTP/1.1 200 OK"
2026-09-27 22:20:58,239 [INFO] httpx: HTTP Request: GET https://data.binance.vision/data/futures/um/daily/metrics/BTCUSDT/BTCUSDT-metrics-2023-03-05.zip "HTTP/1.1 200 OK"
2026-09-27 22:20:58,530 [INFO] httpx: HTTP Request: GET https://data.binance.vision/data/futures/um/daily/metrics/BTCUSDT/BTCUSDT-metrics-2023-03-05.zip.CHECKSUM "HTTP/1.1 200 OK"
2026-09-27 22:20:59,329 [INFO] httpx: HTTP Request: GET https://data.binance.vision/data/futures/um/daily/metrics/BTCUSDT/BTCUSDT-metrics-2023-03-06.zip "HTTP/1.1 200 OK"
2026-09-27 22:21:00,109 [INFO] httpx: HTTP Request: GET https://data.binance.vision/data/futures/um/daily/metrics/BTCUSDT/BTCUSDT-metrics-2023-03-06.zip.CHECKSUM "HTTP/1.1 200 OK"
2026-09-27 22:21:00,879 [INFO] httpx: HTTP Request: GET https://data.binance.vision/data/futures/um/daily/metrics/BTCUSDT/BTCUSDT-metrics-2023-03-07.zip "HTTP/1.1 200 OK"
2026-09-27 22:21:01,161 [INFO] httpx: HTTP Request: GET https://data.binance.vision/data/futures/um/daily/metrics/BTCUSDT/BTCUSDT-metrics-2023-03-07.zip.CHECKSUM "HTTP/1.1 200 OK"
2026-09-27 22:21:01,934 [INFO] httpx: HTTP Request: GET https://data.binance.vision/data/futures/um/daily/metrics/BTCUSDT/BTCUSDT-metrics-2023-03-08.zip "HTTP/1.1 200 OK"
2026-09-27 22:21:02,210 [INFO] httpx: HTTP Request: GET https://data.binance.vision/data/futures/um/daily/metrics/BTCUSDT/BTCUSDT-metrics-2023-03-08.zip.CHECKSUM "HTTP/1.1 200 OK"
2026-09-27 22:21:02,993 [INFO] httpx: HTTP Request: GET https://data.binance.vision/data/futures/um/daily/metrics/BTCUSDT/BTCUSDT-metrics-2023-03-09.zip "HTTP/1.1 200 OK"
2026-09-27 22:21:03,770 [INFO] httpx: HTTP Request: GET https://data.binance.vision/data/futures/um/daily/metrics/BTCUSDT/BTCUSDT-metrics-2023-03-09.zip.CHECKSUM "HTTP/1.1 200 OK"
2026-09-27 22:21:04,061 [INFO] httpx: HTTP Request: GET https://data.binance.vision/data/futures/um/daily/metrics/BTCUSDT/BTCUSDT-metrics-2023-03-10.zip "HTTP/1.1 200 OK"
2026-09-27 22:21:04,827 [INFO] httpx: HTTP Request: GET https://data.binance.vision/data/futures/um/daily/metrics/BTCUSDT/BTCUSDT-metrics-2023-03-10.zip.CHECKSUM "HTTP/1.1 200 OK"
2026-09-27 22:21:05,250 [INFO] httpx: HTTP Request: GET https://data.binance.vision/data/futures/um/daily/metrics/BTCUSDT/BTCUSDT-metrics-2023-03-11.zip "HTTP/1.1 200 OK"
2026-09-27 22:21:05,599 [INFO] httpx: HTTP Request: GET https://data.binance.vision/data/futures/um/daily/metrics/BTCUSDT/BTCUSDT-metrics-2023-03-11.zip.CHECKSUM "HTTP/1.1 200 OK"
2026-09-27 22:21:05,887 [INFO] httpx: HTTP Request: GET https://data.binance.vision/data/futures/um/daily/metrics/BTCUSDT/BTCUSDT-metrics-2023-03-12.zip "HTTP/1.1 200 OK"
2026-09-27 22:21:06,665 [INFO] httpx: HTTP Request: GET https://data.binance.vision/data/futures/um/daily/metrics/BTCUSDT/BTCUSDT-metrics-2023-03-12.zip.CHECKSUM "HTTP/1.1 200 OK"
2026-09-27 22:21:07,451 [INFO] httpx: HTTP Request: GET https://data.binance.vision/data/futures/um/daily/metrics/BTCUSDT/BTCUSDT-metrics-2023-03-13.zip "HTTP/1.1 200 OK"
2026-09-27 22:21:08,242 [INFO] httpx: HTTP Request: GET https://data.binance.vision/data/futures/um/daily/metrics/BTCUSDT/BTCUSDT-metrics-2023-03-13.zip.CHECKSUM "HTTP/1.1 200 OK"
2026-09-27 22:21:08,528 [INFO] httpx: HTTP Request: GET https://data.binance.vision/data/futures/um/daily/metrics/BTCUSDT/BTCUSDT-metrics-2023-03-14.zip "HTTP/1.1 200 OK"
2026-09-27 22:21:08,807 [INFO] httpx: HTTP Request: GET https://data.binance.vision/data/futures/um/daily/metrics/BTCUSDT/BTCUSDT-metrics-2023-03-14.zip.CHECKSUM "HTTP/1.1 200 OK"
2026-09-27 22:21:09,501 [INFO] httpx: HTTP Request: GET https://data.binance.vision/data/futures/um/daily/metrics/BTCUSDT/BTCUSDT-metrics-2023-03-15.zip "HTTP/1.1 200 OK"
2026-09-27 22:21:10,279 [INFO] httpx: HTTP Request: GET https://data.binance.vision/data/futures/um/daily/metrics/BTCUSDT/BTCUSDT-metrics-2023-03-15.zip.CHECKSUM "HTTP/1.1 200 OK"
2026-09-27 22:21:10,571 [INFO] httpx: HTTP Request: GET https://data.binance.vision/data/futures/um/daily/metrics/BTCUSDT/BTCUSDT-metrics-2023-03-16.zip "HTTP/1.1 200 OK"
2026-09-27 22:21:11,333 [INFO] httpx: HTTP Request: GET https://data.binance.vision/data/futures/um/daily/metrics/BTCUSDT/BTCUSDT-metrics-2023-03-16.zip.CHECKSUM "HTTP/1.1 200 OK"
2026-09-27 22:21:11,875 [INFO] httpx: HTTP Request: GET https://data.binance.vision/data/futures/um/daily/metrics/BTCUSDT/BTCUSDT-metrics-2023-03-17.zip "HTTP/1.1 200 OK"
2026-09-27 22:21:12,152 [INFO] httpx: HTTP Request: GET https://data.binance.vision/data/futures/um/daily/metrics/BTCUSDT/BTCUSDT-metrics-2023-03-17.zip.CHECKSUM "HTTP/1.1 200 OK"
2026-09-27 22:21:12,450 [INFO] httpx: HTTP Request: GET https://data.binance.vision/data/futures/um/daily/metrics/BTCUSDT/BTCUSDT-metrics-2023-03-18.zip "HTTP/1.1 200 OK"
2026-09-27 22:21:13,210 [INFO] httpx: HTTP Request: GET https://data.binance.vision/data/futures/um/daily/metrics/BTCUSDT/BTCUSDT-metrics-2023-03-18.zip.CHECKSUM "HTTP/1.1 200 OK"
2026-09-27 22:21:13,771 [INFO] httpx: HTTP Request: GET https://data.binance.vision/data/futures/um/daily/metrics/BTCUSDT/BTCUSDT-metrics-2023-03-19.zip "HTTP/1.1 200 OK"
2026-09-27 22:21:14,071 [INFO] httpx: HTTP Request: GET https://data.binance.vision/data/futures/um/daily/metrics/BTCUSDT/BTCUSDT-metrics-2023-03-19.zip.CHECKSUM "HTTP/1.1 200 OK"
2026-09-27 22:21:16,113 [INFO] httpx: HTTP Request: GET https://data.binance.vision/data/futures/um/daily/metrics/BTCUSDT/BTCUSDT-metrics-2023-03-20.zip "HTTP/1.1 200 OK"
2026-09-27 22:21:16,877 [INFO] httpx: HTTP Request: GET https://data.binance.vision/data/futures/um/daily/metrics/BTCUSDT/BTCUSDT-metrics-2023-03-20.zip.CHECKSUM "HTTP/1.1 200 OK"
2026-09-27 22:21:17,665 [INFO] httpx: HTTP Request: GET https://data.binance.vision/data/futures/um/daily/metrics/BTCUSDT/BTCUSDT-metrics-2023-03-21.zip "HTTP/1.1 200 OK"
2026-09-27 22:21:18,437 [INFO] httpx: HTTP Request: GET https://data.binance.vision/data/futures/um/daily/metrics/BTCUSDT/BTCUSDT-metrics-2023-03-21.zip.CHECKSUM "HTTP/1.1 200 OK"
2026-09-27 22:21:19,239 [INFO] httpx: HTTP Request: GET https://data.binance.vision/data/futures/um/daily/metrics/BTCUSDT/BTCUSDT-metrics-2023-03-22.zip "HTTP/1.1 200 OK"
2026-09-27 22:21:20,067 [INFO] httpx: HTTP Request: GET https://data.binance.vision/data/futures/um/daily/metrics/BTCUSDT/BTCUSDT-metrics-2023-03-22.zip.CHECKSUM "HTTP/1.1 200 OK"
2026-09-27 22:21:20,855 [INFO] httpx: HTTP Request: GET https://data.binance.vision/data/futures/um/daily/metrics/BTCUSDT/BTCUSDT-metrics-2023-03-23.zip "HTTP/1.1 200 OK"
2026-09-27 22:21:21,150 [INFO] httpx: HTTP Request: GET https://data.binance.vision/data/futures/um/daily/metrics/BTCUSDT/BTCUSDT-metrics-2023-03-23.zip.CHECKSUM "HTTP/1.1 200 OK"
2026-09-27 22:21:21,620 [INFO] httpx: HTTP Request: GET https://data.binance.vision/data/futures/um/daily/metrics/BTCUSDT/BTCUSDT-metrics-2023-03-24.zip "HTTP/1.1 200 OK"
2026-09-27 22:21:22,383 [INFO] httpx: HTTP Request: GET https://data.binance.vision/data/futures/um/daily/metrics/BTCUSDT/BTCUSDT-metrics-2023-03-24.zip.CHECKSUM "HTTP/1.1 200 OK"
2026-09-27 22:21:23,171 [INFO] httpx: HTTP Request: GET https://data.binance.vision/data/futures/um/daily/metrics/BTCUSDT/BTCUSDT-metrics-2023-03-25.zip "HTTP/1.1 200 OK"
2026-09-27 22:21:23,944 [INFO] httpx: HTTP Request: GET https://data.binance.vision/data/futures/um/daily/metrics/BTCUSDT/BTCUSDT-metrics-2023-03-25.zip.CHECKSUM "HTTP/1.1 200 OK"
2026-09-27 22:21:24,585 [INFO] httpx: HTTP Request: GET https://data.binance.vision/data/futures/um/daily/metrics/BTCUSDT/BTCUSDT-metrics-2023-03-26.zip "HTTP/1.1 200 OK"
2026-09-27 22:21:24,884 [INFO] httpx: HTTP Request: GET https://data.binance.vision/data/futures/um/daily/metrics/BTCUSDT/BTCUSDT-metrics-2023-03-26.zip.CHECKSUM "HTTP/1.1 200 OK"
2026-09-27 22:21:25,188 [INFO] httpx: HTTP Request: GET https://data.binance.vision/data/futures/um/daily/metrics/BTCUSDT/BTCUSDT-metrics-2023-03-27.zip "HTTP/1.1 200 OK"
2026-09-27 22:21:25,463 [INFO] httpx: HTTP Request: GET https://data.binance.vision/data/futures/um/daily/metrics/BTCUSDT/BTCUSDT-metrics-2023-03-27.zip.CHECKSUM "HTTP/1.1 200 OK"
2026-09-27 22:21:25,745 [INFO] httpx: HTTP Request: GET https://data.binance.vision/data/futures/um/daily/metrics/BTCUSDT/BTCUSDT-metrics-2023-03-28.zip "HTTP/1.1 200 OK"
2026-09-27 22:21:26,519 [INFO] httpx: HTTP Request: GET https://data.binance.vision/data/futures/um/daily/metrics/BTCUSDT/BTCUSDT-metrics-2023-03-28.zip.CHECKSUM "HTTP/1.1 200 OK"
2026-09-27 22:21:27,298 [INFO] httpx: HTTP Request: GET https://data.binance.vision/data/futures/um/daily/metrics/BTCUSDT/BTCUSDT-metrics-2023-03-29.zip "HTTP/1.1 200 OK"
2026-09-27 22:21:28,068 [INFO] httpx: HTTP Request: GET https://data.binance.vision/data/futures/um/daily/metrics/BTCUSDT/BTCUSDT-metrics-2023-03-29.zip.CHECKSUM "HTTP/1.1 200 OK"
2026-09-27 22:21:28,858 [INFO] httpx: HTTP Request: GET https://data.binance.vision/data/futures/um/daily/metrics/BTCUSDT/BTCUSDT-metrics-2023-03-30.zip "HTTP/1.1 200 OK"
2026-09-27 22:21:29,373 [INFO] httpx: HTTP Request: GET https://data.binance.vision/data/futures/um/daily/metrics/BTCUSDT/BTCUSDT-metrics-2023-03-30.zip.CHECKSUM "HTTP/1.1 200 OK"
2026-09-27 22:21:29,661 [INFO] httpx: HTTP Request: GET https://data.binance.vision/data/futures/um/daily/metrics/BTCUSDT/BTCUSDT-metrics-2023-03-31.zip "HTTP/1.1 200 OK"
2026-09-27 22:21:29,944 [INFO] httpx: HTTP Request: GET https://data.binance.vision/data/futures/um/daily/metrics/BTCUSDT/BTCUSDT-metrics-2023-03-31.zip.CHECKSUM "HTTP/1.1 200 OK"
2026-09-27 22:21:30,241 [INFO] httpx: HTTP Request: GET https://data.binance.vision/data/futures/um/daily/metrics/BTCUSDT/BTCUSDT-metrics-2023-04-01.zip "HTTP/1.1 200 OK"
2026-09-27 22:21:31,009 [INFO] httpx: HTTP Request: GET https://data.binance.vision/data/futures/um/daily/metrics/BTCUSDT/BTCUSDT-metrics-2023-04-01.zip.CHECKSUM "HTTP/1.1 200 OK"
2026-09-27 22:21:31,801 [INFO] httpx: HTTP Request: GET https://data.binance.vision/data/futures/um/daily/metrics/BTCUSDT/BTCUSDT-metrics-2023-04-02.zip "HTTP/1.1 200 OK"
2026-09-27 22:21:32,581 [INFO] httpx: HTTP Request: GET https://data.binance.vision/data/futures/um/daily/metrics/BTCUSDT/BTCUSDT-metrics-2023-04-02.zip.CHECKSUM "HTTP/1.1 200 OK"
2026-09-27 22:21:33,357 [INFO] httpx: HTTP Request: GET https://data.binance.vision/data/futures/um/daily/metrics/BTCUSDT/BTCUSDT-metrics-2023-04-03.zip "HTTP/1.1 200 OK"
2026-09-27 22:21:34,128 [INFO] httpx: HTTP Request: GET https://data.binance.vision/data/futures/um/daily/metrics/BTCUSDT/BTCUSDT-metrics-2023-04-03.zip.CHECKSUM "HTTP/1.1 200 OK"
2026-09-27 22:21:34,422 [INFO] httpx: HTTP Request: GET https://data.binance.vision/data/futures/um/daily/metrics/BTCUSDT/BTCUSDT-metrics-2023-04-04.zip "HTTP/1.1 200 OK"
2026-09-27 22:21:34,777 [INFO] httpx: HTTP Request: GET https://data.binance.vision/data/futures/um/daily/metrics/BTCUSDT/BTCUSDT-metrics-2023-04-04.zip.CHECKSUM "HTTP/1.1 200 OK"
2026-09-27 22:21:35,061 [INFO] httpx: HTTP Request: GET https://data.binance.vision/data/futures/um/daily/metrics/BTCUSDT/BTCUSDT-metrics-2023-04-05.zip "HTTP/1.1 200 OK"
2026-09-27 22:21:35,336 [INFO] httpx: HTTP Request: GET https://data.binance.vision/data/futures/um/daily/metrics/BTCUSDT/BTCUSDT-metrics-2023-04-05.zip.CHECKSUM "HTTP/1.1 200 OK"
2026-09-27 22:21:35,629 [INFO] httpx: HTTP Request: GET https://data.binance.vision/data/futures/um/daily/metrics/BTCUSDT/BTCUSDT-metrics-2023-04-06.zip "HTTP/1.1 200 OK"
2026-09-27 22:21:36,400 [INFO] httpx: HTTP Request: GET https://data.binance.vision/data/futures/um/daily/metrics/BTCUSDT/BTCUSDT-metrics-2023-04-06.zip.CHECKSUM "HTTP/1.1 200 OK"
2026-09-27 22:21:37,174 [INFO] httpx: HTTP Request: GET https://data.binance.vision/data/futures/um/daily/metrics/BTCUSDT/BTCUSDT-metrics-2023-04-07.zip "HTTP/1.1 200 OK"
2026-09-27 22:21:37,934 [INFO] httpx: HTTP Request: GET https://data.binance.vision/data/futures/um/daily/metrics/BTCUSDT/BTCUSDT-metrics-2023-04-07.zip.CHECKSUM "HTTP/1.1 200 OK"
2026-09-27 22:21:38,235 [INFO] httpx: HTTP Request: GET https://data.binance.vision/data/futures/um/daily/metrics/BTCUSDT/BTCUSDT-metrics-2023-04-08.zip "HTTP/1.1 200 OK"
2026-09-27 22:21:39,021 [INFO] httpx: HTTP Request: GET https://data.binance.vision/data/futures/um/daily/metrics/BTCUSDT/BTCUSDT-metrics-2023-04-08.zip.CHECKSUM "HTTP/1.1 200 OK"
2026-09-27 22:21:39,322 [INFO] httpx: HTTP Request: GET https://data.binance.vision/data/futures/um/daily/metrics/BTCUSDT/BTCUSDT-metrics-2023-04-09.zip "HTTP/1.1 200 OK"
2026-09-27 22:21:39,611 [INFO] httpx: HTTP Request: GET https://data.binance.vision/data/futures/um/daily/metrics/BTCUSDT/BTCUSDT-metrics-2023-04-09.zip.CHECKSUM "HTTP/1.1 200 OK"
2026-09-27 22:21:40,381 [INFO] httpx: HTTP Request: GET https://data.binance.vision/data/futures/um/daily/metrics/BTCUSDT/BTCUSDT-metrics-2023-04-10.zip "HTTP/1.1 200 OK"
2026-09-27 22:21:40,697 [INFO] httpx: HTTP Request: GET https://data.binance.vision/data/futures/um/daily/metrics/BTCUSDT/BTCUSDT-metrics-2023-04-10.zip.CHECKSUM "HTTP/1.1 200 OK"
2026-09-27 22:21:41,146 [INFO] httpx: HTTP Request: GET https://data.binance.vision/data/futures/um/daily/metrics/BTCUSDT/BTCUSDT-metrics-2023-04-11.zip "HTTP/1.1 200 OK"
2026-09-27 22:21:41,920 [INFO] httpx: HTTP Request: GET https://data.binance.vision/data/futures/um/daily/metrics/BTCUSDT/BTCUSDT-metrics-2023-04-11.zip.CHECKSUM "HTTP/1.1 200 OK"
2026-09-27 22:21:42,700 [INFO] httpx: HTTP Request: GET https://data.binance.vision/data/futures/um/daily/metrics/BTCUSDT/BTCUSDT-metrics-2023-04-12.zip "HTTP/1.1 200 OK"
2026-09-27 22:21:43,475 [INFO] httpx: HTTP Request: GET https://data.binance.vision/data/futures/um/daily/metrics/BTCUSDT/BTCUSDT-metrics-2023-04-12.zip.CHECKSUM "HTTP/1.1 200 OK"
2026-09-27 22:21:43,766 [INFO] httpx: HTTP Request: GET https://data.binance.vision/data/futures/um/daily/metrics/BTCUSDT/BTCUSDT-metrics-2023-04-13.zip "HTTP/1.1 200 OK"
2026-09-27 22:21:44,043 [INFO] httpx: HTTP Request: GET https://data.binance.vision/data/futures/um/daily/metrics/BTCUSDT/BTCUSDT-metrics-2023-04-13.zip.CHECKSUM "HTTP/1.1 200 OK"
2026-09-27 22:21:44,338 [INFO] httpx: HTTP Request: GET https://data.binance.vision/data/futures/um/daily/metrics/BTCUSDT/BTCUSDT-metrics-2023-04-14.zip "HTTP/1.1 200 OK"
2026-09-27 22:21:44,620 [INFO] httpx: HTTP Request: GET https://data.binance.vision/data/futures/um/daily/metrics/BTCUSDT/BTCUSDT-metrics-2023-04-14.zip.CHECKSUM "HTTP/1.1 200 OK"
2026-09-27 22:21:45,395 [INFO] httpx: HTTP Request: GET https://data.binance.vision/data/futures/um/daily/metrics/BTCUSDT/BTCUSDT-metrics-2023-04-15.zip "HTTP/1.1 200 OK"
2026-09-27 22:21:45,935 [INFO] httpx: HTTP Request: GET https://data.binance.vision/data/futures/um/daily/metrics/BTCUSDT/BTCUSDT-metrics-2023-04-15.zip.CHECKSUM "HTTP/1.1 200 OK"
2026-09-27 22:21:46,707 [INFO] httpx: HTTP Request: GET https://data.binance.vision/data/futures/um/daily/metrics/BTCUSDT/BTCUSDT-metrics-2023-04-16.zip "HTTP/1.1 200 OK"
2026-09-27 22:21:47,480 [INFO] httpx: HTTP Request: GET https://data.binance.vision/data/futures/um/daily/metrics/BTCUSDT/BTCUSDT-metrics-2023-04-16.zip.CHECKSUM "HTTP/1.1 200 OK"
2026-09-27 22:21:47,845 [INFO] httpx: HTTP Request: GET https://data.binance.vision/data/futures/um/daily/metrics/BTCUSDT/BTCUSDT-metrics-2023-04-17.zip "HTTP/1.1 200 OK"
2026-09-27 22:21:50,333 [INFO] httpx: HTTP Request: GET https://data.binance.vision/data/futures/um/daily/metrics/BTCUSDT/BTCUSDT-metrics-2023-04-17.zip.CHECKSUM "HTTP/1.1 200 OK"
2026-09-27 22:21:50,630 [INFO] httpx: HTTP Request: GET https://data.binance.vision/data/futures/um/daily/metrics/BTCUSDT/BTCUSDT-metrics-2023-04-18.zip "HTTP/1.1 200 OK"
2026-09-27 22:21:51,401 [INFO] httpx: HTTP Request: GET https://data.binance.vision/data/futures/um/daily/metrics/BTCUSDT/BTCUSDT-metrics-2023-04-18.zip.CHECKSUM "HTTP/1.1 200 OK"
2026-09-27 22:21:51,701 [INFO] httpx: HTTP Request: GET https://data.binance.vision/data/futures/um/daily/metrics/BTCUSDT/BTCUSDT-metrics-2023-04-19.zip "HTTP/1.1 200 OK"
2026-09-27 22:21:52,004 [INFO] httpx: HTTP Request: GET https://data.binance.vision/data/futures/um/daily/metrics/BTCUSDT/BTCUSDT-metrics-2023-04-19.zip.CHECKSUM "HTTP/1.1 200 OK"
2026-09-27 22:21:52,781 [INFO] httpx: HTTP Request: GET https://data.binance.vision/data/futures/um/daily/metrics/BTCUSDT/BTCUSDT-metrics-2023-04-20.zip "HTTP/1.1 200 OK"
2026-09-27 22:21:53,575 [INFO] httpx: HTTP Request: GET https://data.binance.vision/data/futures/um/daily/metrics/BTCUSDT/BTCUSDT-metrics-2023-04-20.zip.CHECKSUM "HTTP/1.1 200 OK"
2026-09-27 22:21:54,355 [INFO] httpx: HTTP Request: GET https://data.binance.vision/data/futures/um/daily/metrics/BTCUSDT/BTCUSDT-metrics-2023-04-21.zip "HTTP/1.1 200 OK"
2026-09-27 22:21:54,635 [INFO] httpx: HTTP Request: GET https://data.binance.vision/data/futures/um/daily/metrics/BTCUSDT/BTCUSDT-metrics-2023-04-21.zip.CHECKSUM "HTTP/1.1 200 OK"
2026-09-27 22:21:55,409 [INFO] httpx: HTTP Request: GET https://data.binance.vision/data/futures/um/daily/metrics/BTCUSDT/BTCUSDT-metrics-2023-04-22.zip "HTTP/1.1 200 OK"
2026-09-27 22:21:56,176 [INFO] httpx: HTTP Request: GET https://data.binance.vision/data/futures/um/daily/metrics/BTCUSDT/BTCUSDT-metrics-2023-04-22.zip.CHECKSUM "HTTP/1.1 200 OK"
2026-09-27 22:21:56,460 [INFO] httpx: HTTP Request: GET https://data.binance.vision/data/futures/um/daily/metrics/BTCUSDT/BTCUSDT-metrics-2023-04-23.zip "HTTP/1.1 200 OK"
2026-09-27 22:21:56,736 [INFO] httpx: HTTP Request: GET https://data.binance.vision/data/futures/um/daily/metrics/BTCUSDT/BTCUSDT-metrics-2023-04-23.zip.CHECKSUM "HTTP/1.1 200 OK"
2026-09-27 22:21:57,516 [INFO] httpx: HTTP Request: GET https://data.binance.vision/data/futures/um/daily/metrics/BTCUSDT/BTCUSDT-metrics-2023-04-24.zip "HTTP/1.1 200 OK"
2026-09-27 22:21:57,800 [INFO] httpx: HTTP Request: GET https://data.binance.vision/data/futures/um/daily/metrics/BTCUSDT/BTCUSDT-metrics-2023-04-24.zip.CHECKSUM "HTTP/1.1 200 OK"
2026-09-27 22:21:58,577 [INFO] httpx: HTTP Request: GET https://data.binance.vision/data/futures/um/daily/metrics/BTCUSDT/BTCUSDT-metrics-2023-04-25.zip "HTTP/1.1 200 OK"
2026-09-27 22:21:58,921 [INFO] httpx: HTTP Request: GET https://data.binance.vision/data/futures/um/daily/metrics/BTCUSDT/BTCUSDT-metrics-2023-04-25.zip.CHECKSUM "HTTP/1.1 200 OK"
2026-09-27 22:21:59,711 [INFO] httpx: HTTP Request: GET https://data.binance.vision/data/futures/um/daily/metrics/BTCUSDT/BTCUSDT-metrics-2023-04-26.zip "HTTP/1.1 200 OK"
2026-09-27 22:22:00,006 [INFO] httpx: HTTP Request: GET https://data.binance.vision/data/futures/um/daily/metrics/BTCUSDT/BTCUSDT-metrics-2023-04-26.zip.CHECKSUM "HTTP/1.1 200 OK"
2026-09-27 22:22:00,304 [INFO] httpx: HTTP Request: GET https://data.binance.vision/data/futures/um/daily/metrics/BTCUSDT/BTCUSDT-metrics-2023-04-27.zip "HTTP/1.1 200 OK"
2026-09-27 22:22:00,597 [INFO] httpx: HTTP Request: GET https://data.binance.vision/data/futures/um/daily/metrics/BTCUSDT/BTCUSDT-metrics-2023-04-27.zip.CHECKSUM "HTTP/1.1 200 OK"
2026-09-27 22:22:00,894 [INFO] httpx: HTTP Request: GET https://data.binance.vision/data/futures/um/daily/metrics/BTCUSDT/BTCUSDT-metrics-2023-04-28.zip "HTTP/1.1 200 OK"
2026-09-27 22:22:01,656 [INFO] httpx: HTTP Request: GET https://data.binance.vision/data/futures/um/daily/metrics/BTCUSDT/BTCUSDT-metrics-2023-04-28.zip.CHECKSUM "HTTP/1.1 200 OK"
2026-09-27 22:22:02,448 [INFO] httpx: HTTP Request: GET https://data.binance.vision/data/futures/um/daily/metrics/BTCUSDT/BTCUSDT-metrics-2023-04-29.zip "HTTP/1.1 200 OK"
2026-09-27 22:22:02,730 [INFO] httpx: HTTP Request: GET https://data.binance.vision/data/futures/um/daily/metrics/BTCUSDT/BTCUSDT-metrics-2023-04-29.zip.CHECKSUM "HTTP/1.1 200 OK"
2026-09-27 22:22:03,513 [INFO] httpx: HTTP Request: GET https://data.binance.vision/data/futures/um/daily/metrics/BTCUSDT/BTCUSDT-metrics-2023-04-30.zip "HTTP/1.1 200 OK"
2026-09-27 22:22:04,209 [INFO] httpx: HTTP Request: GET https://data.binance.vision/data/futures/um/daily/metrics/BTCUSDT/BTCUSDT-metrics-2023-04-30.zip.CHECKSUM "HTTP/1.1 200 OK"
2026-09-27 22:22:05,004 [INFO] httpx: HTTP Request: GET https://data.binance.vision/data/futures/um/daily/metrics/BTCUSDT/BTCUSDT-metrics-2023-05-01.zip "HTTP/1.1 200 OK"
2026-09-27 22:22:05,781 [INFO] httpx: HTTP Request: GET https://data.binance.vision/data/futures/um/daily/metrics/BTCUSDT/BTCUSDT-metrics-2023-05-01.zip.CHECKSUM "HTTP/1.1 200 OK"
2026-09-27 22:22:06,071 [INFO] httpx: HTTP Request: GET https://data.binance.vision/data/futures/um/daily/metrics/BTCUSDT/BTCUSDT-metrics-2023-05-02.zip "HTTP/1.1 200 OK"
2026-09-27 22:22:06,829 [INFO] httpx: HTTP Request: GET https://data.binance.vision/data/futures/um/daily/metrics/BTCUSDT/BTCUSDT-metrics-2023-05-02.zip.CHECKSUM "HTTP/1.1 200 OK"
2026-09-27 22:22:07,598 [INFO] httpx: HTTP Request: GET https://data.binance.vision/data/futures/um/daily/metrics/BTCUSDT/BTCUSDT-metrics-2023-05-03.zip "HTTP/1.1 200 OK"
2026-09-27 22:22:08,374 [INFO] httpx: HTTP Request: GET https://data.binance.vision/data/futures/um/daily/metrics/BTCUSDT/BTCUSDT-metrics-2023-05-03.zip.CHECKSUM "HTTP/1.1 200 OK"
2026-09-27 22:22:09,162 [INFO] httpx: HTTP Request: GET https://data.binance.vision/data/futures/um/daily/metrics/BTCUSDT/BTCUSDT-metrics-2023-05-04.zip "HTTP/1.1 200 OK"
2026-09-27 22:22:09,919 [INFO] httpx: HTTP Request: GET https://data.binance.vision/data/futures/um/daily/metrics/BTCUSDT/BTCUSDT-metrics-2023-05-04.zip.CHECKSUM "HTTP/1.1 200 OK"
2026-09-27 22:22:10,685 [INFO] httpx: HTTP Request: GET https://data.binance.vision/data/futures/um/daily/metrics/BTCUSDT/BTCUSDT-metrics-2023-05-05.zip "HTTP/1.1 200 OK"
2026-09-27 22:22:11,446 [INFO] httpx: HTTP Request: GET https://data.binance.vision/data/futures/um/daily/metrics/BTCUSDT/BTCUSDT-metrics-2023-05-05.zip.CHECKSUM "HTTP/1.1 200 OK"
2026-09-27 22:22:12,245 [INFO] httpx: HTTP Request: GET https://data.binance.vision/data/futures/um/daily/metrics/BTCUSDT/BTCUSDT-metrics-2023-05-06.zip "HTTP/1.1 200 OK"
2026-09-27 22:22:12,524 [INFO] httpx: HTTP Request: GET https://data.binance.vision/data/futures/um/daily/metrics/BTCUSDT/BTCUSDT-metrics-2023-05-06.zip.CHECKSUM "HTTP/1.1 200 OK"
2026-09-27 22:22:13,307 [INFO] httpx: HTTP Request: GET https://data.binance.vision/data/futures/um/daily/metrics/BTCUSDT/BTCUSDT-metrics-2023-05-07.zip "HTTP/1.1 200 OK"
2026-09-27 22:22:14,077 [INFO] httpx: HTTP Request: GET https://data.binance.vision/data/futures/um/daily/metrics/BTCUSDT/BTCUSDT-metrics-2023-05-07.zip.CHECKSUM "HTTP/1.1 200 OK"
2026-09-27 22:22:14,884 [INFO] httpx: HTTP Request: GET https://data.binance.vision/data/futures/um/daily/metrics/BTCUSDT/BTCUSDT-metrics-2023-05-08.zip "HTTP/1.1 200 OK"
2026-09-27 22:22:15,655 [INFO] httpx: HTTP Request: GET https://data.binance.vision/data/futures/um/daily/metrics/BTCUSDT/BTCUSDT-metrics-2023-05-08.zip.CHECKSUM "HTTP/1.1 200 OK"
2026-09-27 22:22:16,455 [INFO] httpx: HTTP Request: GET https://data.binance.vision/data/futures/um/daily/metrics/BTCUSDT/BTCUSDT-metrics-2023-05-09.zip "HTTP/1.1 200 OK"
2026-09-27 22:22:17,238 [INFO] httpx: HTTP Request: GET https://data.binance.vision/data/futures/um/daily/metrics/BTCUSDT/BTCUSDT-metrics-2023-05-09.zip.CHECKSUM "HTTP/1.1 200 OK"
2026-09-27 22:22:18,029 [INFO] httpx: HTTP Request: GET https://data.binance.vision/data/futures/um/daily/metrics/BTCUSDT/BTCUSDT-metrics-2023-05-10.zip "HTTP/1.1 200 OK"
2026-09-27 22:22:18,794 [INFO] httpx: HTTP Request: GET https://data.binance.vision/data/futures/um/daily/metrics/BTCUSDT/BTCUSDT-metrics-2023-05-10.zip.CHECKSUM "HTTP/1.1 200 OK"
2026-09-27 22:22:19,568 [INFO] httpx: HTTP Request: GET https://data.binance.vision/data/futures/um/daily/metrics/BTCUSDT/BTCUSDT-metrics-2023-05-11.zip "HTTP/1.1 200 OK"
2026-09-27 22:22:20,338 [INFO] httpx: HTTP Request: GET https://data.binance.vision/data/futures/um/daily/metrics/BTCUSDT/BTCUSDT-metrics-2023-05-11.zip.CHECKSUM "HTTP/1.1 200 OK"
2026-09-27 22:22:21,109 [INFO] httpx: HTTP Request: GET https://data.binance.vision/data/futures/um/daily/metrics/BTCUSDT/BTCUSDT-metrics-2023-05-12.zip "HTTP/1.1 200 OK"
2026-09-27 22:22:21,871 [INFO] httpx: HTTP Request: GET https://data.binance.vision/data/futures/um/daily/metrics/BTCUSDT/BTCUSDT-metrics-2023-05-12.zip.CHECKSUM "HTTP/1.1 200 OK"
2026-09-27 22:22:24,351 [INFO] httpx: HTTP Request: GET https://data.binance.vision/data/futures/um/daily/metrics/BTCUSDT/BTCUSDT-metrics-2023-05-13.zip "HTTP/1.1 200 OK"
2026-09-27 22:22:25,115 [INFO] httpx: HTTP Request: GET https://data.binance.vision/data/futures/um/daily/metrics/BTCUSDT/BTCUSDT-metrics-2023-05-13.zip.CHECKSUM "HTTP/1.1 200 OK"
2026-09-27 22:22:25,890 [INFO] httpx: HTTP Request: GET https://data.binance.vision/data/futures/um/daily/metrics/BTCUSDT/BTCUSDT-metrics-2023-05-14.zip "HTTP/1.1 200 OK"
2026-09-27 22:22:26,402 [INFO] httpx: HTTP Request: GET https://data.binance.vision/data/futures/um/daily/metrics/BTCUSDT/BTCUSDT-metrics-2023-05-14.zip.CHECKSUM "HTTP/1.1 200 OK"
2026-09-27 22:22:26,706 [INFO] httpx: HTTP Request: GET https://data.binance.vision/data/futures/um/daily/metrics/BTCUSDT/BTCUSDT-metrics-2023-05-15.zip "HTTP/1.1 200 OK"
2026-09-27 22:22:27,472 [INFO] httpx: HTTP Request: GET https://data.binance.vision/data/futures/um/daily/metrics/BTCUSDT/BTCUSDT-metrics-2023-05-15.zip.CHECKSUM "HTTP/1.1 200 OK"
2026-09-27 22:22:28,248 [INFO] httpx: HTTP Request: GET https://data.binance.vision/data/futures/um/daily/metrics/BTCUSDT/BTCUSDT-metrics-2023-05-16.zip "HTTP/1.1 200 OK"
2026-09-27 22:22:29,008 [INFO] httpx: HTTP Request: GET https://data.binance.vision/data/futures/um/daily/metrics/BTCUSDT/BTCUSDT-metrics-2023-05-16.zip.CHECKSUM "HTTP/1.1 200 OK"
2026-09-27 22:22:29,299 [INFO] httpx: HTTP Request: GET https://data.binance.vision/data/futures/um/daily/metrics/BTCUSDT/BTCUSDT-metrics-2023-05-17.zip "HTTP/1.1 200 OK"
2026-09-27 22:22:30,096 [INFO] httpx: HTTP Request: GET https://data.binance.vision/data/futures/um/daily/metrics/BTCUSDT/BTCUSDT-metrics-2023-05-17.zip.CHECKSUM "HTTP/1.1 200 OK"
2026-09-27 22:22:30,410 [INFO] httpx: HTTP Request: GET https://data.binance.vision/data/futures/um/daily/metrics/BTCUSDT/BTCUSDT-metrics-2023-05-18.zip "HTTP/1.1 200 OK"
2026-09-27 22:22:31,190 [INFO] httpx: HTTP Request: GET https://data.binance.vision/data/futures/um/daily/metrics/BTCUSDT/BTCUSDT-metrics-2023-05-18.zip.CHECKSUM "HTTP/1.1 200 OK"
2026-09-27 22:22:31,968 [INFO] httpx: HTTP Request: GET https://data.binance.vision/data/futures/um/daily/metrics/BTCUSDT/BTCUSDT-metrics-2023-05-19.zip "HTTP/1.1 200 OK"
2026-09-27 22:22:32,727 [INFO] httpx: HTTP Request: GET https://data.binance.vision/data/futures/um/daily/metrics/BTCUSDT/BTCUSDT-metrics-2023-05-19.zip.CHECKSUM "HTTP/1.1 200 OK"
2026-09-27 22:22:33,514 [INFO] httpx: HTTP Request: GET https://data.binance.vision/data/futures/um/daily/metrics/BTCUSDT/BTCUSDT-metrics-2023-05-20.zip "HTTP/1.1 200 OK"
2026-09-27 22:22:34,292 [INFO] httpx: HTTP Request: GET https://data.binance.vision/data/futures/um/daily/metrics/BTCUSDT/BTCUSDT-metrics-2023-05-20.zip.CHECKSUM "HTTP/1.1 200 OK"
2026-09-27 22:22:35,090 [INFO] httpx: HTTP Request: GET https://data.binance.vision/data/futures/um/daily/metrics/BTCUSDT/BTCUSDT-metrics-2023-05-21.zip "HTTP/1.1 200 OK"
2026-09-27 22:22:35,868 [INFO] httpx: HTTP Request: GET https://data.binance.vision/data/futures/um/daily/metrics/BTCUSDT/BTCUSDT-metrics-2023-05-21.zip.CHECKSUM "HTTP/1.1 200 OK"
2026-09-27 22:22:36,645 [INFO] httpx: HTTP Request: GET https://data.binance.vision/data/futures/um/daily/metrics/BTCUSDT/BTCUSDT-metrics-2023-05-22.zip "HTTP/1.1 200 OK"
2026-09-27 22:22:36,919 [INFO] httpx: HTTP Request: GET https://data.binance.vision/data/futures/um/daily/metrics/BTCUSDT/BTCUSDT-metrics-2023-05-22.zip.CHECKSUM "HTTP/1.1 200 OK"
2026-09-27 22:22:37,683 [INFO] httpx: HTTP Request: GET https://data.binance.vision/data/futures/um/daily/metrics/BTCUSDT/BTCUSDT-metrics-2023-05-23.zip "HTTP/1.1 200 OK"
2026-09-27 22:22:38,452 [INFO] httpx: HTTP Request: GET https://data.binance.vision/data/futures/um/daily/metrics/BTCUSDT/BTCUSDT-metrics-2023-05-23.zip.CHECKSUM "HTTP/1.1 200 OK"
2026-09-27 22:22:39,216 [INFO] httpx: HTTP Request: GET https://data.binance.vision/data/futures/um/daily/metrics/BTCUSDT/BTCUSDT-metrics-2023-05-24.zip "HTTP/1.1 200 OK"
2026-09-27 22:22:39,974 [INFO] httpx: HTTP Request: GET https://data.binance.vision/data/futures/um/daily/metrics/BTCUSDT/BTCUSDT-metrics-2023-05-24.zip.CHECKSUM "HTTP/1.1 200 OK"
2026-09-27 22:22:40,751 [INFO] httpx: HTTP Request: GET https://data.binance.vision/data/futures/um/daily/metrics/BTCUSDT/BTCUSDT-metrics-2023-05-25.zip "HTTP/1.1 200 OK"
2026-09-27 22:22:41,518 [INFO] httpx: HTTP Request: GET https://data.binance.vision/data/futures/um/daily/metrics/BTCUSDT/BTCUSDT-metrics-2023-05-25.zip.CHECKSUM "HTTP/1.1 200 OK"
2026-09-27 22:22:42,282 [INFO] httpx: HTTP Request: GET https://data.binance.vision/data/futures/um/daily/metrics/BTCUSDT/BTCUSDT-metrics-2023-05-26.zip "HTTP/1.1 200 OK"
2026-09-27 22:22:43,062 [INFO] httpx: HTTP Request: GET https://data.binance.vision/data/futures/um/daily/metrics/BTCUSDT/BTCUSDT-metrics-2023-05-26.zip.CHECKSUM "HTTP/1.1 200 OK"
2026-09-27 22:22:43,830 [INFO] httpx: HTTP Request: GET https://data.binance.vision/data/futures/um/daily/metrics/BTCUSDT/BTCUSDT-metrics-2023-05-27.zip "HTTP/1.1 200 OK"
2026-09-27 22:22:44,603 [INFO] httpx: HTTP Request: GET https://data.binance.vision/data/futures/um/daily/metrics/BTCUSDT/BTCUSDT-metrics-2023-05-27.zip.CHECKSUM "HTTP/1.1 200 OK"
2026-09-27 22:22:45,413 [INFO] httpx: HTTP Request: GET https://data.binance.vision/data/futures/um/daily/metrics/BTCUSDT/BTCUSDT-metrics-2023-05-28.zip "HTTP/1.1 200 OK"
2026-09-27 22:22:46,187 [INFO] httpx: HTTP Request: GET https://data.binance.vision/data/futures/um/daily/metrics/BTCUSDT/BTCUSDT-metrics-2023-05-28.zip.CHECKSUM "HTTP/1.1 200 OK"
2026-09-27 22:22:46,967 [INFO] httpx: HTTP Request: GET https://data.binance.vision/data/futures/um/daily/metrics/BTCUSDT/BTCUSDT-metrics-2023-05-29.zip "HTTP/1.1 200 OK"
2026-09-27 22:22:47,735 [INFO] httpx: HTTP Request: GET https://data.binance.vision/data/futures/um/daily/metrics/BTCUSDT/BTCUSDT-metrics-2023-05-29.zip.CHECKSUM "HTTP/1.1 200 OK"
2026-09-27 22:22:48,523 [INFO] httpx: HTTP Request: GET https://data.binance.vision/data/futures/um/daily/metrics/BTCUSDT/BTCUSDT-metrics-2023-05-30.zip "HTTP/1.1 200 OK"
2026-09-27 22:22:49,302 [INFO] httpx: HTTP Request: GET https://data.binance.vision/data/futures/um/daily/metrics/BTCUSDT/BTCUSDT-metrics-2023-05-30.zip.CHECKSUM "HTTP/1.1 200 OK"
2026-09-27 22:22:49,601 [INFO] httpx: HTTP Request: GET https://data.binance.vision/data/futures/um/daily/metrics/BTCUSDT/BTCUSDT-metrics-2023-05-31.zip "HTTP/1.1 200 OK"
2026-09-27 22:22:50,388 [INFO] httpx: HTTP Request: GET https://data.binance.vision/data/futures/um/daily/metrics/BTCUSDT/BTCUSDT-metrics-2023-05-31.zip.CHECKSUM "HTTP/1.1 200 OK"
2026-09-27 22:22:51,165 [INFO] httpx: HTTP Request: GET https://data.binance.vision/data/futures/um/daily/metrics/BTCUSDT/BTCUSDT-metrics-2023-06-01.zip "HTTP/1.1 200 OK"
2026-09-27 22:22:51,938 [INFO] httpx: HTTP Request: GET https://data.binance.vision/data/futures/um/daily/metrics/BTCUSDT/BTCUSDT-metrics-2023-06-01.zip.CHECKSUM "HTTP/1.1 200 OK"
2026-09-27 22:22:52,250 [INFO] httpx: HTTP Request: GET https://data.binance.vision/data/futures/um/daily/metrics/BTCUSDT/BTCUSDT-metrics-2023-06-02.zip "HTTP/1.1 200 OK"
2026-09-27 22:22:52,534 [INFO] httpx: HTTP Request: GET https://data.binance.vision/data/futures/um/daily/metrics/BTCUSDT/BTCUSDT-metrics-2023-06-02.zip.CHECKSUM "HTTP/1.1 200 OK"
2026-09-27 22:22:53,337 [INFO] httpx: HTTP Request: GET https://data.binance.vision/data/futures/um/daily/metrics/BTCUSDT/BTCUSDT-metrics-2023-06-03.zip "HTTP/1.1 200 OK"
2026-09-27 22:22:54,127 [INFO] httpx: HTTP Request: GET https://data.binance.vision/data/futures/um/daily/metrics/BTCUSDT/BTCUSDT-metrics-2023-06-03.zip.CHECKSUM "HTTP/1.1 200 OK"
2026-09-27 22:22:54,925 [INFO] httpx: HTTP Request: GET https://data.binance.vision/data/futures/um/daily/metrics/BTCUSDT/BTCUSDT-metrics-2023-06-04.zip "HTTP/1.1 200 OK"
2026-09-27 22:22:55,775 [INFO] httpx: HTTP Request: GET https://data.binance.vision/data/futures/um/daily/metrics/BTCUSDT/BTCUSDT-metrics-2023-06-04.zip.CHECKSUM "HTTP/1.1 200 OK"
2026-09-27 22:22:58,270 [INFO] httpx: HTTP Request: GET https://data.binance.vision/data/futures/um/daily/metrics/BTCUSDT/BTCUSDT-metrics-2023-06-05.zip "HTTP/1.1 200 OK"
2026-09-27 22:22:59,036 [INFO] httpx: HTTP Request: GET https://data.binance.vision/data/futures/um/daily/metrics/BTCUSDT/BTCUSDT-metrics-2023-06-05.zip.CHECKSUM "HTTP/1.1 200 OK"
2026-09-27 22:22:59,823 [INFO] httpx: HTTP Request: GET https://data.binance.vision/data/futures/um/daily/metrics/BTCUSDT/BTCUSDT-metrics-2023-06-06.zip "HTTP/1.1 200 OK"
2026-09-27 22:23:00,602 [INFO] httpx: HTTP Request: GET https://data.binance.vision/data/futures/um/daily/metrics/BTCUSDT/BTCUSDT-metrics-2023-06-06.zip.CHECKSUM "HTTP/1.1 200 OK"
2026-09-27 22:23:01,400 [INFO] httpx: HTTP Request: GET https://data.binance.vision/data/futures/um/daily/metrics/BTCUSDT/BTCUSDT-metrics-2023-06-07.zip "HTTP/1.1 200 OK"
2026-09-27 22:23:02,176 [INFO] httpx: HTTP Request: GET https://data.binance.vision/data/futures/um/daily/metrics/BTCUSDT/BTCUSDT-metrics-2023-06-07.zip.CHECKSUM "HTTP/1.1 200 OK"
2026-09-27 22:23:02,965 [INFO] httpx: HTTP Request: GET https://data.binance.vision/data/futures/um/daily/metrics/BTCUSDT/BTCUSDT-metrics-2023-06-08.zip "HTTP/1.1 200 OK"
2026-09-27 22:23:03,366 [INFO] httpx: HTTP Request: GET https://data.binance.vision/data/futures/um/daily/metrics/BTCUSDT/BTCUSDT-metrics-2023-06-08.zip.CHECKSUM "HTTP/1.1 200 OK"
2026-09-27 22:23:04,149 [INFO] httpx: HTTP Request: GET https://data.binance.vision/data/futures/um/daily/metrics/BTCUSDT/BTCUSDT-metrics-2023-06-09.zip "HTTP/1.1 200 OK"
2026-09-27 22:23:04,909 [INFO] httpx: HTTP Request: GET https://data.binance.vision/data/futures/um/daily/metrics/BTCUSDT/BTCUSDT-metrics-2023-06-09.zip.CHECKSUM "HTTP/1.1 200 OK"
2026-09-27 22:23:05,206 [INFO] httpx: HTTP Request: GET https://data.binance.vision/data/futures/um/daily/metrics/BTCUSDT/BTCUSDT-metrics-2023-06-10.zip "HTTP/1.1 200 OK"
2026-09-27 22:23:05,489 [INFO] httpx: HTTP Request: GET https://data.binance.vision/data/futures/um/daily/metrics/BTCUSDT/BTCUSDT-metrics-2023-06-10.zip.CHECKSUM "HTTP/1.1 200 OK"
2026-09-27 22:23:06,268 [INFO] httpx: HTTP Request: GET https://data.binance.vision/data/futures/um/daily/metrics/BTCUSDT/BTCUSDT-metrics-2023-06-11.zip "HTTP/1.1 200 OK"
2026-09-27 22:23:07,055 [INFO] httpx: HTTP Request: GET https://data.binance.vision/data/futures/um/daily/metrics/BTCUSDT/BTCUSDT-metrics-2023-06-11.zip.CHECKSUM "HTTP/1.1 200 OK"
2026-09-27 22:23:07,825 [INFO] httpx: HTTP Request: GET https://data.binance.vision/data/futures/um/daily/metrics/BTCUSDT/BTCUSDT-metrics-2023-06-12.zip "HTTP/1.1 200 OK"
2026-09-27 22:23:08,594 [INFO] httpx: HTTP Request: GET https://data.binance.vision/data/futures/um/daily/metrics/BTCUSDT/BTCUSDT-metrics-2023-06-12.zip.CHECKSUM "HTTP/1.1 200 OK"
2026-09-27 22:23:09,369 [INFO] httpx: HTTP Request: GET https://data.binance.vision/data/futures/um/daily/metrics/BTCUSDT/BTCUSDT-metrics-2023-06-13.zip "HTTP/1.1 200 OK"
2026-09-27 22:23:10,133 [INFO] httpx: HTTP Request: GET https://data.binance.vision/data/futures/um/daily/metrics/BTCUSDT/BTCUSDT-metrics-2023-06-13.zip.CHECKSUM "HTTP/1.1 200 OK"
2026-09-27 22:23:10,925 [INFO] httpx: HTTP Request: GET https://data.binance.vision/data/futures/um/daily/metrics/BTCUSDT/BTCUSDT-metrics-2023-06-14.zip "HTTP/1.1 200 OK"
2026-09-27 22:23:11,698 [INFO] httpx: HTTP Request: GET https://data.binance.vision/data/futures/um/daily/metrics/BTCUSDT/BTCUSDT-metrics-2023-06-14.zip.CHECKSUM "HTTP/1.1 200 OK"
2026-09-27 22:23:12,495 [INFO] httpx: HTTP Request: GET https://data.binance.vision/data/futures/um/daily/metrics/BTCUSDT/BTCUSDT-metrics-2023-06-15.zip "HTTP/1.1 200 OK"
2026-09-27 22:23:13,262 [INFO] httpx: HTTP Request: GET https://data.binance.vision/data/futures/um/daily/metrics/BTCUSDT/BTCUSDT-metrics-2023-06-15.zip.CHECKSUM "HTTP/1.1 200 OK"
2026-09-27 22:23:13,576 [INFO] httpx: HTTP Request: GET https://data.binance.vision/data/futures/um/daily/metrics/BTCUSDT/BTCUSDT-metrics-2023-06-16.zip "HTTP/1.1 200 OK"
2026-09-27 22:23:13,857 [INFO] httpx: HTTP Request: GET https://data.binance.vision/data/futures/um/daily/metrics/BTCUSDT/BTCUSDT-metrics-2023-06-16.zip.CHECKSUM "HTTP/1.1 200 OK"
2026-09-27 22:23:14,624 [INFO] httpx: HTTP Request: GET https://data.binance.vision/data/futures/um/daily/metrics/BTCUSDT/BTCUSDT-metrics-2023-06-17.zip "HTTP/1.1 200 OK"
2026-09-27 22:23:14,900 [INFO] httpx: HTTP Request: GET https://data.binance.vision/data/futures/um/daily/metrics/BTCUSDT/BTCUSDT-metrics-2023-06-17.zip.CHECKSUM "HTTP/1.1 200 OK"
2026-09-27 22:23:15,669 [INFO] httpx: HTTP Request: GET https://data.binance.vision/data/futures/um/daily/metrics/BTCUSDT/BTCUSDT-metrics-2023-06-18.zip "HTTP/1.1 200 OK"
2026-09-27 22:23:16,442 [INFO] httpx: HTTP Request: GET https://data.binance.vision/data/futures/um/daily/metrics/BTCUSDT/BTCUSDT-metrics-2023-06-18.zip.CHECKSUM "HTTP/1.1 200 OK"
2026-09-27 22:23:17,227 [INFO] httpx: HTTP Request: GET https://data.binance.vision/data/futures/um/daily/metrics/BTCUSDT/BTCUSDT-metrics-2023-06-19.zip "HTTP/1.1 200 OK"
2026-09-27 22:23:18,012 [INFO] httpx: HTTP Request: GET https://data.binance.vision/data/futures/um/daily/metrics/BTCUSDT/BTCUSDT-metrics-2023-06-19.zip.CHECKSUM "HTTP/1.1 200 OK"
2026-09-27 22:23:18,829 [INFO] httpx: HTTP Request: GET https://data.binance.vision/data/futures/um/daily/metrics/BTCUSDT/BTCUSDT-metrics-2023-06-20.zip "HTTP/1.1 200 OK"
2026-09-27 22:23:19,591 [INFO] httpx: HTTP Request: GET https://data.binance.vision/data/futures/um/daily/metrics/BTCUSDT/BTCUSDT-metrics-2023-06-20.zip.CHECKSUM "HTTP/1.1 200 OK"
2026-09-27 22:23:19,886 [INFO] httpx: HTTP Request: GET https://data.binance.vision/data/futures/um/daily/metrics/BTCUSDT/BTCUSDT-metrics-2023-06-21.zip "HTTP/1.1 200 OK"
2026-09-27 22:23:20,649 [INFO] httpx: HTTP Request: GET https://data.binance.vision/data/futures/um/daily/metrics/BTCUSDT/BTCUSDT-metrics-2023-06-21.zip.CHECKSUM "HTTP/1.1 200 OK"
2026-09-27 22:23:21,436 [INFO] httpx: HTTP Request: GET https://data.binance.vision/data/futures/um/daily/metrics/BTCUSDT/BTCUSDT-metrics-2023-06-22.zip "HTTP/1.1 200 OK"
2026-09-27 22:23:22,211 [INFO] httpx: HTTP Request: GET https://data.binance.vision/data/futures/um/daily/metrics/BTCUSDT/BTCUSDT-metrics-2023-06-22.zip.CHECKSUM "HTTP/1.1 200 OK"
2026-09-27 22:23:22,979 [INFO] httpx: HTTP Request: GET https://data.binance.vision/data/futures/um/daily/metrics/BTCUSDT/BTCUSDT-metrics-2023-06-23.zip "HTTP/1.1 200 OK"
2026-09-27 22:23:23,758 [INFO] httpx: HTTP Request: GET https://data.binance.vision/data/futures/um/daily/metrics/BTCUSDT/BTCUSDT-metrics-2023-06-23.zip.CHECKSUM "HTTP/1.1 200 OK"
2026-09-27 22:23:24,537 [INFO] httpx: HTTP Request: GET https://data.binance.vision/data/futures/um/daily/metrics/BTCUSDT/BTCUSDT-metrics-2023-06-24.zip "HTTP/1.1 200 OK"
2026-09-27 22:23:25,310 [INFO] httpx: HTTP Request: GET https://data.binance.vision/data/futures/um/daily/metrics/BTCUSDT/BTCUSDT-metrics-2023-06-24.zip.CHECKSUM "HTTP/1.1 200 OK"
2026-09-27 22:23:26,079 [INFO] httpx: HTTP Request: GET https://data.binance.vision/data/futures/um/daily/metrics/BTCUSDT/BTCUSDT-metrics-2023-06-25.zip "HTTP/1.1 200 OK"
2026-09-27 22:23:26,850 [INFO] httpx: HTTP Request: GET https://data.binance.vision/data/futures/um/daily/metrics/BTCUSDT/BTCUSDT-metrics-2023-06-25.zip.CHECKSUM "HTTP/1.1 200 OK"
2026-09-27 22:23:27,628 [INFO] httpx: HTTP Request: GET https://data.binance.vision/data/futures/um/daily/metrics/BTCUSDT/BTCUSDT-metrics-2023-06-26.zip "HTTP/1.1 200 OK"
2026-09-27 22:23:28,385 [INFO] httpx: HTTP Request: GET https://data.binance.vision/data/futures/um/daily/metrics/BTCUSDT/BTCUSDT-metrics-2023-06-26.zip.CHECKSUM "HTTP/1.1 200 OK"
2026-09-27 22:23:28,680 [INFO] httpx: HTTP Request: GET https://data.binance.vision/data/futures/um/daily/metrics/BTCUSDT/BTCUSDT-metrics-2023-06-27.zip "HTTP/1.1 200 OK"
2026-09-27 22:23:29,471 [INFO] httpx: HTTP Request: GET https://data.binance.vision/data/futures/um/daily/metrics/BTCUSDT/BTCUSDT-metrics-2023-06-27.zip.CHECKSUM "HTTP/1.1 200 OK"
2026-09-27 22:23:31,973 [INFO] httpx: HTTP Request: GET https://data.binance.vision/data/futures/um/daily/metrics/BTCUSDT/BTCUSDT-metrics-2023-06-28.zip "HTTP/1.1 200 OK"
2026-09-27 22:23:32,746 [INFO] httpx: HTTP Request: GET https://data.binance.vision/data/futures/um/daily/metrics/BTCUSDT/BTCUSDT-metrics-2023-06-28.zip.CHECKSUM "HTTP/1.1 200 OK"
2026-09-27 22:23:33,518 [INFO] httpx: HTTP Request: GET https://data.binance.vision/data/futures/um/daily/metrics/BTCUSDT/BTCUSDT-metrics-2023-06-29.zip "HTTP/1.1 200 OK"
2026-09-27 22:23:34,281 [INFO] httpx: HTTP Request: GET https://data.binance.vision/data/futures/um/daily/metrics/BTCUSDT/BTCUSDT-metrics-2023-06-29.zip.CHECKSUM "HTTP/1.1 200 OK"
2026-09-27 22:23:34,561 [INFO] httpx: HTTP Request: GET https://data.binance.vision/data/futures/um/daily/metrics/BTCUSDT/BTCUSDT-metrics-2023-06-30.zip "HTTP/1.1 200 OK"
2026-09-27 22:23:35,340 [INFO] httpx: HTTP Request: GET https://data.binance.vision/data/futures/um/daily/metrics/BTCUSDT/BTCUSDT-metrics-2023-06-30.zip.CHECKSUM "HTTP/1.1 200 OK"
2026-09-27 22:23:36,118 [INFO] httpx: HTTP Request: GET https://data.binance.vision/data/futures/um/daily/metrics/BTCUSDT/BTCUSDT-metrics-2023-07-01.zip "HTTP/1.1 200 OK"
2026-09-27 22:23:36,880 [INFO] httpx: HTTP Request: GET https://data.binance.vision/data/futures/um/daily/metrics/BTCUSDT/BTCUSDT-metrics-2023-07-01.zip.CHECKSUM "HTTP/1.1 200 OK"
2026-09-27 22:23:37,662 [INFO] httpx: HTTP Request: GET https://data.binance.vision/data/futures/um/daily/metrics/BTCUSDT/BTCUSDT-metrics-2023-07-02.zip "HTTP/1.1 200 OK"
2026-09-27 22:23:38,434 [INFO] httpx: HTTP Request: GET https://data.binance.vision/data/futures/um/daily/metrics/BTCUSDT/BTCUSDT-metrics-2023-07-02.zip.CHECKSUM "HTTP/1.1 200 OK"
2026-09-27 22:23:39,199 [INFO] httpx: HTTP Request: GET https://data.binance.vision/data/futures/um/daily/metrics/BTCUSDT/BTCUSDT-metrics-2023-07-03.zip "HTTP/1.1 200 OK"
2026-09-27 22:23:39,964 [INFO] httpx: HTTP Request: GET https://data.binance.vision/data/futures/um/daily/metrics/BTCUSDT/BTCUSDT-metrics-2023-07-03.zip.CHECKSUM "HTTP/1.1 200 OK"
2026-09-27 22:23:40,736 [INFO] httpx: HTTP Request: GET https://data.binance.vision/data/futures/um/daily/metrics/BTCUSDT/BTCUSDT-metrics-2023-07-04.zip "HTTP/1.1 200 OK"
2026-09-27 22:23:41,013 [INFO] httpx: HTTP Request: GET https://data.binance.vision/data/futures/um/daily/metrics/BTCUSDT/BTCUSDT-metrics-2023-07-04.zip.CHECKSUM "HTTP/1.1 200 OK"
2026-09-27 22:23:41,787 [INFO] httpx: HTTP Request: GET https://data.binance.vision/data/futures/um/daily/metrics/BTCUSDT/BTCUSDT-metrics-2023-07-05.zip "HTTP/1.1 200 OK"
2026-09-27 22:23:42,573 [INFO] httpx: HTTP Request: GET https://data.binance.vision/data/futures/um/daily/metrics/BTCUSDT/BTCUSDT-metrics-2023-07-05.zip.CHECKSUM "HTTP/1.1 200 OK"
2026-09-27 22:23:43,361 [INFO] httpx: HTTP Request: GET https://data.binance.vision/data/futures/um/daily/metrics/BTCUSDT/BTCUSDT-metrics-2023-07-06.zip "HTTP/1.1 200 OK"
2026-09-27 22:23:44,120 [INFO] httpx: HTTP Request: GET https://data.binance.vision/data/futures/um/daily/metrics/BTCUSDT/BTCUSDT-metrics-2023-07-06.zip.CHECKSUM "HTTP/1.1 200 OK"
2026-09-27 22:23:44,901 [INFO] httpx: HTTP Request: GET https://data.binance.vision/data/futures/um/daily/metrics/BTCUSDT/BTCUSDT-metrics-2023-07-07.zip "HTTP/1.1 200 OK"
2026-09-27 22:23:45,668 [INFO] httpx: HTTP Request: GET https://data.binance.vision/data/futures/um/daily/metrics/BTCUSDT/BTCUSDT-metrics-2023-07-07.zip.CHECKSUM "HTTP/1.1 200 OK"
2026-09-27 22:23:45,965 [INFO] httpx: HTTP Request: GET https://data.binance.vision/data/futures/um/daily/metrics/BTCUSDT/BTCUSDT-metrics-2023-07-08.zip "HTTP/1.1 200 OK"
2026-09-27 22:23:46,733 [INFO] httpx: HTTP Request: GET https://data.binance.vision/data/futures/um/daily/metrics/BTCUSDT/BTCUSDT-metrics-2023-07-08.zip.CHECKSUM "HTTP/1.1 200 OK"
2026-09-27 22:23:47,514 [INFO] httpx: HTTP Request: GET https://data.binance.vision/data/futures/um/daily/metrics/BTCUSDT/BTCUSDT-metrics-2023-07-09.zip "HTTP/1.1 200 OK"
2026-09-27 22:23:48,284 [INFO] httpx: HTTP Request: GET https://data.binance.vision/data/futures/um/daily/metrics/BTCUSDT/BTCUSDT-metrics-2023-07-09.zip.CHECKSUM "HTTP/1.1 200 OK"
2026-09-27 22:23:49,063 [INFO] httpx: HTTP Request: GET https://data.binance.vision/data/futures/um/daily/metrics/BTCUSDT/BTCUSDT-metrics-2023-07-10.zip "HTTP/1.1 200 OK"
2026-09-27 22:23:49,830 [INFO] httpx: HTTP Request: GET https://data.binance.vision/data/futures/um/daily/metrics/BTCUSDT/BTCUSDT-metrics-2023-07-10.zip.CHECKSUM "HTTP/1.1 200 OK"
2026-09-27 22:23:50,614 [INFO] httpx: HTTP Request: GET https://data.binance.vision/data/futures/um/daily/metrics/BTCUSDT/BTCUSDT-metrics-2023-07-11.zip "HTTP/1.1 200 OK"
2026-09-27 22:23:51,380 [INFO] httpx: HTTP Request: GET https://data.binance.vision/data/futures/um/daily/metrics/BTCUSDT/BTCUSDT-metrics-2023-07-11.zip.CHECKSUM "HTTP/1.1 200 OK"
2026-09-27 22:23:52,167 [INFO] httpx: HTTP Request: GET https://data.binance.vision/data/futures/um/daily/metrics/BTCUSDT/BTCUSDT-metrics-2023-07-12.zip "HTTP/1.1 200 OK"
2026-09-27 22:23:52,926 [INFO] httpx: HTTP Request: GET https://data.binance.vision/data/futures/um/daily/metrics/BTCUSDT/BTCUSDT-metrics-2023-07-12.zip.CHECKSUM "HTTP/1.1 200 OK"
2026-09-27 22:23:53,711 [INFO] httpx: HTTP Request: GET https://data.binance.vision/data/futures/um/daily/metrics/BTCUSDT/BTCUSDT-metrics-2023-07-13.zip "HTTP/1.1 200 OK"
2026-09-27 22:23:54,485 [INFO] httpx: HTTP Request: GET https://data.binance.vision/data/futures/um/daily/metrics/BTCUSDT/BTCUSDT-metrics-2023-07-13.zip.CHECKSUM "HTTP/1.1 200 OK"
2026-09-27 22:23:55,251 [INFO] httpx: HTTP Request: GET https://data.binance.vision/data/futures/um/daily/metrics/BTCUSDT/BTCUSDT-metrics-2023-07-14.zip "HTTP/1.1 200 OK"
2026-09-27 22:23:55,534 [INFO] httpx: HTTP Request: GET https://data.binance.vision/data/futures/um/daily/metrics/BTCUSDT/BTCUSDT-metrics-2023-07-14.zip.CHECKSUM "HTTP/1.1 200 OK"
2026-09-27 22:23:56,336 [INFO] httpx: HTTP Request: GET https://data.binance.vision/data/futures/um/daily/metrics/BTCUSDT/BTCUSDT-metrics-2023-07-15.zip "HTTP/1.1 200 OK"
2026-09-27 22:23:57,113 [INFO] httpx: HTTP Request: GET https://data.binance.vision/data/futures/um/daily/metrics/BTCUSDT/BTCUSDT-metrics-2023-07-15.zip.CHECKSUM "HTTP/1.1 200 OK"
2026-09-27 22:23:57,891 [INFO] httpx: HTTP Request: GET https://data.binance.vision/data/futures/um/daily/metrics/BTCUSDT/BTCUSDT-metrics-2023-07-16.zip "HTTP/1.1 200 OK"
2026-09-27 22:23:58,667 [INFO] httpx: HTTP Request: GET https://data.binance.vision/data/futures/um/daily/metrics/BTCUSDT/BTCUSDT-metrics-2023-07-16.zip.CHECKSUM "HTTP/1.1 200 OK"
2026-09-27 22:23:59,448 [INFO] httpx: HTTP Request: GET https://data.binance.vision/data/futures/um/daily/metrics/BTCUSDT/BTCUSDT-metrics-2023-07-17.zip "HTTP/1.1 200 OK"
2026-09-27 22:24:00,220 [INFO] httpx: HTTP Request: GET https://data.binance.vision/data/futures/um/daily/metrics/BTCUSDT/BTCUSDT-metrics-2023-07-17.zip.CHECKSUM "HTTP/1.1 200 OK"
2026-09-27 22:24:01,001 [INFO] httpx: HTTP Request: GET https://data.binance.vision/data/futures/um/daily/metrics/BTCUSDT/BTCUSDT-metrics-2023-07-18.zip "HTTP/1.1 200 OK"
2026-09-27 22:24:01,769 [INFO] httpx: HTTP Request: GET https://data.binance.vision/data/futures/um/daily/metrics/BTCUSDT/BTCUSDT-metrics-2023-07-18.zip.CHECKSUM "HTTP/1.1 200 OK"
2026-09-27 22:24:02,577 [INFO] httpx: HTTP Request: GET https://data.binance.vision/data/futures/um/daily/metrics/BTCUSDT/BTCUSDT-metrics-2023-07-19.zip "HTTP/1.1 200 OK"
2026-09-27 22:24:03,358 [INFO] httpx: HTTP Request: GET https://data.binance.vision/data/futures/um/daily/metrics/BTCUSDT/BTCUSDT-metrics-2023-07-19.zip.CHECKSUM "HTTP/1.1 200 OK"
2026-09-27 22:24:04,135 [INFO] httpx: HTTP Request: GET https://data.binance.vision/data/futures/um/daily/metrics/BTCUSDT/BTCUSDT-metrics-2023-07-20.zip "HTTP/1.1 200 OK"
2026-09-27 22:24:06,602 [INFO] httpx: HTTP Request: GET https://data.binance.vision/data/futures/um/daily/metrics/BTCUSDT/BTCUSDT-metrics-2023-07-20.zip.CHECKSUM "HTTP/1.1 200 OK"
2026-09-27 22:24:06,891 [INFO] httpx: HTTP Request: GET https://data.binance.vision/data/futures/um/daily/metrics/BTCUSDT/BTCUSDT-metrics-2023-07-21.zip "HTTP/1.1 200 OK"
2026-09-27 22:24:07,709 [INFO] httpx: HTTP Request: GET https://data.binance.vision/data/futures/um/daily/metrics/BTCUSDT/BTCUSDT-metrics-2023-07-21.zip.CHECKSUM "HTTP/1.1 200 OK"
2026-09-27 22:24:08,480 [INFO] httpx: HTTP Request: GET https://data.binance.vision/data/futures/um/daily/metrics/BTCUSDT/BTCUSDT-metrics-2023-07-22.zip "HTTP/1.1 200 OK"
2026-09-27 22:24:09,238 [INFO] httpx: HTTP Request: GET https://data.binance.vision/data/futures/um/daily/metrics/BTCUSDT/BTCUSDT-metrics-2023-07-22.zip.CHECKSUM "HTTP/1.1 200 OK"
2026-09-27 22:24:09,521 [INFO] httpx: HTTP Request: GET https://data.binance.vision/data/futures/um/daily/metrics/BTCUSDT/BTCUSDT-metrics-2023-07-23.zip "HTTP/1.1 200 OK"
2026-09-27 22:24:10,304 [INFO] httpx: HTTP Request: GET https://data.binance.vision/data/futures/um/daily/metrics/BTCUSDT/BTCUSDT-metrics-2023-07-23.zip.CHECKSUM "HTTP/1.1 200 OK"
2026-09-27 22:24:10,587 [INFO] httpx: HTTP Request: GET https://data.binance.vision/data/futures/um/daily/metrics/BTCUSDT/BTCUSDT-metrics-2023-07-24.zip "HTTP/1.1 200 OK"
2026-09-27 22:24:11,350 [INFO] httpx: HTTP Request: GET https://data.binance.vision/data/futures/um/daily/metrics/BTCUSDT/BTCUSDT-metrics-2023-07-24.zip.CHECKSUM "HTTP/1.1 200 OK"
2026-09-27 22:24:12,140 [INFO] httpx: HTTP Request: GET https://data.binance.vision/data/futures/um/daily/metrics/BTCUSDT/BTCUSDT-metrics-2023-07-25.zip "HTTP/1.1 200 OK"
2026-09-27 22:24:12,914 [INFO] httpx: HTTP Request: GET https://data.binance.vision/data/futures/um/daily/metrics/BTCUSDT/BTCUSDT-metrics-2023-07-25.zip.CHECKSUM "HTTP/1.1 200 OK"
2026-09-27 22:24:13,681 [INFO] httpx: HTTP Request: GET https://data.binance.vision/data/futures/um/daily/metrics/BTCUSDT/BTCUSDT-metrics-2023-07-26.zip "HTTP/1.1 200 OK"
2026-09-27 22:24:14,444 [INFO] httpx: HTTP Request: GET https://data.binance.vision/data/futures/um/daily/metrics/BTCUSDT/BTCUSDT-metrics-2023-07-26.zip.CHECKSUM "HTTP/1.1 200 OK"
2026-09-27 22:24:15,230 [INFO] httpx: HTTP Request: GET https://data.binance.vision/data/futures/um/daily/metrics/BTCUSDT/BTCUSDT-metrics-2023-07-27.zip "HTTP/1.1 200 OK"
2026-09-27 22:24:15,989 [INFO] httpx: HTTP Request: GET https://data.binance.vision/data/futures/um/daily/metrics/BTCUSDT/BTCUSDT-metrics-2023-07-27.zip.CHECKSUM "HTTP/1.1 200 OK"
2026-09-27 22:24:16,765 [INFO] httpx: HTTP Request: GET https://data.binance.vision/data/futures/um/daily/metrics/BTCUSDT/BTCUSDT-metrics-2023-07-28.zip "HTTP/1.1 200 OK"
2026-09-27 22:24:17,541 [INFO] httpx: HTTP Request: GET https://data.binance.vision/data/futures/um/daily/metrics/BTCUSDT/BTCUSDT-metrics-2023-07-28.zip.CHECKSUM "HTTP/1.1 200 OK"
2026-09-27 22:24:18,315 [INFO] httpx: HTTP Request: GET https://data.binance.vision/data/futures/um/daily/metrics/BTCUSDT/BTCUSDT-metrics-2023-07-29.zip "HTTP/1.1 200 OK"
2026-09-27 22:24:19,085 [INFO] httpx: HTTP Request: GET https://data.binance.vision/data/futures/um/daily/metrics/BTCUSDT/BTCUSDT-metrics-2023-07-29.zip.CHECKSUM "HTTP/1.1 200 OK"
2026-09-27 22:24:19,866 [INFO] httpx: HTTP Request: GET https://data.binance.vision/data/futures/um/daily/metrics/BTCUSDT/BTCUSDT-metrics-2023-07-30.zip "HTTP/1.1 200 OK"
2026-09-27 22:24:20,631 [INFO] httpx: HTTP Request: GET https://data.binance.vision/data/futures/um/daily/metrics/BTCUSDT/BTCUSDT-metrics-2023-07-30.zip.CHECKSUM "HTTP/1.1 200 OK"
2026-09-27 22:24:21,407 [INFO] httpx: HTTP Request: GET https://data.binance.vision/data/futures/um/daily/metrics/BTCUSDT/BTCUSDT-metrics-2023-07-31.zip "HTTP/1.1 200 OK"
2026-09-27 22:24:22,170 [INFO] httpx: HTTP Request: GET https://data.binance.vision/data/futures/um/daily/metrics/BTCUSDT/BTCUSDT-metrics-2023-07-31.zip.CHECKSUM "HTTP/1.1 200 OK"
2026-09-27 22:24:22,956 [INFO] httpx: HTTP Request: GET https://data.binance.vision/data/futures/um/daily/metrics/BTCUSDT/BTCUSDT-metrics-2023-08-01.zip "HTTP/1.1 200 OK"
2026-09-27 22:24:23,722 [INFO] httpx: HTTP Request: GET https://data.binance.vision/data/futures/um/daily/metrics/BTCUSDT/BTCUSDT-metrics-2023-08-01.zip.CHECKSUM "HTTP/1.1 200 OK"
2026-09-27 22:24:24,512 [INFO] httpx: HTTP Request: GET https://data.binance.vision/data/futures/um/daily/metrics/BTCUSDT/BTCUSDT-metrics-2023-08-02.zip "HTTP/1.1 200 OK"
2026-09-27 22:24:24,786 [INFO] httpx: HTTP Request: GET https://data.binance.vision/data/futures/um/daily/metrics/BTCUSDT/BTCUSDT-metrics-2023-08-02.zip.CHECKSUM "HTTP/1.1 200 OK"
2026-09-27 22:24:25,097 [INFO] httpx: HTTP Request: GET https://data.binance.vision/data/futures/um/daily/metrics/BTCUSDT/BTCUSDT-metrics-2023-08-03.zip "HTTP/1.1 200 OK"
2026-09-27 22:24:25,869 [INFO] httpx: HTTP Request: GET https://data.binance.vision/data/futures/um/daily/metrics/BTCUSDT/BTCUSDT-metrics-2023-08-03.zip.CHECKSUM "HTTP/1.1 200 OK"
2026-09-27 22:24:26,641 [INFO] httpx: HTTP Request: GET https://data.binance.vision/data/futures/um/daily/metrics/BTCUSDT/BTCUSDT-metrics-2023-08-04.zip "HTTP/1.1 200 OK"
2026-09-27 22:24:27,409 [INFO] httpx: HTTP Request: GET https://data.binance.vision/data/futures/um/daily/metrics/BTCUSDT/BTCUSDT-metrics-2023-08-04.zip.CHECKSUM "HTTP/1.1 200 OK"
2026-09-27 22:24:28,196 [INFO] httpx: HTTP Request: GET https://data.binance.vision/data/futures/um/daily/metrics/BTCUSDT/BTCUSDT-metrics-2023-08-05.zip "HTTP/1.1 200 OK"
2026-09-27 22:24:28,532 [INFO] httpx: HTTP Request: GET https://data.binance.vision/data/futures/um/daily/metrics/BTCUSDT/BTCUSDT-metrics-2023-08-05.zip.CHECKSUM "HTTP/1.1 200 OK"
2026-09-27 22:24:28,820 [INFO] httpx: HTTP Request: GET https://data.binance.vision/data/futures/um/daily/metrics/BTCUSDT/BTCUSDT-metrics-2023-08-06.zip "HTTP/1.1 200 OK"
2026-09-27 22:24:29,585 [INFO] httpx: HTTP Request: GET https://data.binance.vision/data/futures/um/daily/metrics/BTCUSDT/BTCUSDT-metrics-2023-08-06.zip.CHECKSUM "HTTP/1.1 200 OK"
2026-09-27 22:24:30,359 [INFO] httpx: HTTP Request: GET https://data.binance.vision/data/futures/um/daily/metrics/BTCUSDT/BTCUSDT-metrics-2023-08-07.zip "HTTP/1.1 200 OK"
2026-09-27 22:24:31,138 [INFO] httpx: HTTP Request: GET https://data.binance.vision/data/futures/um/daily/metrics/BTCUSDT/BTCUSDT-metrics-2023-08-07.zip.CHECKSUM "HTTP/1.1 200 OK"
2026-09-27 22:24:31,907 [INFO] httpx: HTTP Request: GET https://data.binance.vision/data/futures/um/daily/metrics/BTCUSDT/BTCUSDT-metrics-2023-08-08.zip "HTTP/1.1 200 OK"
2026-09-27 22:24:32,671 [INFO] httpx: HTTP Request: GET https://data.binance.vision/data/futures/um/daily/metrics/BTCUSDT/BTCUSDT-metrics-2023-08-08.zip.CHECKSUM "HTTP/1.1 200 OK"
2026-09-27 22:24:33,446 [INFO] httpx: HTTP Request: GET https://data.binance.vision/data/futures/um/daily/metrics/BTCUSDT/BTCUSDT-metrics-2023-08-09.zip "HTTP/1.1 200 OK"
2026-09-27 22:24:34,213 [INFO] httpx: HTTP Request: GET https://data.binance.vision/data/futures/um/daily/metrics/BTCUSDT/BTCUSDT-metrics-2023-08-09.zip.CHECKSUM "HTTP/1.1 200 OK"
2026-09-27 22:24:35,043 [INFO] httpx: HTTP Request: GET https://data.binance.vision/data/futures/um/daily/metrics/BTCUSDT/BTCUSDT-metrics-2023-08-10.zip "HTTP/1.1 200 OK"
2026-09-27 22:24:35,813 [INFO] httpx: HTTP Request: GET https://data.binance.vision/data/futures/um/daily/metrics/BTCUSDT/BTCUSDT-metrics-2023-08-10.zip.CHECKSUM "HTTP/1.1 200 OK"
2026-09-27 22:24:36,606 [INFO] httpx: HTTP Request: GET https://data.binance.vision/data/futures/um/daily/metrics/BTCUSDT/BTCUSDT-metrics-2023-08-11.zip "HTTP/1.1 200 OK"
2026-09-27 22:24:37,391 [INFO] httpx: HTTP Request: GET https://data.binance.vision/data/futures/um/daily/metrics/BTCUSDT/BTCUSDT-metrics-2023-08-11.zip.CHECKSUM "HTTP/1.1 200 OK"
2026-09-27 22:24:39,908 [INFO] httpx: HTTP Request: GET https://data.binance.vision/data/futures/um/daily/metrics/BTCUSDT/BTCUSDT-metrics-2023-08-12.zip "HTTP/1.1 200 OK"
2026-09-27 22:24:40,668 [INFO] httpx: HTTP Request: GET https://data.binance.vision/data/futures/um/daily/metrics/BTCUSDT/BTCUSDT-metrics-2023-08-12.zip.CHECKSUM "HTTP/1.1 200 OK"
2026-09-27 22:24:41,454 [INFO] httpx: HTTP Request: GET https://data.binance.vision/data/futures/um/daily/metrics/BTCUSDT/BTCUSDT-metrics-2023-08-13.zip "HTTP/1.1 200 OK"
2026-09-27 22:24:42,103 [INFO] httpx: HTTP Request: GET https://data.binance.vision/data/futures/um/daily/metrics/BTCUSDT/BTCUSDT-metrics-2023-08-13.zip.CHECKSUM "HTTP/1.1 200 OK"
2026-09-27 22:24:42,891 [INFO] httpx: HTTP Request: GET https://data.binance.vision/data/futures/um/daily/metrics/BTCUSDT/BTCUSDT-metrics-2023-08-14.zip "HTTP/1.1 200 OK"
2026-09-27 22:24:43,658 [INFO] httpx: HTTP Request: GET https://data.binance.vision/data/futures/um/daily/metrics/BTCUSDT/BTCUSDT-metrics-2023-08-14.zip.CHECKSUM "HTTP/1.1 200 OK"
2026-09-27 22:24:44,438 [INFO] httpx: HTTP Request: GET https://data.binance.vision/data/futures/um/daily/metrics/BTCUSDT/BTCUSDT-metrics-2023-08-15.zip "HTTP/1.1 200 OK"
2026-09-27 22:24:45,202 [INFO] httpx: HTTP Request: GET https://data.binance.vision/data/futures/um/daily/metrics/BTCUSDT/BTCUSDT-metrics-2023-08-15.zip.CHECKSUM "HTTP/1.1 200 OK"
2026-09-27 22:24:45,974 [INFO] httpx: HTTP Request: GET https://data.binance.vision/data/futures/um/daily/metrics/BTCUSDT/BTCUSDT-metrics-2023-08-16.zip "HTTP/1.1 200 OK"
2026-09-27 22:24:46,739 [INFO] httpx: HTTP Request: GET https://data.binance.vision/data/futures/um/daily/metrics/BTCUSDT/BTCUSDT-metrics-2023-08-16.zip.CHECKSUM "HTTP/1.1 200 OK"
2026-09-27 22:24:47,538 [INFO] httpx: HTTP Request: GET https://data.binance.vision/data/futures/um/daily/metrics/BTCUSDT/BTCUSDT-metrics-2023-08-17.zip "HTTP/1.1 200 OK"
2026-09-27 22:24:48,314 [INFO] httpx: HTTP Request: GET https://data.binance.vision/data/futures/um/daily/metrics/BTCUSDT/BTCUSDT-metrics-2023-08-17.zip.CHECKSUM "HTTP/1.1 200 OK"
2026-09-27 22:24:49,083 [INFO] httpx: HTTP Request: GET https://data.binance.vision/data/futures/um/daily/metrics/BTCUSDT/BTCUSDT-metrics-2023-08-18.zip "HTTP/1.1 200 OK"
2026-09-27 22:24:49,849 [INFO] httpx: HTTP Request: GET https://data.binance.vision/data/futures/um/daily/metrics/BTCUSDT/BTCUSDT-metrics-2023-08-18.zip.CHECKSUM "HTTP/1.1 200 OK"
2026-09-27 22:24:50,645 [INFO] httpx: HTTP Request: GET https://data.binance.vision/data/futures/um/daily/metrics/BTCUSDT/BTCUSDT-metrics-2023-08-19.zip "HTTP/1.1 200 OK"
2026-09-27 22:24:51,406 [INFO] httpx: HTTP Request: GET https://data.binance.vision/data/futures/um/daily/metrics/BTCUSDT/BTCUSDT-metrics-2023-08-19.zip.CHECKSUM "HTTP/1.1 200 OK"
2026-09-27 22:24:52,173 [INFO] httpx: HTTP Request: GET https://data.binance.vision/data/futures/um/daily/metrics/BTCUSDT/BTCUSDT-metrics-2023-08-20.zip "HTTP/1.1 200 OK"
2026-09-27 22:24:52,941 [INFO] httpx: HTTP Request: GET https://data.binance.vision/data/futures/um/daily/metrics/BTCUSDT/BTCUSDT-metrics-2023-08-20.zip.CHECKSUM "HTTP/1.1 200 OK"
2026-09-27 22:24:53,718 [INFO] httpx: HTTP Request: GET https://data.binance.vision/data/futures/um/daily/metrics/BTCUSDT/BTCUSDT-metrics-2023-08-21.zip "HTTP/1.1 200 OK"
2026-09-27 22:24:54,524 [INFO] httpx: HTTP Request: GET https://data.binance.vision/data/futures/um/daily/metrics/BTCUSDT/BTCUSDT-metrics-2023-08-21.zip.CHECKSUM "HTTP/1.1 200 OK"
2026-09-27 22:24:55,294 [INFO] httpx: HTTP Request: GET https://data.binance.vision/data/futures/um/daily/metrics/BTCUSDT/BTCUSDT-metrics-2023-08-22.zip "HTTP/1.1 200 OK"
2026-09-27 22:24:56,066 [INFO] httpx: HTTP Request: GET https://data.binance.vision/data/futures/um/daily/metrics/BTCUSDT/BTCUSDT-metrics-2023-08-22.zip.CHECKSUM "HTTP/1.1 200 OK"
2026-09-27 22:24:56,350 [INFO] httpx: HTTP Request: GET https://data.binance.vision/data/futures/um/daily/metrics/BTCUSDT/BTCUSDT-metrics-2023-08-23.zip "HTTP/1.1 200 OK"
2026-09-27 22:24:57,107 [INFO] httpx: HTTP Request: GET https://data.binance.vision/data/futures/um/daily/metrics/BTCUSDT/BTCUSDT-metrics-2023-08-23.zip.CHECKSUM "HTTP/1.1 200 OK"
2026-09-27 22:24:57,891 [INFO] httpx: HTTP Request: GET https://data.binance.vision/data/futures/um/daily/metrics/BTCUSDT/BTCUSDT-metrics-2023-08-24.zip "HTTP/1.1 200 OK"
2026-09-27 22:24:58,657 [INFO] httpx: HTTP Request: GET https://data.binance.vision/data/futures/um/daily/metrics/BTCUSDT/BTCUSDT-metrics-2023-08-24.zip.CHECKSUM "HTTP/1.1 200 OK"
2026-09-27 22:24:59,448 [INFO] httpx: HTTP Request: GET https://data.binance.vision/data/futures/um/daily/metrics/BTCUSDT/BTCUSDT-metrics-2023-08-25.zip "HTTP/1.1 200 OK"
2026-09-27 22:25:00,214 [INFO] httpx: HTTP Request: GET https://data.binance.vision/data/futures/um/daily/metrics/BTCUSDT/BTCUSDT-metrics-2023-08-25.zip.CHECKSUM "HTTP/1.1 200 OK"
2026-09-27 22:25:00,983 [INFO] httpx: HTTP Request: GET https://data.binance.vision/data/futures/um/daily/metrics/BTCUSDT/BTCUSDT-metrics-2023-08-26.zip "HTTP/1.1 200 OK"
2026-09-27 22:25:01,756 [INFO] httpx: HTTP Request: GET https://data.binance.vision/data/futures/um/daily/metrics/BTCUSDT/BTCUSDT-metrics-2023-08-26.zip.CHECKSUM "HTTP/1.1 200 OK"
2026-09-27 22:25:02,528 [INFO] httpx: HTTP Request: GET https://data.binance.vision/data/futures/um/daily/metrics/BTCUSDT/BTCUSDT-metrics-2023-08-27.zip "HTTP/1.1 200 OK"
2026-09-27 22:25:03,294 [INFO] httpx: HTTP Request: GET https://data.binance.vision/data/futures/um/daily/metrics/BTCUSDT/BTCUSDT-metrics-2023-08-27.zip.CHECKSUM "HTTP/1.1 200 OK"
2026-09-27 22:25:04,067 [INFO] httpx: HTTP Request: GET https://data.binance.vision/data/futures/um/daily/metrics/BTCUSDT/BTCUSDT-metrics-2023-08-28.zip "HTTP/1.1 200 OK"
2026-09-27 22:25:04,834 [INFO] httpx: HTTP Request: GET https://data.binance.vision/data/futures/um/daily/metrics/BTCUSDT/BTCUSDT-metrics-2023-08-28.zip.CHECKSUM "HTTP/1.1 200 OK"
2026-09-27 22:25:05,633 [INFO] httpx: HTTP Request: GET https://data.binance.vision/data/futures/um/daily/metrics/BTCUSDT/BTCUSDT-metrics-2023-08-29.zip "HTTP/1.1 200 OK"
2026-09-27 22:25:06,413 [INFO] httpx: HTTP Request: GET https://data.binance.vision/data/futures/um/daily/metrics/BTCUSDT/BTCUSDT-metrics-2023-08-29.zip.CHECKSUM "HTTP/1.1 200 OK"
2026-09-27 22:25:07,117 [INFO] httpx: HTTP Request: GET https://data.binance.vision/data/futures/um/daily/metrics/BTCUSDT/BTCUSDT-metrics-2023-08-30.zip "HTTP/1.1 200 OK"
2026-09-27 22:25:07,893 [INFO] httpx: HTTP Request: GET https://data.binance.vision/data/futures/um/daily/metrics/BTCUSDT/BTCUSDT-metrics-2023-08-30.zip.CHECKSUM "HTTP/1.1 200 OK"
2026-09-27 22:25:08,196 [INFO] httpx: HTTP Request: GET https://data.binance.vision/data/futures/um/daily/metrics/BTCUSDT/BTCUSDT-metrics-2023-08-31.zip "HTTP/1.1 200 OK"
2026-09-27 22:25:08,962 [INFO] httpx: HTTP Request: GET https://data.binance.vision/data/futures/um/daily/metrics/BTCUSDT/BTCUSDT-metrics-2023-08-31.zip.CHECKSUM "HTTP/1.1 200 OK"
2026-09-27 22:25:09,755 [INFO] httpx: HTTP Request: GET https://data.binance.vision/data/futures/um/daily/metrics/BTCUSDT/BTCUSDT-metrics-2023-09-01.zip "HTTP/1.1 200 OK"
2026-09-27 22:25:10,041 [INFO] httpx: HTTP Request: GET https://data.binance.vision/data/futures/um/daily/metrics/BTCUSDT/BTCUSDT-metrics-2023-09-01.zip.CHECKSUM "HTTP/1.1 200 OK"
2026-09-27 22:25:10,826 [INFO] httpx: HTTP Request: GET https://data.binance.vision/data/futures/um/daily/metrics/BTCUSDT/BTCUSDT-metrics-2023-09-02.zip "HTTP/1.1 200 OK"
2026-09-27 22:25:11,614 [INFO] httpx: HTTP Request: GET https://data.binance.vision/data/futures/um/daily/metrics/BTCUSDT/BTCUSDT-metrics-2023-09-02.zip.CHECKSUM "HTTP/1.1 200 OK"
2026-09-27 22:25:14,096 [INFO] httpx: HTTP Request: GET https://data.binance.vision/data/futures/um/daily/metrics/BTCUSDT/BTCUSDT-metrics-2023-09-03.zip "HTTP/1.1 200 OK"
2026-09-27 22:25:14,868 [INFO] httpx: HTTP Request: GET https://data.binance.vision/data/futures/um/daily/metrics/BTCUSDT/BTCUSDT-metrics-2023-09-03.zip.CHECKSUM "HTTP/1.1 200 OK"
2026-09-27 22:25:15,657 [INFO] httpx: HTTP Request: GET https://data.binance.vision/data/futures/um/daily/metrics/BTCUSDT/BTCUSDT-metrics-2023-09-04.zip "HTTP/1.1 200 OK"
2026-09-27 22:25:16,416 [INFO] httpx: HTTP Request: GET https://data.binance.vision/data/futures/um/daily/metrics/BTCUSDT/BTCUSDT-metrics-2023-09-04.zip.CHECKSUM "HTTP/1.1 200 OK"
2026-09-27 22:25:17,207 [INFO] httpx: HTTP Request: GET https://data.binance.vision/data/futures/um/daily/metrics/BTCUSDT/BTCUSDT-metrics-2023-09-05.zip "HTTP/1.1 200 OK"
2026-09-27 22:25:17,970 [INFO] httpx: HTTP Request: GET https://data.binance.vision/data/futures/um/daily/metrics/BTCUSDT/BTCUSDT-metrics-2023-09-05.zip.CHECKSUM "HTTP/1.1 200 OK"
2026-09-27 22:25:18,756 [INFO] httpx: HTTP Request: GET https://data.binance.vision/data/futures/um/daily/metrics/BTCUSDT/BTCUSDT-metrics-2023-09-06.zip "HTTP/1.1 200 OK"
2026-09-27 22:25:19,522 [INFO] httpx: HTTP Request: GET https://data.binance.vision/data/futures/um/daily/metrics/BTCUSDT/BTCUSDT-metrics-2023-09-06.zip.CHECKSUM "HTTP/1.1 200 OK"
2026-09-27 22:25:20,302 [INFO] httpx: HTTP Request: GET https://data.binance.vision/data/futures/um/daily/metrics/BTCUSDT/BTCUSDT-metrics-2023-09-07.zip "HTTP/1.1 200 OK"
2026-09-27 22:25:21,074 [INFO] httpx: HTTP Request: GET https://data.binance.vision/data/futures/um/daily/metrics/BTCUSDT/BTCUSDT-metrics-2023-09-07.zip.CHECKSUM "HTTP/1.1 200 OK"
2026-09-27 22:25:21,841 [INFO] httpx: HTTP Request: GET https://data.binance.vision/data/futures/um/daily/metrics/BTCUSDT/BTCUSDT-metrics-2023-09-08.zip "HTTP/1.1 200 OK"
2026-09-27 22:25:22,605 [INFO] httpx: HTTP Request: GET https://data.binance.vision/data/futures/um/daily/metrics/BTCUSDT/BTCUSDT-metrics-2023-09-08.zip.CHECKSUM "HTTP/1.1 200 OK"
2026-09-27 22:25:23,391 [INFO] httpx: HTTP Request: GET https://data.binance.vision/data/futures/um/daily/metrics/BTCUSDT/BTCUSDT-metrics-2023-09-09.zip "HTTP/1.1 200 OK"
2026-09-27 22:25:24,158 [INFO] httpx: HTTP Request: GET https://data.binance.vision/data/futures/um/daily/metrics/BTCUSDT/BTCUSDT-metrics-2023-09-09.zip.CHECKSUM "HTTP/1.1 200 OK"
2026-09-27 22:25:24,686 [INFO] httpx: HTTP Request: GET https://data.binance.vision/data/futures/um/daily/metrics/BTCUSDT/BTCUSDT-metrics-2023-09-10.zip "HTTP/1.1 200 OK"
2026-09-27 22:25:24,966 [INFO] httpx: HTTP Request: GET https://data.binance.vision/data/futures/um/daily/metrics/BTCUSDT/BTCUSDT-metrics-2023-09-10.zip.CHECKSUM "HTTP/1.1 200 OK"
2026-09-27 22:25:25,764 [INFO] httpx: HTTP Request: GET https://data.binance.vision/data/futures/um/daily/metrics/BTCUSDT/BTCUSDT-metrics-2023-09-11.zip "HTTP/1.1 200 OK"
2026-09-27 22:25:26,049 [INFO] httpx: HTTP Request: GET https://data.binance.vision/data/futures/um/daily/metrics/BTCUSDT/BTCUSDT-metrics-2023-09-11.zip.CHECKSUM "HTTP/1.1 200 OK"
2026-09-27 22:25:26,848 [INFO] httpx: HTTP Request: GET https://data.binance.vision/data/futures/um/daily/metrics/BTCUSDT/BTCUSDT-metrics-2023-09-12.zip "HTTP/1.1 200 OK"
2026-09-27 22:25:27,609 [INFO] httpx: HTTP Request: GET https://data.binance.vision/data/futures/um/daily/metrics/BTCUSDT/BTCUSDT-metrics-2023-09-12.zip.CHECKSUM "HTTP/1.1 200 OK"
2026-09-27 22:25:28,385 [INFO] httpx: HTTP Request: GET https://data.binance.vision/data/futures/um/daily/metrics/BTCUSDT/BTCUSDT-metrics-2023-09-13.zip "HTTP/1.1 200 OK"
2026-09-27 22:25:29,162 [INFO] httpx: HTTP Request: GET https://data.binance.vision/data/futures/um/daily/metrics/BTCUSDT/BTCUSDT-metrics-2023-09-13.zip.CHECKSUM "HTTP/1.1 200 OK"
2026-09-27 22:25:29,941 [INFO] httpx: HTTP Request: GET https://data.binance.vision/data/futures/um/daily/metrics/BTCUSDT/BTCUSDT-metrics-2023-09-14.zip "HTTP/1.1 200 OK"
2026-09-27 22:25:30,716 [INFO] httpx: HTTP Request: GET https://data.binance.vision/data/futures/um/daily/metrics/BTCUSDT/BTCUSDT-metrics-2023-09-14.zip.CHECKSUM "HTTP/1.1 200 OK"
2026-09-27 22:25:31,505 [INFO] httpx: HTTP Request: GET https://data.binance.vision/data/futures/um/daily/metrics/BTCUSDT/BTCUSDT-metrics-2023-09-15.zip "HTTP/1.1 200 OK"
2026-09-27 22:25:32,286 [INFO] httpx: HTTP Request: GET https://data.binance.vision/data/futures/um/daily/metrics/BTCUSDT/BTCUSDT-metrics-2023-09-15.zip.CHECKSUM "HTTP/1.1 200 OK"
2026-09-27 22:25:33,091 [INFO] httpx: HTTP Request: GET https://data.binance.vision/data/futures/um/daily/metrics/BTCUSDT/BTCUSDT-metrics-2023-09-16.zip "HTTP/1.1 200 OK"
2026-09-27 22:25:33,861 [INFO] httpx: HTTP Request: GET https://data.binance.vision/data/futures/um/daily/metrics/BTCUSDT/BTCUSDT-metrics-2023-09-16.zip.CHECKSUM "HTTP/1.1 200 OK"
2026-09-27 22:25:34,157 [INFO] httpx: HTTP Request: GET https://data.binance.vision/data/futures/um/daily/metrics/BTCUSDT/BTCUSDT-metrics-2023-09-17.zip "HTTP/1.1 200 OK"
2026-09-27 22:25:34,937 [INFO] httpx: HTTP Request: GET https://data.binance.vision/data/futures/um/daily/metrics/BTCUSDT/BTCUSDT-metrics-2023-09-17.zip.CHECKSUM "HTTP/1.1 200 OK"
2026-09-27 22:25:35,725 [INFO] httpx: HTTP Request: GET https://data.binance.vision/data/futures/um/daily/metrics/BTCUSDT/BTCUSDT-metrics-2023-09-18.zip "HTTP/1.1 200 OK"
2026-09-27 22:25:36,495 [INFO] httpx: HTTP Request: GET https://data.binance.vision/data/futures/um/daily/metrics/BTCUSDT/BTCUSDT-metrics-2023-09-18.zip.CHECKSUM "HTTP/1.1 200 OK"
2026-09-27 22:25:37,282 [INFO] httpx: HTTP Request: GET https://data.binance.vision/data/futures/um/daily/metrics/BTCUSDT/BTCUSDT-metrics-2023-09-19.zip "HTTP/1.1 200 OK"
2026-09-27 22:25:38,051 [INFO] httpx: HTTP Request: GET https://data.binance.vision/data/futures/um/daily/metrics/BTCUSDT/BTCUSDT-metrics-2023-09-19.zip.CHECKSUM "HTTP/1.1 200 OK"
2026-09-27 22:25:38,833 [INFO] httpx: HTTP Request: GET https://data.binance.vision/data/futures/um/daily/metrics/BTCUSDT/BTCUSDT-metrics-2023-09-20.zip "HTTP/1.1 200 OK"
2026-09-27 22:25:39,112 [INFO] httpx: HTTP Request: GET https://data.binance.vision/data/futures/um/daily/metrics/BTCUSDT/BTCUSDT-metrics-2023-09-20.zip.CHECKSUM "HTTP/1.1 200 OK"
2026-09-27 22:25:39,896 [INFO] httpx: HTTP Request: GET https://data.binance.vision/data/futures/um/daily/metrics/BTCUSDT/BTCUSDT-metrics-2023-09-21.zip "HTTP/1.1 200 OK"
2026-09-27 22:25:40,682 [INFO] httpx: HTTP Request: GET https://data.binance.vision/data/futures/um/daily/metrics/BTCUSDT/BTCUSDT-metrics-2023-09-21.zip.CHECKSUM "HTTP/1.1 200 OK"
2026-09-27 22:25:41,460 [INFO] httpx: HTTP Request: GET https://data.binance.vision/data/futures/um/daily/metrics/BTCUSDT/BTCUSDT-metrics-2023-09-22.zip "HTTP/1.1 200 OK"
2026-09-27 22:25:42,231 [INFO] httpx: HTTP Request: GET https://data.binance.vision/data/futures/um/daily/metrics/BTCUSDT/BTCUSDT-metrics-2023-09-22.zip.CHECKSUM "HTTP/1.1 200 OK"
2026-09-27 22:25:43,017 [INFO] httpx: HTTP Request: GET https://data.binance.vision/data/futures/um/daily/metrics/BTCUSDT/BTCUSDT-metrics-2023-09-23.zip "HTTP/1.1 200 OK"
2026-09-27 22:25:43,309 [INFO] httpx: HTTP Request: GET https://data.binance.vision/data/futures/um/daily/metrics/BTCUSDT/BTCUSDT-metrics-2023-09-23.zip.CHECKSUM "HTTP/1.1 200 OK"
2026-09-27 22:25:44,084 [INFO] httpx: HTTP Request: GET https://data.binance.vision/data/futures/um/daily/metrics/BTCUSDT/BTCUSDT-metrics-2023-09-24.zip "HTTP/1.1 200 OK"
2026-09-27 22:25:44,855 [INFO] httpx: HTTP Request: GET https://data.binance.vision/data/futures/um/daily/metrics/BTCUSDT/BTCUSDT-metrics-2023-09-24.zip.CHECKSUM "HTTP/1.1 200 OK"
2026-09-27 22:25:45,645 [INFO] httpx: HTTP Request: GET https://data.binance.vision/data/futures/um/daily/metrics/BTCUSDT/BTCUSDT-metrics-2023-09-25.zip "HTTP/1.1 200 OK"
2026-09-27 22:25:48,118 [INFO] httpx: HTTP Request: GET https://data.binance.vision/data/futures/um/daily/metrics/BTCUSDT/BTCUSDT-metrics-2023-09-25.zip.CHECKSUM "HTTP/1.1 200 OK"
2026-09-27 22:25:48,911 [INFO] httpx: HTTP Request: GET https://data.binance.vision/data/futures/um/daily/metrics/BTCUSDT/BTCUSDT-metrics-2023-09-26.zip "HTTP/1.1 200 OK"
2026-09-27 22:25:49,691 [INFO] httpx: HTTP Request: GET https://data.binance.vision/data/futures/um/daily/metrics/BTCUSDT/BTCUSDT-metrics-2023-09-26.zip.CHECKSUM "HTTP/1.1 200 OK"
2026-09-27 22:25:50,476 [INFO] httpx: HTTP Request: GET https://data.binance.vision/data/futures/um/daily/metrics/BTCUSDT/BTCUSDT-metrics-2023-09-27.zip "HTTP/1.1 200 OK"
2026-09-27 22:25:51,246 [INFO] httpx: HTTP Request: GET https://data.binance.vision/data/futures/um/daily/metrics/BTCUSDT/BTCUSDT-metrics-2023-09-27.zip.CHECKSUM "HTTP/1.1 200 OK"
2026-09-27 22:25:52,061 [INFO] httpx: HTTP Request: GET https://data.binance.vision/data/futures/um/daily/metrics/BTCUSDT/BTCUSDT-metrics-2023-09-28.zip "HTTP/1.1 200 OK"
2026-09-27 22:25:52,849 [INFO] httpx: HTTP Request: GET https://data.binance.vision/data/futures/um/daily/metrics/BTCUSDT/BTCUSDT-metrics-2023-09-28.zip.CHECKSUM "HTTP/1.1 200 OK"
2026-09-27 22:25:53,612 [INFO] httpx: HTTP Request: GET https://data.binance.vision/data/futures/um/daily/metrics/BTCUSDT/BTCUSDT-metrics-2023-09-29.zip "HTTP/1.1 200 OK"
2026-09-27 22:25:53,889 [INFO] httpx: HTTP Request: GET https://data.binance.vision/data/futures/um/daily/metrics/BTCUSDT/BTCUSDT-metrics-2023-09-29.zip.CHECKSUM "HTTP/1.1 200 OK"
2026-09-27 22:25:54,664 [INFO] httpx: HTTP Request: GET https://data.binance.vision/data/futures/um/daily/metrics/BTCUSDT/BTCUSDT-metrics-2023-09-30.zip "HTTP/1.1 200 OK"
2026-09-27 22:25:55,433 [INFO] httpx: HTTP Request: GET https://data.binance.vision/data/futures/um/daily/metrics/BTCUSDT/BTCUSDT-metrics-2023-09-30.zip.CHECKSUM "HTTP/1.1 200 OK"
2026-09-27 22:25:56,212 [INFO] httpx: HTTP Request: GET https://data.binance.vision/data/futures/um/daily/metrics/BTCUSDT/BTCUSDT-metrics-2023-10-01.zip "HTTP/1.1 200 OK"
2026-09-27 22:25:56,971 [INFO] httpx: HTTP Request: GET https://data.binance.vision/data/futures/um/daily/metrics/BTCUSDT/BTCUSDT-metrics-2023-10-01.zip.CHECKSUM "HTTP/1.1 200 OK"
2026-09-27 22:25:57,747 [INFO] httpx: HTTP Request: GET https://data.binance.vision/data/futures/um/daily/metrics/BTCUSDT/BTCUSDT-metrics-2023-10-02.zip "HTTP/1.1 200 OK"
2026-09-27 22:25:58,504 [INFO] httpx: HTTP Request: GET https://data.binance.vision/data/futures/um/daily/metrics/BTCUSDT/BTCUSDT-metrics-2023-10-02.zip.CHECKSUM "HTTP/1.1 200 OK"
2026-09-27 22:25:59,309 [INFO] httpx: HTTP Request: GET https://data.binance.vision/data/futures/um/daily/metrics/BTCUSDT/BTCUSDT-metrics-2023-10-03.zip "HTTP/1.1 200 OK"
2026-09-27 22:26:00,092 [INFO] httpx: HTTP Request: GET https://data.binance.vision/data/futures/um/daily/metrics/BTCUSDT/BTCUSDT-metrics-2023-10-03.zip.CHECKSUM "HTTP/1.1 200 OK"
2026-09-27 22:26:00,391 [INFO] httpx: HTTP Request: GET https://data.binance.vision/data/futures/um/daily/metrics/BTCUSDT/BTCUSDT-metrics-2023-10-04.zip "HTTP/1.1 200 OK"
2026-09-27 22:26:01,156 [INFO] httpx: HTTP Request: GET https://data.binance.vision/data/futures/um/daily/metrics/BTCUSDT/BTCUSDT-metrics-2023-10-04.zip.CHECKSUM "HTTP/1.1 200 OK"
2026-09-27 22:26:01,934 [INFO] httpx: HTTP Request: GET https://data.binance.vision/data/futures/um/daily/metrics/BTCUSDT/BTCUSDT-metrics-2023-10-05.zip "HTTP/1.1 200 OK"
2026-09-27 22:26:02,713 [INFO] httpx: HTTP Request: GET https://data.binance.vision/data/futures/um/daily/metrics/BTCUSDT/BTCUSDT-metrics-2023-10-05.zip.CHECKSUM "HTTP/1.1 200 OK"
2026-09-27 22:26:03,001 [INFO] httpx: HTTP Request: GET https://data.binance.vision/data/futures/um/daily/metrics/BTCUSDT/BTCUSDT-metrics-2023-10-06.zip "HTTP/1.1 200 OK"
2026-09-27 22:26:03,761 [INFO] httpx: HTTP Request: GET https://data.binance.vision/data/futures/um/daily/metrics/BTCUSDT/BTCUSDT-metrics-2023-10-06.zip.CHECKSUM "HTTP/1.1 200 OK"
2026-09-27 22:26:04,534 [INFO] httpx: HTTP Request: GET https://data.binance.vision/data/futures/um/daily/metrics/BTCUSDT/BTCUSDT-metrics-2023-10-07.zip "HTTP/1.1 200 OK"
2026-09-27 22:26:04,830 [INFO] httpx: HTTP Request: GET https://data.binance.vision/data/futures/um/daily/metrics/BTCUSDT/BTCUSDT-metrics-2023-10-07.zip.CHECKSUM "HTTP/1.1 200 OK"
2026-09-27 22:26:05,130 [INFO] httpx: HTTP Request: GET https://data.binance.vision/data/futures/um/daily/metrics/BTCUSDT/BTCUSDT-metrics-2023-10-08.zip "HTTP/1.1 200 OK"
2026-09-27 22:26:05,898 [INFO] httpx: HTTP Request: GET https://data.binance.vision/data/futures/um/daily/metrics/BTCUSDT/BTCUSDT-metrics-2023-10-08.zip.CHECKSUM "HTTP/1.1 200 OK"
2026-09-27 22:26:06,678 [INFO] httpx: HTTP Request: GET https://data.binance.vision/data/futures/um/daily/metrics/BTCUSDT/BTCUSDT-metrics-2023-10-09.zip "HTTP/1.1 200 OK"
2026-09-27 22:26:07,438 [INFO] httpx: HTTP Request: GET https://data.binance.vision/data/futures/um/daily/metrics/BTCUSDT/BTCUSDT-metrics-2023-10-09.zip.CHECKSUM "HTTP/1.1 200 OK"
2026-09-27 22:26:08,231 [INFO] httpx: HTTP Request: GET https://data.binance.vision/data/futures/um/daily/metrics/BTCUSDT/BTCUSDT-metrics-2023-10-10.zip "HTTP/1.1 200 OK"
2026-09-27 22:26:08,989 [INFO] httpx: HTTP Request: GET https://data.binance.vision/data/futures/um/daily/metrics/BTCUSDT/BTCUSDT-metrics-2023-10-10.zip.CHECKSUM "HTTP/1.1 200 OK"
2026-09-27 22:26:09,761 [INFO] httpx: HTTP Request: GET https://data.binance.vision/data/futures/um/daily/metrics/BTCUSDT/BTCUSDT-metrics-2023-10-11.zip "HTTP/1.1 200 OK"
2026-09-27 22:26:10,538 [INFO] httpx: HTTP Request: GET https://data.binance.vision/data/futures/um/daily/metrics/BTCUSDT/BTCUSDT-metrics-2023-10-11.zip.CHECKSUM "HTTP/1.1 200 OK"
2026-09-27 22:26:11,325 [INFO] httpx: HTTP Request: GET https://data.binance.vision/data/futures/um/daily/metrics/BTCUSDT/BTCUSDT-metrics-2023-10-12.zip "HTTP/1.1 200 OK"
2026-09-27 22:26:12,086 [INFO] httpx: HTTP Request: GET https://data.binance.vision/data/futures/um/daily/metrics/BTCUSDT/BTCUSDT-metrics-2023-10-12.zip.CHECKSUM "HTTP/1.1 200 OK"
2026-09-27 22:26:12,882 [INFO] httpx: HTTP Request: GET https://data.binance.vision/data/futures/um/daily/metrics/BTCUSDT/BTCUSDT-metrics-2023-10-13.zip "HTTP/1.1 200 OK"
2026-09-27 22:26:13,668 [INFO] httpx: HTTP Request: GET https://data.binance.vision/data/futures/um/daily/metrics/BTCUSDT/BTCUSDT-metrics-2023-10-13.zip.CHECKSUM "HTTP/1.1 200 OK"
2026-09-27 22:26:14,476 [INFO] httpx: HTTP Request: GET https://data.binance.vision/data/futures/um/daily/metrics/BTCUSDT/BTCUSDT-metrics-2023-10-14.zip "HTTP/1.1 200 OK"
2026-09-27 22:26:15,242 [INFO] httpx: HTTP Request: GET https://data.binance.vision/data/futures/um/daily/metrics/BTCUSDT/BTCUSDT-metrics-2023-10-14.zip.CHECKSUM "HTTP/1.1 200 OK"
2026-09-27 22:26:15,527 [INFO] httpx: HTTP Request: GET https://data.binance.vision/data/futures/um/daily/metrics/BTCUSDT/BTCUSDT-metrics-2023-10-15.zip "HTTP/1.1 200 OK"
2026-09-27 22:26:16,295 [INFO] httpx: HTTP Request: GET https://data.binance.vision/data/futures/um/daily/metrics/BTCUSDT/BTCUSDT-metrics-2023-10-15.zip.CHECKSUM "HTTP/1.1 200 OK"
2026-09-27 22:26:17,077 [INFO] httpx: HTTP Request: GET https://data.binance.vision/data/futures/um/daily/metrics/BTCUSDT/BTCUSDT-metrics-2023-10-16.zip "HTTP/1.1 200 OK"
2026-09-27 22:26:17,855 [INFO] httpx: HTTP Request: GET https://data.binance.vision/data/futures/um/daily/metrics/BTCUSDT/BTCUSDT-metrics-2023-10-16.zip.CHECKSUM "HTTP/1.1 200 OK"
2026-09-27 22:26:18,651 [INFO] httpx: HTTP Request: GET https://data.binance.vision/data/futures/um/daily/metrics/BTCUSDT/BTCUSDT-metrics-2023-10-17.zip "HTTP/1.1 200 OK"
2026-09-27 22:26:18,931 [INFO] httpx: HTTP Request: GET https://data.binance.vision/data/futures/um/daily/metrics/BTCUSDT/BTCUSDT-metrics-2023-10-17.zip.CHECKSUM "HTTP/1.1 200 OK"
2026-09-27 22:26:19,716 [INFO] httpx: HTTP Request: GET https://data.binance.vision/data/futures/um/daily/metrics/BTCUSDT/BTCUSDT-metrics-2023-10-18.zip "HTTP/1.1 200 OK"
2026-09-27 22:26:22,196 [INFO] httpx: HTTP Request: GET https://data.binance.vision/data/futures/um/daily/metrics/BTCUSDT/BTCUSDT-metrics-2023-10-18.zip.CHECKSUM "HTTP/1.1 200 OK"
2026-09-27 22:26:22,979 [INFO] httpx: HTTP Request: GET https://data.binance.vision/data/futures/um/daily/metrics/BTCUSDT/BTCUSDT-metrics-2023-10-19.zip "HTTP/1.1 200 OK"
2026-09-27 22:26:23,756 [INFO] httpx: HTTP Request: GET https://data.binance.vision/data/futures/um/daily/metrics/BTCUSDT/BTCUSDT-metrics-2023-10-19.zip.CHECKSUM "HTTP/1.1 200 OK"
2026-09-27 22:26:24,548 [INFO] httpx: HTTP Request: GET https://data.binance.vision/data/futures/um/daily/metrics/BTCUSDT/BTCUSDT-metrics-2023-10-20.zip "HTTP/1.1 200 OK"
2026-09-27 22:26:25,328 [INFO] httpx: HTTP Request: GET https://data.binance.vision/data/futures/um/daily/metrics/BTCUSDT/BTCUSDT-metrics-2023-10-20.zip.CHECKSUM "HTTP/1.1 200 OK"
2026-09-27 22:26:26,099 [INFO] httpx: HTTP Request: GET https://data.binance.vision/data/futures/um/daily/metrics/BTCUSDT/BTCUSDT-metrics-2023-10-21.zip "HTTP/1.1 200 OK"
2026-09-27 22:26:26,382 [INFO] httpx: HTTP Request: GET https://data.binance.vision/data/futures/um/daily/metrics/BTCUSDT/BTCUSDT-metrics-2023-10-21.zip.CHECKSUM "HTTP/1.1 200 OK"
2026-09-27 22:26:27,168 [INFO] httpx: HTTP Request: GET https://data.binance.vision/data/futures/um/daily/metrics/BTCUSDT/BTCUSDT-metrics-2023-10-22.zip "HTTP/1.1 200 OK"
2026-09-27 22:26:27,949 [INFO] httpx: HTTP Request: GET https://data.binance.vision/data/futures/um/daily/metrics/BTCUSDT/BTCUSDT-metrics-2023-10-22.zip.CHECKSUM "HTTP/1.1 200 OK"
2026-09-27 22:26:28,727 [INFO] httpx: HTTP Request: GET https://data.binance.vision/data/futures/um/daily/metrics/BTCUSDT/BTCUSDT-metrics-2023-10-23.zip "HTTP/1.1 200 OK"
2026-09-27 22:26:29,023 [INFO] httpx: HTTP Request: GET https://data.binance.vision/data/futures/um/daily/metrics/BTCUSDT/BTCUSDT-metrics-2023-10-23.zip.CHECKSUM "HTTP/1.1 200 OK"
2026-09-27 22:26:29,809 [INFO] httpx: HTTP Request: GET https://data.binance.vision/data/futures/um/daily/metrics/BTCUSDT/BTCUSDT-metrics-2023-10-24.zip "HTTP/1.1 200 OK"
2026-09-27 22:26:30,564 [INFO] httpx: HTTP Request: GET https://data.binance.vision/data/futures/um/daily/metrics/BTCUSDT/BTCUSDT-metrics-2023-10-24.zip.CHECKSUM "HTTP/1.1 200 OK"
2026-09-27 22:26:30,841 [INFO] httpx: HTTP Request: GET https://data.binance.vision/data/futures/um/daily/metrics/BTCUSDT/BTCUSDT-metrics-2023-10-25.zip "HTTP/1.1 200 OK"
2026-09-27 22:26:31,122 [INFO] httpx: HTTP Request: GET https://data.binance.vision/data/futures/um/daily/metrics/BTCUSDT/BTCUSDT-metrics-2023-10-25.zip.CHECKSUM "HTTP/1.1 200 OK"
2026-09-27 22:26:31,908 [INFO] httpx: HTTP Request: GET https://data.binance.vision/data/futures/um/daily/metrics/BTCUSDT/BTCUSDT-metrics-2023-10-26.zip "HTTP/1.1 200 OK"
2026-09-27 22:26:32,674 [INFO] httpx: HTTP Request: GET https://data.binance.vision/data/futures/um/daily/metrics/BTCUSDT/BTCUSDT-metrics-2023-10-26.zip.CHECKSUM "HTTP/1.1 200 OK"
2026-09-27 22:26:33,465 [INFO] httpx: HTTP Request: GET https://data.binance.vision/data/futures/um/daily/metrics/BTCUSDT/BTCUSDT-metrics-2023-10-27.zip "HTTP/1.1 200 OK"
2026-09-27 22:26:34,230 [INFO] httpx: HTTP Request: GET https://data.binance.vision/data/futures/um/daily/metrics/BTCUSDT/BTCUSDT-metrics-2023-10-27.zip.CHECKSUM "HTTP/1.1 200 OK"
2026-09-27 22:26:34,991 [INFO] httpx: HTTP Request: GET https://data.binance.vision/data/futures/um/daily/metrics/BTCUSDT/BTCUSDT-metrics-2023-10-28.zip "HTTP/1.1 200 OK"
2026-09-27 22:26:35,746 [INFO] httpx: HTTP Request: GET https://data.binance.vision/data/futures/um/daily/metrics/BTCUSDT/BTCUSDT-metrics-2023-10-28.zip.CHECKSUM "HTTP/1.1 200 OK"
2026-09-27 22:26:36,032 [INFO] httpx: HTTP Request: GET https://data.binance.vision/data/futures/um/daily/metrics/BTCUSDT/BTCUSDT-metrics-2023-10-29.zip "HTTP/1.1 200 OK"
2026-09-27 22:26:36,796 [INFO] httpx: HTTP Request: GET https://data.binance.vision/data/futures/um/daily/metrics/BTCUSDT/BTCUSDT-metrics-2023-10-29.zip.CHECKSUM "HTTP/1.1 200 OK"
2026-09-27 22:26:37,562 [INFO] httpx: HTTP Request: GET https://data.binance.vision/data/futures/um/daily/metrics/BTCUSDT/BTCUSDT-metrics-2023-10-30.zip "HTTP/1.1 200 OK"
2026-09-27 22:26:38,339 [INFO] httpx: HTTP Request: GET https://data.binance.vision/data/futures/um/daily/metrics/BTCUSDT/BTCUSDT-metrics-2023-10-30.zip.CHECKSUM "HTTP/1.1 200 OK"
2026-09-27 22:26:39,127 [INFO] httpx: HTTP Request: GET https://data.binance.vision/data/futures/um/daily/metrics/BTCUSDT/BTCUSDT-metrics-2023-10-31.zip "HTTP/1.1 200 OK"
2026-09-27 22:26:39,412 [INFO] httpx: HTTP Request: GET https://data.binance.vision/data/futures/um/daily/metrics/BTCUSDT/BTCUSDT-metrics-2023-10-31.zip.CHECKSUM "HTTP/1.1 200 OK"
2026-09-27 22:26:40,205 [INFO] httpx: HTTP Request: GET https://data.binance.vision/data/futures/um/daily/metrics/BTCUSDT/BTCUSDT-metrics-2023-11-01.zip "HTTP/1.1 200 OK"
2026-09-27 22:26:40,983 [INFO] httpx: HTTP Request: GET https://data.binance.vision/data/futures/um/daily/metrics/BTCUSDT/BTCUSDT-metrics-2023-11-01.zip.CHECKSUM "HTTP/1.1 200 OK"
2026-09-27 22:26:41,757 [INFO] httpx: HTTP Request: GET https://data.binance.vision/data/futures/um/daily/metrics/BTCUSDT/BTCUSDT-metrics-2023-11-02.zip "HTTP/1.1 200 OK"
2026-09-27 22:26:42,515 [INFO] httpx: HTTP Request: GET https://data.binance.vision/data/futures/um/daily/metrics/BTCUSDT/BTCUSDT-metrics-2023-11-02.zip.CHECKSUM "HTTP/1.1 200 OK"
2026-09-27 22:26:43,292 [INFO] httpx: HTTP Request: GET https://data.binance.vision/data/futures/um/daily/metrics/BTCUSDT/BTCUSDT-metrics-2023-11-03.zip "HTTP/1.1 200 OK"
2026-09-27 22:26:44,061 [INFO] httpx: HTTP Request: GET https://data.binance.vision/data/futures/um/daily/metrics/BTCUSDT/BTCUSDT-metrics-2023-11-03.zip.CHECKSUM "HTTP/1.1 200 OK"
2026-09-27 22:26:44,844 [INFO] httpx: HTTP Request: GET https://data.binance.vision/data/futures/um/daily/metrics/BTCUSDT/BTCUSDT-metrics-2023-11-04.zip "HTTP/1.1 200 OK"
2026-09-27 22:26:45,603 [INFO] httpx: HTTP Request: GET https://data.binance.vision/data/futures/um/daily/metrics/BTCUSDT/BTCUSDT-metrics-2023-11-04.zip.CHECKSUM "HTTP/1.1 200 OK"
2026-09-27 22:26:46,389 [INFO] httpx: HTTP Request: GET https://data.binance.vision/data/futures/um/daily/metrics/BTCUSDT/BTCUSDT-metrics-2023-11-05.zip "HTTP/1.1 200 OK"
2026-09-27 22:26:46,668 [INFO] httpx: HTTP Request: GET https://data.binance.vision/data/futures/um/daily/metrics/BTCUSDT/BTCUSDT-metrics-2023-11-05.zip.CHECKSUM "HTTP/1.1 200 OK"
2026-09-27 22:26:47,449 [INFO] httpx: HTTP Request: GET https://data.binance.vision/data/futures/um/daily/metrics/BTCUSDT/BTCUSDT-metrics-2023-11-06.zip "HTTP/1.1 200 OK"
2026-09-27 22:26:48,213 [INFO] httpx: HTTP Request: GET https://data.binance.vision/data/futures/um/daily/metrics/BTCUSDT/BTCUSDT-metrics-2023-11-06.zip.CHECKSUM "HTTP/1.1 200 OK"
2026-09-27 22:26:48,993 [INFO] httpx: HTTP Request: GET https://data.binance.vision/data/futures/um/daily/metrics/BTCUSDT/BTCUSDT-metrics-2023-11-07.zip "HTTP/1.1 200 OK"
2026-09-27 22:26:49,295 [INFO] httpx: HTTP Request: GET https://data.binance.vision/data/futures/um/daily/metrics/BTCUSDT/BTCUSDT-metrics-2023-11-07.zip.CHECKSUM "HTTP/1.1 200 OK"
2026-09-27 22:26:50,081 [INFO] httpx: HTTP Request: GET https://data.binance.vision/data/futures/um/daily/metrics/BTCUSDT/BTCUSDT-metrics-2023-11-08.zip "HTTP/1.1 200 OK"
2026-09-27 22:26:50,855 [INFO] httpx: HTTP Request: GET https://data.binance.vision/data/futures/um/daily/metrics/BTCUSDT/BTCUSDT-metrics-2023-11-08.zip.CHECKSUM "HTTP/1.1 200 OK"
2026-09-27 22:26:51,658 [INFO] httpx: HTTP Request: GET https://data.binance.vision/data/futures/um/daily/metrics/BTCUSDT/BTCUSDT-metrics-2023-11-09.zip "HTTP/1.1 200 OK"
2026-09-27 22:26:52,426 [INFO] httpx: HTTP Request: GET https://data.binance.vision/data/futures/um/daily/metrics/BTCUSDT/BTCUSDT-metrics-2023-11-09.zip.CHECKSUM "HTTP/1.1 200 OK"
2026-09-27 22:26:53,208 [INFO] httpx: HTTP Request: GET https://data.binance.vision/data/futures/um/daily/metrics/BTCUSDT/BTCUSDT-metrics-2023-11-10.zip "HTTP/1.1 200 OK"
2026-09-27 22:26:55,649 [INFO] httpx: HTTP Request: GET https://data.binance.vision/data/futures/um/daily/metrics/BTCUSDT/BTCUSDT-metrics-2023-11-10.zip.CHECKSUM "HTTP/1.1 200 OK"
2026-09-27 22:26:55,945 [INFO] httpx: HTTP Request: GET https://data.binance.vision/data/futures/um/daily/metrics/BTCUSDT/BTCUSDT-metrics-2023-11-11.zip "HTTP/1.1 200 OK"
2026-09-27 22:26:56,714 [INFO] httpx: HTTP Request: GET https://data.binance.vision/data/futures/um/daily/metrics/BTCUSDT/BTCUSDT-metrics-2023-11-11.zip.CHECKSUM "HTTP/1.1 200 OK"
2026-09-27 22:26:57,508 [INFO] httpx: HTTP Request: GET https://data.binance.vision/data/futures/um/daily/metrics/BTCUSDT/BTCUSDT-metrics-2023-11-12.zip "HTTP/1.1 200 OK"
2026-09-27 22:26:58,288 [INFO] httpx: HTTP Request: GET https://data.binance.vision/data/futures/um/daily/metrics/BTCUSDT/BTCUSDT-metrics-2023-11-12.zip.CHECKSUM "HTTP/1.1 200 OK"
2026-09-27 22:26:59,090 [INFO] httpx: HTTP Request: GET https://data.binance.vision/data/futures/um/daily/metrics/BTCUSDT/BTCUSDT-metrics-2023-11-13.zip "HTTP/1.1 200 OK"
2026-09-27 22:26:59,859 [INFO] httpx: HTTP Request: GET https://data.binance.vision/data/futures/um/daily/metrics/BTCUSDT/BTCUSDT-metrics-2023-11-13.zip.CHECKSUM "HTTP/1.1 200 OK"
2026-09-27 22:27:00,649 [INFO] httpx: HTTP Request: GET https://data.binance.vision/data/futures/um/daily/metrics/BTCUSDT/BTCUSDT-metrics-2023-11-14.zip "HTTP/1.1 200 OK"
2026-09-27 22:27:01,415 [INFO] httpx: HTTP Request: GET https://data.binance.vision/data/futures/um/daily/metrics/BTCUSDT/BTCUSDT-metrics-2023-11-14.zip.CHECKSUM "HTTP/1.1 200 OK"
2026-09-27 22:27:01,727 [INFO] httpx: HTTP Request: GET https://data.binance.vision/data/futures/um/daily/metrics/BTCUSDT/BTCUSDT-metrics-2023-11-15.zip "HTTP/1.1 200 OK"
2026-09-27 22:27:02,502 [INFO] httpx: HTTP Request: GET https://data.binance.vision/data/futures/um/daily/metrics/BTCUSDT/BTCUSDT-metrics-2023-11-15.zip.CHECKSUM "HTTP/1.1 200 OK"
2026-09-27 22:27:03,285 [INFO] httpx: HTTP Request: GET https://data.binance.vision/data/futures/um/daily/metrics/BTCUSDT/BTCUSDT-metrics-2023-11-16.zip "HTTP/1.1 200 OK"
2026-09-27 22:27:03,570 [INFO] httpx: HTTP Request: GET https://data.binance.vision/data/futures/um/daily/metrics/BTCUSDT/BTCUSDT-metrics-2023-11-16.zip.CHECKSUM "HTTP/1.1 200 OK"
2026-09-27 22:27:04,359 [INFO] httpx: HTTP Request: GET https://data.binance.vision/data/futures/um/daily/metrics/BTCUSDT/BTCUSDT-metrics-2023-11-17.zip "HTTP/1.1 200 OK"
2026-09-27 22:27:05,125 [INFO] httpx: HTTP Request: GET https://data.binance.vision/data/futures/um/daily/metrics/BTCUSDT/BTCUSDT-metrics-2023-11-17.zip.CHECKSUM "HTTP/1.1 200 OK"
2026-09-27 22:27:05,918 [INFO] httpx: HTTP Request: GET https://data.binance.vision/data/futures/um/daily/metrics/BTCUSDT/BTCUSDT-metrics-2023-11-18.zip "HTTP/1.1 200 OK"
2026-09-27 22:27:06,678 [INFO] httpx: HTTP Request: GET https://data.binance.vision/data/futures/um/daily/metrics/BTCUSDT/BTCUSDT-metrics-2023-11-18.zip.CHECKSUM "HTTP/1.1 200 OK"
2026-09-27 22:27:07,460 [INFO] httpx: HTTP Request: GET https://data.binance.vision/data/futures/um/daily/metrics/BTCUSDT/BTCUSDT-metrics-2023-11-19.zip "HTTP/1.1 200 OK"
2026-09-27 22:27:08,221 [INFO] httpx: HTTP Request: GET https://data.binance.vision/data/futures/um/daily/metrics/BTCUSDT/BTCUSDT-metrics-2023-11-19.zip.CHECKSUM "HTTP/1.1 200 OK"
2026-09-27 22:27:09,003 [INFO] httpx: HTTP Request: GET https://data.binance.vision/data/futures/um/daily/metrics/BTCUSDT/BTCUSDT-metrics-2023-11-20.zip "HTTP/1.1 200 OK"
2026-09-27 22:27:09,765 [INFO] httpx: HTTP Request: GET https://data.binance.vision/data/futures/um/daily/metrics/BTCUSDT/BTCUSDT-metrics-2023-11-20.zip.CHECKSUM "HTTP/1.1 200 OK"
2026-09-27 22:27:10,555 [INFO] httpx: HTTP Request: GET https://data.binance.vision/data/futures/um/daily/metrics/BTCUSDT/BTCUSDT-metrics-2023-11-21.zip "HTTP/1.1 200 OK"
2026-09-27 22:27:11,319 [INFO] httpx: HTTP Request: GET https://data.binance.vision/data/futures/um/daily/metrics/BTCUSDT/BTCUSDT-metrics-2023-11-21.zip.CHECKSUM "HTTP/1.1 200 OK"
2026-09-27 22:27:12,119 [INFO] httpx: HTTP Request: GET https://data.binance.vision/data/futures/um/daily/metrics/BTCUSDT/BTCUSDT-metrics-2023-11-22.zip "HTTP/1.1 200 OK"
2026-09-27 22:27:12,894 [INFO] httpx: HTTP Request: GET https://data.binance.vision/data/futures/um/daily/metrics/BTCUSDT/BTCUSDT-metrics-2023-11-22.zip.CHECKSUM "HTTP/1.1 200 OK"
2026-09-27 22:27:13,677 [INFO] httpx: HTTP Request: GET https://data.binance.vision/data/futures/um/daily/metrics/BTCUSDT/BTCUSDT-metrics-2023-11-23.zip "HTTP/1.1 200 OK"
2026-09-27 22:27:14,437 [INFO] httpx: HTTP Request: GET https://data.binance.vision/data/futures/um/daily/metrics/BTCUSDT/BTCUSDT-metrics-2023-11-23.zip.CHECKSUM "HTTP/1.1 200 OK"
2026-09-27 22:27:14,737 [INFO] httpx: HTTP Request: GET https://data.binance.vision/data/futures/um/daily/metrics/BTCUSDT/BTCUSDT-metrics-2023-11-24.zip "HTTP/1.1 200 OK"
2026-09-27 22:27:15,517 [INFO] httpx: HTTP Request: GET https://data.binance.vision/data/futures/um/daily/metrics/BTCUSDT/BTCUSDT-metrics-2023-11-24.zip.CHECKSUM "HTTP/1.1 200 OK"
2026-09-27 22:27:16,295 [INFO] httpx: HTTP Request: GET https://data.binance.vision/data/futures/um/daily/metrics/BTCUSDT/BTCUSDT-metrics-2023-11-25.zip "HTTP/1.1 200 OK"
2026-09-27 22:27:17,057 [INFO] httpx: HTTP Request: GET https://data.binance.vision/data/futures/um/daily/metrics/BTCUSDT/BTCUSDT-metrics-2023-11-25.zip.CHECKSUM "HTTP/1.1 200 OK"
2026-09-27 22:27:17,350 [INFO] httpx: HTTP Request: GET https://data.binance.vision/data/futures/um/daily/metrics/BTCUSDT/BTCUSDT-metrics-2023-11-26.zip "HTTP/1.1 200 OK"
2026-09-27 22:27:18,124 [INFO] httpx: HTTP Request: GET https://data.binance.vision/data/futures/um/daily/metrics/BTCUSDT/BTCUSDT-metrics-2023-11-26.zip.CHECKSUM "HTTP/1.1 200 OK"
2026-09-27 22:27:18,897 [INFO] httpx: HTTP Request: GET https://data.binance.vision/data/futures/um/daily/metrics/BTCUSDT/BTCUSDT-metrics-2023-11-27.zip "HTTP/1.1 200 OK"
2026-09-27 22:27:19,172 [INFO] httpx: HTTP Request: GET https://data.binance.vision/data/futures/um/daily/metrics/BTCUSDT/BTCUSDT-metrics-2023-11-27.zip.CHECKSUM "HTTP/1.1 200 OK"
2026-09-27 22:27:19,943 [INFO] httpx: HTTP Request: GET https://data.binance.vision/data/futures/um/daily/metrics/BTCUSDT/BTCUSDT-metrics-2023-11-28.zip "HTTP/1.1 200 OK"
2026-09-27 22:27:20,715 [INFO] httpx: HTTP Request: GET https://data.binance.vision/data/futures/um/daily/metrics/BTCUSDT/BTCUSDT-metrics-2023-11-28.zip.CHECKSUM "HTTP/1.1 200 OK"
2026-09-27 22:27:21,495 [INFO] httpx: HTTP Request: GET https://data.binance.vision/data/futures/um/daily/metrics/BTCUSDT/BTCUSDT-metrics-2023-11-29.zip "HTTP/1.1 200 OK"
2026-09-27 22:27:22,260 [INFO] httpx: HTTP Request: GET https://data.binance.vision/data/futures/um/daily/metrics/BTCUSDT/BTCUSDT-metrics-2023-11-29.zip.CHECKSUM "HTTP/1.1 200 OK"
2026-09-27 22:27:23,046 [INFO] httpx: HTTP Request: GET https://data.binance.vision/data/futures/um/daily/metrics/BTCUSDT/BTCUSDT-metrics-2023-11-30.zip "HTTP/1.1 200 OK"
2026-09-27 22:27:23,807 [INFO] httpx: HTTP Request: GET https://data.binance.vision/data/futures/um/daily/metrics/BTCUSDT/BTCUSDT-metrics-2023-11-30.zip.CHECKSUM "HTTP/1.1 200 OK"
2026-09-27 22:27:24,585 [INFO] httpx: HTTP Request: GET https://data.binance.vision/data/futures/um/daily/metrics/BTCUSDT/BTCUSDT-metrics-2023-12-01.zip "HTTP/1.1 200 OK"
2026-09-27 22:27:25,354 [INFO] httpx: HTTP Request: GET https://data.binance.vision/data/futures/um/daily/metrics/BTCUSDT/BTCUSDT-metrics-2023-12-01.zip.CHECKSUM "HTTP/1.1 200 OK"
2026-09-27 22:27:26,165 [INFO] httpx: HTTP Request: GET https://data.binance.vision/data/futures/um/daily/metrics/BTCUSDT/BTCUSDT-metrics-2023-12-02.zip "HTTP/1.1 200 OK"
2026-09-27 22:27:26,946 [INFO] httpx: HTTP Request: GET https://data.binance.vision/data/futures/um/daily/metrics/BTCUSDT/BTCUSDT-metrics-2023-12-02.zip.CHECKSUM "HTTP/1.1 200 OK"
2026-09-27 22:27:27,721 [INFO] httpx: HTTP Request: GET https://data.binance.vision/data/futures/um/daily/metrics/BTCUSDT/BTCUSDT-metrics-2023-12-03.zip "HTTP/1.1 200 OK"
2026-09-27 22:27:30,187 [INFO] httpx: HTTP Request: GET https://data.binance.vision/data/futures/um/daily/metrics/BTCUSDT/BTCUSDT-metrics-2023-12-03.zip.CHECKSUM "HTTP/1.1 200 OK"
2026-09-27 22:27:30,969 [INFO] httpx: HTTP Request: GET https://data.binance.vision/data/futures/um/daily/metrics/BTCUSDT/BTCUSDT-metrics-2023-12-04.zip "HTTP/1.1 200 OK"
2026-09-27 22:27:31,756 [INFO] httpx: HTTP Request: GET https://data.binance.vision/data/futures/um/daily/metrics/BTCUSDT/BTCUSDT-metrics-2023-12-04.zip.CHECKSUM "HTTP/1.1 200 OK"
2026-09-27 22:27:32,525 [INFO] httpx: HTTP Request: GET https://data.binance.vision/data/futures/um/daily/metrics/BTCUSDT/BTCUSDT-metrics-2023-12-05.zip "HTTP/1.1 200 OK"
2026-09-27 22:27:33,283 [INFO] httpx: HTTP Request: GET https://data.binance.vision/data/futures/um/daily/metrics/BTCUSDT/BTCUSDT-metrics-2023-12-05.zip.CHECKSUM "HTTP/1.1 200 OK"
2026-09-27 22:27:34,055 [INFO] httpx: HTTP Request: GET https://data.binance.vision/data/futures/um/daily/metrics/BTCUSDT/BTCUSDT-metrics-2023-12-06.zip "HTTP/1.1 200 OK"
2026-09-27 22:27:34,333 [INFO] httpx: HTTP Request: GET https://data.binance.vision/data/futures/um/daily/metrics/BTCUSDT/BTCUSDT-metrics-2023-12-06.zip.CHECKSUM "HTTP/1.1 200 OK"
2026-09-27 22:27:35,135 [INFO] httpx: HTTP Request: GET https://data.binance.vision/data/futures/um/daily/metrics/BTCUSDT/BTCUSDT-metrics-2023-12-07.zip "HTTP/1.1 200 OK"
2026-09-27 22:27:35,899 [INFO] httpx: HTTP Request: GET https://data.binance.vision/data/futures/um/daily/metrics/BTCUSDT/BTCUSDT-metrics-2023-12-07.zip.CHECKSUM "HTTP/1.1 200 OK"
2026-09-27 22:27:36,697 [INFO] httpx: HTTP Request: GET https://data.binance.vision/data/futures/um/daily/metrics/BTCUSDT/BTCUSDT-metrics-2023-12-08.zip "HTTP/1.1 200 OK"
2026-09-27 22:27:37,468 [INFO] httpx: HTTP Request: GET https://data.binance.vision/data/futures/um/daily/metrics/BTCUSDT/BTCUSDT-metrics-2023-12-08.zip.CHECKSUM "HTTP/1.1 200 OK"
2026-09-27 22:27:38,249 [INFO] httpx: HTTP Request: GET https://data.binance.vision/data/futures/um/daily/metrics/BTCUSDT/BTCUSDT-metrics-2023-12-09.zip "HTTP/1.1 200 OK"
2026-09-27 22:27:39,010 [INFO] httpx: HTTP Request: GET https://data.binance.vision/data/futures/um/daily/metrics/BTCUSDT/BTCUSDT-metrics-2023-12-09.zip.CHECKSUM "HTTP/1.1 200 OK"
2026-09-27 22:27:39,298 [INFO] httpx: HTTP Request: GET https://data.binance.vision/data/futures/um/daily/metrics/BTCUSDT/BTCUSDT-metrics-2023-12-10.zip "HTTP/1.1 200 OK"
2026-09-27 22:27:40,068 [INFO] httpx: HTTP Request: GET https://data.binance.vision/data/futures/um/daily/metrics/BTCUSDT/BTCUSDT-metrics-2023-12-10.zip.CHECKSUM "HTTP/1.1 200 OK"
2026-09-27 22:27:40,859 [INFO] httpx: HTTP Request: GET https://data.binance.vision/data/futures/um/daily/metrics/BTCUSDT/BTCUSDT-metrics-2023-12-11.zip "HTTP/1.1 200 OK"
2026-09-27 22:27:41,139 [INFO] httpx: HTTP Request: GET https://data.binance.vision/data/futures/um/daily/metrics/BTCUSDT/BTCUSDT-metrics-2023-12-11.zip.CHECKSUM "HTTP/1.1 200 OK"
2026-09-27 22:27:41,918 [INFO] httpx: HTTP Request: GET https://data.binance.vision/data/futures/um/daily/metrics/BTCUSDT/BTCUSDT-metrics-2023-12-12.zip "HTTP/1.1 200 OK"
2026-09-27 22:27:42,676 [INFO] httpx: HTTP Request: GET https://data.binance.vision/data/futures/um/daily/metrics/BTCUSDT/BTCUSDT-metrics-2023-12-12.zip.CHECKSUM "HTTP/1.1 200 OK"
2026-09-27 22:27:43,433 [INFO] httpx: HTTP Request: GET https://data.binance.vision/data/futures/um/daily/metrics/BTCUSDT/BTCUSDT-metrics-2023-12-13.zip "HTTP/1.1 200 OK"
2026-09-27 22:27:44,193 [INFO] httpx: HTTP Request: GET https://data.binance.vision/data/futures/um/daily/metrics/BTCUSDT/BTCUSDT-metrics-2023-12-13.zip.CHECKSUM "HTTP/1.1 200 OK"
2026-09-27 22:27:44,491 [INFO] httpx: HTTP Request: GET https://data.binance.vision/data/futures/um/daily/metrics/BTCUSDT/BTCUSDT-metrics-2023-12-14.zip "HTTP/1.1 200 OK"
2026-09-27 22:27:45,247 [INFO] httpx: HTTP Request: GET https://data.binance.vision/data/futures/um/daily/metrics/BTCUSDT/BTCUSDT-metrics-2023-12-14.zip.CHECKSUM "HTTP/1.1 200 OK"
2026-09-27 22:27:46,025 [INFO] httpx: HTTP Request: GET https://data.binance.vision/data/futures/um/daily/metrics/BTCUSDT/BTCUSDT-metrics-2023-12-15.zip "HTTP/1.1 200 OK"
2026-09-27 22:27:46,789 [INFO] httpx: HTTP Request: GET https://data.binance.vision/data/futures/um/daily/metrics/BTCUSDT/BTCUSDT-metrics-2023-12-15.zip.CHECKSUM "HTTP/1.1 200 OK"
2026-09-27 22:27:47,562 [INFO] httpx: HTTP Request: GET https://data.binance.vision/data/futures/um/daily/metrics/BTCUSDT/BTCUSDT-metrics-2023-12-16.zip "HTTP/1.1 200 OK"
2026-09-27 22:27:48,324 [INFO] httpx: HTTP Request: GET https://data.binance.vision/data/futures/um/daily/metrics/BTCUSDT/BTCUSDT-metrics-2023-12-16.zip.CHECKSUM "HTTP/1.1 200 OK"
2026-09-27 22:27:49,109 [INFO] httpx: HTTP Request: GET https://data.binance.vision/data/futures/um/daily/metrics/BTCUSDT/BTCUSDT-metrics-2023-12-17.zip "HTTP/1.1 200 OK"
2026-09-27 22:27:49,892 [INFO] httpx: HTTP Request: GET https://data.binance.vision/data/futures/um/daily/metrics/BTCUSDT/BTCUSDT-metrics-2023-12-17.zip.CHECKSUM "HTTP/1.1 200 OK"
2026-09-27 22:27:50,704 [INFO] httpx: HTTP Request: GET https://data.binance.vision/data/futures/um/daily/metrics/BTCUSDT/BTCUSDT-metrics-2023-12-18.zip "HTTP/1.1 200 OK"
2026-09-27 22:27:51,476 [INFO] httpx: HTTP Request: GET https://data.binance.vision/data/futures/um/daily/metrics/BTCUSDT/BTCUSDT-metrics-2023-12-18.zip.CHECKSUM "HTTP/1.1 200 OK"
2026-09-27 22:27:52,307 [INFO] httpx: HTTP Request: GET https://data.binance.vision/data/futures/um/daily/metrics/BTCUSDT/BTCUSDT-metrics-2023-12-19.zip "HTTP/1.1 200 OK"
2026-09-27 22:27:52,596 [INFO] httpx: HTTP Request: GET https://data.binance.vision/data/futures/um/daily/metrics/BTCUSDT/BTCUSDT-metrics-2023-12-19.zip.CHECKSUM "HTTP/1.1 200 OK"
2026-09-27 22:27:53,378 [INFO] httpx: HTTP Request: GET https://data.binance.vision/data/futures/um/daily/metrics/BTCUSDT/BTCUSDT-metrics-2023-12-20.zip "HTTP/1.1 200 OK"
2026-09-27 22:27:53,754 [INFO] httpx: HTTP Request: GET https://data.binance.vision/data/futures/um/daily/metrics/BTCUSDT/BTCUSDT-metrics-2023-12-20.zip.CHECKSUM "HTTP/1.1 200 OK"
2026-09-27 22:27:54,537 [INFO] httpx: HTTP Request: GET https://data.binance.vision/data/futures/um/daily/metrics/BTCUSDT/BTCUSDT-metrics-2023-12-21.zip "HTTP/1.1 200 OK"
2026-09-27 22:27:54,817 [INFO] httpx: HTTP Request: GET https://data.binance.vision/data/futures/um/daily/metrics/BTCUSDT/BTCUSDT-metrics-2023-12-21.zip.CHECKSUM "HTTP/1.1 200 OK"
2026-09-27 22:27:55,598 [INFO] httpx: HTTP Request: GET https://data.binance.vision/data/futures/um/daily/metrics/BTCUSDT/BTCUSDT-metrics-2023-12-22.zip "HTTP/1.1 200 OK"
2026-09-27 22:27:56,382 [INFO] httpx: HTTP Request: GET https://data.binance.vision/data/futures/um/daily/metrics/BTCUSDT/BTCUSDT-metrics-2023-12-22.zip.CHECKSUM "HTTP/1.1 200 OK"
2026-09-27 22:27:57,152 [INFO] httpx: HTTP Request: GET https://data.binance.vision/data/futures/um/daily/metrics/BTCUSDT/BTCUSDT-metrics-2023-12-23.zip "HTTP/1.1 200 OK"
2026-09-27 22:27:57,908 [INFO] httpx: HTTP Request: GET https://data.binance.vision/data/futures/um/daily/metrics/BTCUSDT/BTCUSDT-metrics-2023-12-23.zip.CHECKSUM "HTTP/1.1 200 OK"
2026-09-27 22:27:58,698 [INFO] httpx: HTTP Request: GET https://data.binance.vision/data/futures/um/daily/metrics/BTCUSDT/BTCUSDT-metrics-2023-12-24.zip "HTTP/1.1 200 OK"
2026-09-27 22:27:59,470 [INFO] httpx: HTTP Request: GET https://data.binance.vision/data/futures/um/daily/metrics/BTCUSDT/BTCUSDT-metrics-2023-12-24.zip.CHECKSUM "HTTP/1.1 200 OK"
2026-09-27 22:28:00,261 [INFO] httpx: HTTP Request: GET https://data.binance.vision/data/futures/um/daily/metrics/BTCUSDT/BTCUSDT-metrics-2023-12-25.zip "HTTP/1.1 200 OK"
2026-09-27 22:28:01,047 [INFO] httpx: HTTP Request: GET https://data.binance.vision/data/futures/um/daily/metrics/BTCUSDT/BTCUSDT-metrics-2023-12-25.zip.CHECKSUM "HTTP/1.1 200 OK"
2026-09-27 22:28:01,830 [INFO] httpx: HTTP Request: GET https://data.binance.vision/data/futures/um/daily/metrics/BTCUSDT/BTCUSDT-metrics-2023-12-26.zip "HTTP/1.1 200 OK"
2026-09-27 22:28:02,602 [INFO] httpx: HTTP Request: GET https://data.binance.vision/data/futures/um/daily/metrics/BTCUSDT/BTCUSDT-metrics-2023-12-26.zip.CHECKSUM "HTTP/1.1 200 OK"
2026-09-27 22:28:03,388 [INFO] httpx: HTTP Request: GET https://data.binance.vision/data/futures/um/daily/metrics/BTCUSDT/BTCUSDT-metrics-2023-12-27.zip "HTTP/1.1 200 OK"
2026-09-27 22:28:03,664 [INFO] httpx: HTTP Request: GET https://data.binance.vision/data/futures/um/daily/metrics/BTCUSDT/BTCUSDT-metrics-2023-12-27.zip.CHECKSUM "HTTP/1.1 200 OK"
2026-09-27 22:28:04,428 [INFO] httpx: HTTP Request: GET https://data.binance.vision/data/futures/um/daily/metrics/BTCUSDT/BTCUSDT-metrics-2023-12-28.zip "HTTP/1.1 200 OK"
2026-09-27 22:28:05,203 [INFO] httpx: HTTP Request: GET https://data.binance.vision/data/futures/um/daily/metrics/BTCUSDT/BTCUSDT-metrics-2023-12-28.zip.CHECKSUM "HTTP/1.1 200 OK"
2026-09-27 22:28:05,980 [INFO] httpx: HTTP Request: GET https://data.binance.vision/data/futures/um/daily/metrics/BTCUSDT/BTCUSDT-metrics-2023-12-29.zip "HTTP/1.1 200 OK"
2026-09-27 22:28:06,760 [INFO] httpx: HTTP Request: GET https://data.binance.vision/data/futures/um/daily/metrics/BTCUSDT/BTCUSDT-metrics-2023-12-29.zip.CHECKSUM "HTTP/1.1 200 OK"
2026-09-27 22:28:07,543 [INFO] httpx: HTTP Request: GET https://data.binance.vision/data/futures/um/daily/metrics/BTCUSDT/BTCUSDT-metrics-2023-12-30.zip "HTTP/1.1 200 OK"
2026-09-27 22:28:08,315 [INFO] httpx: HTTP Request: GET https://data.binance.vision/data/futures/um/daily/metrics/BTCUSDT/BTCUSDT-metrics-2023-12-30.zip.CHECKSUM "HTTP/1.1 200 OK"
2026-09-27 22:28:09,098 [INFO] httpx: HTTP Request: GET https://data.binance.vision/data/futures/um/daily/metrics/BTCUSDT/BTCUSDT-metrics-2023-12-31.zip "HTTP/1.1 200 OK"
2026-09-27 22:28:09,869 [INFO] httpx: HTTP Request: GET https://data.binance.vision/data/futures/um/daily/metrics/BTCUSDT/BTCUSDT-metrics-2023-12-31.zip.CHECKSUM "HTTP/1.1 200 OK"
2026-09-27 22:28:10,669 [INFO] httpx: HTTP Request: GET https://data.binance.vision/data/futures/um/daily/metrics/BTCUSDT/BTCUSDT-metrics-2024-01-01.zip "HTTP/1.1 200 OK"
2026-09-27 22:28:10,949 [INFO] httpx: HTTP Request: GET https://data.binance.vision/data/futures/um/daily/metrics/BTCUSDT/BTCUSDT-metrics-2024-01-01.zip.CHECKSUM "HTTP/1.1 200 OK"
2026-09-27 22:28:11,733 [INFO] httpx: HTTP Request: GET https://data.binance.vision/data/futures/um/daily/metrics/BTCUSDT/BTCUSDT-metrics-2024-01-02.zip "HTTP/1.1 200 OK"
2026-09-27 22:28:12,497 [INFO] httpx: HTTP Request: GET https://data.binance.vision/data/futures/um/daily/metrics/BTCUSDT/BTCUSDT-metrics-2024-01-02.zip.CHECKSUM "HTTP/1.1 200 OK"
2026-09-27 22:28:13,273 [INFO] httpx: HTTP Request: GET https://data.binance.vision/data/futures/um/daily/metrics/BTCUSDT/BTCUSDT-metrics-2024-01-03.zip "HTTP/1.1 200 OK"
2026-09-27 22:28:14,032 [INFO] httpx: HTTP Request: GET https://data.binance.vision/data/futures/um/daily/metrics/BTCUSDT/BTCUSDT-metrics-2024-01-03.zip.CHECKSUM "HTTP/1.1 200 OK"
2026-09-27 22:28:14,795 [INFO] httpx: HTTP Request: GET https://data.binance.vision/data/futures/um/daily/metrics/BTCUSDT/BTCUSDT-metrics-2024-01-04.zip "HTTP/1.1 200 OK"
2026-09-27 22:28:15,569 [INFO] httpx: HTTP Request: GET https://data.binance.vision/data/futures/um/daily/metrics/BTCUSDT/BTCUSDT-metrics-2024-01-04.zip.CHECKSUM "HTTP/1.1 200 OK"
2026-09-27 22:28:16,412 [INFO] httpx: HTTP Request: GET https://data.binance.vision/data/futures/um/daily/metrics/BTCUSDT/BTCUSDT-metrics-2024-01-05.zip "HTTP/1.1 200 OK"
2026-09-27 22:28:16,697 [INFO] httpx: HTTP Request: GET https://data.binance.vision/data/futures/um/daily/metrics/BTCUSDT/BTCUSDT-metrics-2024-01-05.zip.CHECKSUM "HTTP/1.1 200 OK"
2026-09-27 22:28:20,008 [INFO] httpx: HTTP Request: GET https://data.binance.vision/data/futures/um/daily/metrics/BTCUSDT/BTCUSDT-metrics-2024-01-06.zip "HTTP/1.1 200 OK"
2026-09-27 22:28:20,777 [INFO] httpx: HTTP Request: GET https://data.binance.vision/data/futures/um/daily/metrics/BTCUSDT/BTCUSDT-metrics-2024-01-06.zip.CHECKSUM "HTTP/1.1 200 OK"
2026-09-27 22:28:21,629 [INFO] httpx: HTTP Request: GET https://data.binance.vision/data/futures/um/daily/metrics/BTCUSDT/BTCUSDT-metrics-2024-01-07.zip "HTTP/1.1 200 OK"
2026-09-27 22:28:22,410 [INFO] httpx: HTTP Request: GET https://data.binance.vision/data/futures/um/daily/metrics/BTCUSDT/BTCUSDT-metrics-2024-01-07.zip.CHECKSUM "HTTP/1.1 200 OK"
2026-09-27 22:28:23,209 [INFO] httpx: HTTP Request: GET https://data.binance.vision/data/futures/um/daily/metrics/BTCUSDT/BTCUSDT-metrics-2024-01-08.zip "HTTP/1.1 200 OK"
2026-09-27 22:28:23,967 [INFO] httpx: HTTP Request: GET https://data.binance.vision/data/futures/um/daily/metrics/BTCUSDT/BTCUSDT-metrics-2024-01-08.zip.CHECKSUM "HTTP/1.1 200 OK"
2026-09-27 22:28:24,262 [INFO] httpx: HTTP Request: GET https://data.binance.vision/data/futures/um/daily/metrics/BTCUSDT/BTCUSDT-metrics-2024-01-09.zip "HTTP/1.1 200 OK"
2026-09-27 22:28:24,540 [INFO] httpx: HTTP Request: GET https://data.binance.vision/data/futures/um/daily/metrics/BTCUSDT/BTCUSDT-metrics-2024-01-09.zip.CHECKSUM "HTTP/1.1 200 OK"
2026-09-27 22:28:25,335 [INFO] httpx: HTTP Request: GET https://data.binance.vision/data/futures/um/daily/metrics/BTCUSDT/BTCUSDT-metrics-2024-01-10.zip "HTTP/1.1 200 OK"
2026-09-27 22:28:26,022 [INFO] httpx: HTTP Request: GET https://data.binance.vision/data/futures/um/daily/metrics/BTCUSDT/BTCUSDT-metrics-2024-01-10.zip.CHECKSUM "HTTP/1.1 200 OK"
2026-09-27 22:28:26,823 [INFO] httpx: HTTP Request: GET https://data.binance.vision/data/futures/um/daily/metrics/BTCUSDT/BTCUSDT-metrics-2024-01-11.zip "HTTP/1.1 200 OK"
2026-09-27 22:28:27,589 [INFO] httpx: HTTP Request: GET https://data.binance.vision/data/futures/um/daily/metrics/BTCUSDT/BTCUSDT-metrics-2024-01-11.zip.CHECKSUM "HTTP/1.1 200 OK"
2026-09-27 22:28:28,377 [INFO] httpx: HTTP Request: GET https://data.binance.vision/data/futures/um/daily/metrics/BTCUSDT/BTCUSDT-metrics-2024-01-12.zip "HTTP/1.1 200 OK"
2026-09-27 22:28:29,166 [INFO] httpx: HTTP Request: GET https://data.binance.vision/data/futures/um/daily/metrics/BTCUSDT/BTCUSDT-metrics-2024-01-12.zip.CHECKSUM "HTTP/1.1 200 OK"
2026-09-27 22:28:29,953 [INFO] httpx: HTTP Request: GET https://data.binance.vision/data/futures/um/daily/metrics/BTCUSDT/BTCUSDT-metrics-2024-01-13.zip "HTTP/1.1 200 OK"
2026-09-27 22:28:30,721 [INFO] httpx: HTTP Request: GET https://data.binance.vision/data/futures/um/daily/metrics/BTCUSDT/BTCUSDT-metrics-2024-01-13.zip.CHECKSUM "HTTP/1.1 200 OK"
2026-09-27 22:28:31,493 [INFO] httpx: HTTP Request: GET https://data.binance.vision/data/futures/um/daily/metrics/BTCUSDT/BTCUSDT-metrics-2024-01-14.zip "HTTP/1.1 200 OK"
2026-09-27 22:28:32,285 [INFO] httpx: HTTP Request: GET https://data.binance.vision/data/futures/um/daily/metrics/BTCUSDT/BTCUSDT-metrics-2024-01-14.zip.CHECKSUM "HTTP/1.1 200 OK"
2026-09-27 22:28:33,087 [INFO] httpx: HTTP Request: GET https://data.binance.vision/data/futures/um/daily/metrics/BTCUSDT/BTCUSDT-metrics-2024-01-15.zip "HTTP/1.1 200 OK"
2026-09-27 22:28:33,740 [INFO] httpx: HTTP Request: GET https://data.binance.vision/data/futures/um/daily/metrics/BTCUSDT/BTCUSDT-metrics-2024-01-15.zip.CHECKSUM "HTTP/1.1 200 OK"
2026-09-27 22:28:34,532 [INFO] httpx: HTTP Request: GET https://data.binance.vision/data/futures/um/daily/metrics/BTCUSDT/BTCUSDT-metrics-2024-01-16.zip "HTTP/1.1 200 OK"
2026-09-27 22:28:35,296 [INFO] httpx: HTTP Request: GET https://data.binance.vision/data/futures/um/daily/metrics/BTCUSDT/BTCUSDT-metrics-2024-01-16.zip.CHECKSUM "HTTP/1.1 200 OK"
2026-09-27 22:28:35,597 [INFO] httpx: HTTP Request: GET https://data.binance.vision/data/futures/um/daily/metrics/BTCUSDT/BTCUSDT-metrics-2024-01-17.zip "HTTP/1.1 200 OK"
2026-09-27 22:28:36,368 [INFO] httpx: HTTP Request: GET https://data.binance.vision/data/futures/um/daily/metrics/BTCUSDT/BTCUSDT-metrics-2024-01-17.zip.CHECKSUM "HTTP/1.1 200 OK"
2026-09-27 22:28:37,163 [INFO] httpx: HTTP Request: GET https://data.binance.vision/data/futures/um/daily/metrics/BTCUSDT/BTCUSDT-metrics-2024-01-18.zip "HTTP/1.1 200 OK"
2026-09-27 22:28:37,937 [INFO] httpx: HTTP Request: GET https://data.binance.vision/data/futures/um/daily/metrics/BTCUSDT/BTCUSDT-metrics-2024-01-18.zip.CHECKSUM "HTTP/1.1 200 OK"
2026-09-27 22:28:38,719 [INFO] httpx: HTTP Request: GET https://data.binance.vision/data/futures/um/daily/metrics/BTCUSDT/BTCUSDT-metrics-2024-01-19.zip "HTTP/1.1 200 OK"
2026-09-27 22:28:39,479 [INFO] httpx: HTTP Request: GET https://data.binance.vision/data/futures/um/daily/metrics/BTCUSDT/BTCUSDT-metrics-2024-01-19.zip.CHECKSUM "HTTP/1.1 200 OK"
2026-09-27 22:28:39,774 [INFO] httpx: HTTP Request: GET https://data.binance.vision/data/futures/um/daily/metrics/BTCUSDT/BTCUSDT-metrics-2024-01-20.zip "HTTP/1.1 200 OK"
2026-09-27 22:28:40,541 [INFO] httpx: HTTP Request: GET https://data.binance.vision/data/futures/um/daily/metrics/BTCUSDT/BTCUSDT-metrics-2024-01-20.zip.CHECKSUM "HTTP/1.1 200 OK"
2026-09-27 22:28:41,330 [INFO] httpx: HTTP Request: GET https://data.binance.vision/data/futures/um/daily/metrics/BTCUSDT/BTCUSDT-metrics-2024-01-21.zip "HTTP/1.1 200 OK"
2026-09-27 22:28:42,111 [INFO] httpx: HTTP Request: GET https://data.binance.vision/data/futures/um/daily/metrics/BTCUSDT/BTCUSDT-metrics-2024-01-21.zip.CHECKSUM "HTTP/1.1 200 OK"
2026-09-27 22:28:42,400 [INFO] httpx: HTTP Request: GET https://data.binance.vision/data/futures/um/daily/metrics/BTCUSDT/BTCUSDT-metrics-2024-01-22.zip "HTTP/1.1 200 OK"
2026-09-27 22:28:43,172 [INFO] httpx: HTTP Request: GET https://data.binance.vision/data/futures/um/daily/metrics/BTCUSDT/BTCUSDT-metrics-2024-01-22.zip.CHECKSUM "HTTP/1.1 200 OK"
2026-09-27 22:28:43,970 [INFO] httpx: HTTP Request: GET https://data.binance.vision/data/futures/um/daily/metrics/BTCUSDT/BTCUSDT-metrics-2024-01-23.zip "HTTP/1.1 200 OK"
2026-09-27 22:28:44,252 [INFO] httpx: HTTP Request: GET https://data.binance.vision/data/futures/um/daily/metrics/BTCUSDT/BTCUSDT-metrics-2024-01-23.zip.CHECKSUM "HTTP/1.1 200 OK"
2026-09-27 22:28:45,036 [INFO] httpx: HTTP Request: GET https://data.binance.vision/data/futures/um/daily/metrics/BTCUSDT/BTCUSDT-metrics-2024-01-24.zip "HTTP/1.1 200 OK"
2026-09-27 22:28:45,313 [INFO] httpx: HTTP Request: GET https://data.binance.vision/data/futures/um/daily/metrics/BTCUSDT/BTCUSDT-metrics-2024-01-24.zip.CHECKSUM "HTTP/1.1 200 OK"
2026-09-27 22:28:45,609 [INFO] httpx: HTTP Request: GET https://data.binance.vision/data/futures/um/daily/metrics/BTCUSDT/BTCUSDT-metrics-2024-01-25.zip "HTTP/1.1 200 OK"
2026-09-27 22:28:46,377 [INFO] httpx: HTTP Request: GET https://data.binance.vision/data/futures/um/daily/metrics/BTCUSDT/BTCUSDT-metrics-2024-01-25.zip.CHECKSUM "HTTP/1.1 200 OK"
2026-09-27 22:28:47,156 [INFO] httpx: HTTP Request: GET https://data.binance.vision/data/futures/um/daily/metrics/BTCUSDT/BTCUSDT-metrics-2024-01-26.zip "HTTP/1.1 200 OK"
2026-09-27 22:28:47,924 [INFO] httpx: HTTP Request: GET https://data.binance.vision/data/futures/um/daily/metrics/BTCUSDT/BTCUSDT-metrics-2024-01-26.zip.CHECKSUM "HTTP/1.1 200 OK"
2026-09-27 22:28:48,708 [INFO] httpx: HTTP Request: GET https://data.binance.vision/data/futures/um/daily/metrics/BTCUSDT/BTCUSDT-metrics-2024-01-27.zip "HTTP/1.1 200 OK"
2026-09-27 22:28:49,486 [INFO] httpx: HTTP Request: GET https://data.binance.vision/data/futures/um/daily/metrics/BTCUSDT/BTCUSDT-metrics-2024-01-27.zip.CHECKSUM "HTTP/1.1 200 OK"
2026-09-27 22:28:49,783 [INFO] httpx: HTTP Request: GET https://data.binance.vision/data/futures/um/daily/metrics/BTCUSDT/BTCUSDT-metrics-2024-01-28.zip "HTTP/1.1 200 OK"
2026-09-27 22:28:50,556 [INFO] httpx: HTTP Request: GET https://data.binance.vision/data/futures/um/daily/metrics/BTCUSDT/BTCUSDT-metrics-2024-01-28.zip.CHECKSUM "HTTP/1.1 200 OK"
2026-09-27 22:28:51,335 [INFO] httpx: HTTP Request: GET https://data.binance.vision/data/futures/um/daily/metrics/BTCUSDT/BTCUSDT-metrics-2024-01-29.zip "HTTP/1.1 200 OK"
2026-09-27 22:28:51,620 [INFO] httpx: HTTP Request: GET https://data.binance.vision/data/futures/um/daily/metrics/BTCUSDT/BTCUSDT-metrics-2024-01-29.zip.CHECKSUM "HTTP/1.1 200 OK"
2026-09-27 22:28:54,120 [INFO] httpx: HTTP Request: GET https://data.binance.vision/data/futures/um/daily/metrics/BTCUSDT/BTCUSDT-metrics-2024-01-30.zip "HTTP/1.1 200 OK"
2026-09-27 22:28:54,888 [INFO] httpx: HTTP Request: GET https://data.binance.vision/data/futures/um/daily/metrics/BTCUSDT/BTCUSDT-metrics-2024-01-30.zip.CHECKSUM "HTTP/1.1 200 OK"
2026-09-27 22:28:55,684 [INFO] httpx: HTTP Request: GET https://data.binance.vision/data/futures/um/daily/metrics/BTCUSDT/BTCUSDT-metrics-2024-01-31.zip "HTTP/1.1 200 OK"
2026-09-27 22:28:55,980 [INFO] httpx: HTTP Request: GET https://data.binance.vision/data/futures/um/daily/metrics/BTCUSDT/BTCUSDT-metrics-2024-01-31.zip.CHECKSUM "HTTP/1.1 200 OK"
2026-09-27 22:28:56,759 [INFO] httpx: HTTP Request: GET https://data.binance.vision/data/futures/um/daily/metrics/BTCUSDT/BTCUSDT-metrics-2024-02-01.zip "HTTP/1.1 200 OK"
2026-09-27 22:28:57,532 [INFO] httpx: HTTP Request: GET https://data.binance.vision/data/futures/um/daily/metrics/BTCUSDT/BTCUSDT-metrics-2024-02-01.zip.CHECKSUM "HTTP/1.1 200 OK"
2026-09-27 22:28:58,312 [INFO] httpx: HTTP Request: GET https://data.binance.vision/data/futures/um/daily/metrics/BTCUSDT/BTCUSDT-metrics-2024-02-02.zip "HTTP/1.1 200 OK"
2026-09-27 22:28:59,076 [INFO] httpx: HTTP Request: GET https://data.binance.vision/data/futures/um/daily/metrics/BTCUSDT/BTCUSDT-metrics-2024-02-02.zip.CHECKSUM "HTTP/1.1 200 OK"
2026-09-27 22:28:59,373 [INFO] httpx: HTTP Request: GET https://data.binance.vision/data/futures/um/daily/metrics/BTCUSDT/BTCUSDT-metrics-2024-02-03.zip "HTTP/1.1 200 OK"
2026-09-27 22:28:59,671 [INFO] httpx: HTTP Request: GET https://data.binance.vision/data/futures/um/daily/metrics/BTCUSDT/BTCUSDT-metrics-2024-02-03.zip.CHECKSUM "HTTP/1.1 200 OK"
2026-09-27 22:29:00,454 [INFO] httpx: HTTP Request: GET https://data.binance.vision/data/futures/um/daily/metrics/BTCUSDT/BTCUSDT-metrics-2024-02-04.zip "HTTP/1.1 200 OK"
2026-09-27 22:29:01,226 [INFO] httpx: HTTP Request: GET https://data.binance.vision/data/futures/um/daily/metrics/BTCUSDT/BTCUSDT-metrics-2024-02-04.zip.CHECKSUM "HTTP/1.1 200 OK"
2026-09-27 22:29:02,001 [INFO] httpx: HTTP Request: GET https://data.binance.vision/data/futures/um/daily/metrics/BTCUSDT/BTCUSDT-metrics-2024-02-05.zip "HTTP/1.1 200 OK"
2026-09-27 22:29:02,773 [INFO] httpx: HTTP Request: GET https://data.binance.vision/data/futures/um/daily/metrics/BTCUSDT/BTCUSDT-metrics-2024-02-05.zip.CHECKSUM "HTTP/1.1 200 OK"
2026-09-27 22:29:03,546 [INFO] httpx: HTTP Request: GET https://data.binance.vision/data/futures/um/daily/metrics/BTCUSDT/BTCUSDT-metrics-2024-02-06.zip "HTTP/1.1 200 OK"
2026-09-27 22:29:03,822 [INFO] httpx: HTTP Request: GET https://data.binance.vision/data/futures/um/daily/metrics/BTCUSDT/BTCUSDT-metrics-2024-02-06.zip.CHECKSUM "HTTP/1.1 200 OK"
2026-09-27 22:29:04,406 [INFO] httpx: HTTP Request: GET https://data.binance.vision/data/futures/um/daily/metrics/BTCUSDT/BTCUSDT-metrics-2024-02-07.zip "HTTP/1.1 200 OK"
2026-09-27 22:29:05,175 [INFO] httpx: HTTP Request: GET https://data.binance.vision/data/futures/um/daily/metrics/BTCUSDT/BTCUSDT-metrics-2024-02-07.zip.CHECKSUM "HTTP/1.1 200 OK"
2026-09-27 22:29:05,963 [INFO] httpx: HTTP Request: GET https://data.binance.vision/data/futures/um/daily/metrics/BTCUSDT/BTCUSDT-metrics-2024-02-08.zip "HTTP/1.1 200 OK"
2026-09-27 22:29:06,725 [INFO] httpx: HTTP Request: GET https://data.binance.vision/data/futures/um/daily/metrics/BTCUSDT/BTCUSDT-metrics-2024-02-08.zip.CHECKSUM "HTTP/1.1 200 OK"
2026-09-27 22:29:07,498 [INFO] httpx: HTTP Request: GET https://data.binance.vision/data/futures/um/daily/metrics/BTCUSDT/BTCUSDT-metrics-2024-02-09.zip "HTTP/1.1 200 OK"
2026-09-27 22:29:08,146 [INFO] httpx: HTTP Request: GET https://data.binance.vision/data/futures/um/daily/metrics/BTCUSDT/BTCUSDT-metrics-2024-02-09.zip.CHECKSUM "HTTP/1.1 200 OK"
2026-09-27 22:29:08,933 [INFO] httpx: HTTP Request: GET https://data.binance.vision/data/futures/um/daily/metrics/BTCUSDT/BTCUSDT-metrics-2024-02-10.zip "HTTP/1.1 200 OK"
2026-09-27 22:29:09,212 [INFO] httpx: HTTP Request: GET https://data.binance.vision/data/futures/um/daily/metrics/BTCUSDT/BTCUSDT-metrics-2024-02-10.zip.CHECKSUM "HTTP/1.1 200 OK"
2026-09-27 22:29:09,509 [INFO] httpx: HTTP Request: GET https://data.binance.vision/data/futures/um/daily/metrics/BTCUSDT/BTCUSDT-metrics-2024-02-11.zip "HTTP/1.1 200 OK"
2026-09-27 22:29:09,787 [INFO] httpx: HTTP Request: GET https://data.binance.vision/data/futures/um/daily/metrics/BTCUSDT/BTCUSDT-metrics-2024-02-11.zip.CHECKSUM "HTTP/1.1 200 OK"
2026-09-27 22:29:10,088 [INFO] httpx: HTTP Request: GET https://data.binance.vision/data/futures/um/daily/metrics/BTCUSDT/BTCUSDT-metrics-2024-02-12.zip "HTTP/1.1 200 OK"
2026-09-27 22:29:10,846 [INFO] httpx: HTTP Request: GET https://data.binance.vision/data/futures/um/daily/metrics/BTCUSDT/BTCUSDT-metrics-2024-02-12.zip.CHECKSUM "HTTP/1.1 200 OK"
2026-09-27 22:29:11,627 [INFO] httpx: HTTP Request: GET https://data.binance.vision/data/futures/um/daily/metrics/BTCUSDT/BTCUSDT-metrics-2024-02-13.zip "HTTP/1.1 200 OK"
2026-09-27 22:29:12,393 [INFO] httpx: HTTP Request: GET https://data.binance.vision/data/futures/um/daily/metrics/BTCUSDT/BTCUSDT-metrics-2024-02-13.zip.CHECKSUM "HTTP/1.1 200 OK"
2026-09-27 22:29:13,177 [INFO] httpx: HTTP Request: GET https://data.binance.vision/data/futures/um/daily/metrics/BTCUSDT/BTCUSDT-metrics-2024-02-14.zip "HTTP/1.1 200 OK"
2026-09-27 22:29:13,466 [INFO] httpx: HTTP Request: GET https://data.binance.vision/data/futures/um/daily/metrics/BTCUSDT/BTCUSDT-metrics-2024-02-14.zip.CHECKSUM "HTTP/1.1 200 OK"
2026-09-27 22:29:14,288 [INFO] httpx: HTTP Request: GET https://data.binance.vision/data/futures/um/daily/metrics/BTCUSDT/BTCUSDT-metrics-2024-02-15.zip "HTTP/1.1 200 OK"
2026-09-27 22:29:15,056 [INFO] httpx: HTTP Request: GET https://data.binance.vision/data/futures/um/daily/metrics/BTCUSDT/BTCUSDT-metrics-2024-02-15.zip.CHECKSUM "HTTP/1.1 200 OK"
2026-09-27 22:29:15,831 [INFO] httpx: HTTP Request: GET https://data.binance.vision/data/futures/um/daily/metrics/BTCUSDT/BTCUSDT-metrics-2024-02-16.zip "HTTP/1.1 200 OK"
2026-09-27 22:29:16,591 [INFO] httpx: HTTP Request: GET https://data.binance.vision/data/futures/um/daily/metrics/BTCUSDT/BTCUSDT-metrics-2024-02-16.zip.CHECKSUM "HTTP/1.1 200 OK"
2026-09-27 22:29:17,368 [INFO] httpx: HTTP Request: GET https://data.binance.vision/data/futures/um/daily/metrics/BTCUSDT/BTCUSDT-metrics-2024-02-17.zip "HTTP/1.1 200 OK"
2026-09-27 22:29:17,651 [INFO] httpx: HTTP Request: GET https://data.binance.vision/data/futures/um/daily/metrics/BTCUSDT/BTCUSDT-metrics-2024-02-17.zip.CHECKSUM "HTTP/1.1 200 OK"
2026-09-27 22:29:18,426 [INFO] httpx: HTTP Request: GET https://data.binance.vision/data/futures/um/daily/metrics/BTCUSDT/BTCUSDT-metrics-2024-02-18.zip "HTTP/1.1 200 OK"
2026-09-27 22:29:19,188 [INFO] httpx: HTTP Request: GET https://data.binance.vision/data/futures/um/daily/metrics/BTCUSDT/BTCUSDT-metrics-2024-02-18.zip.CHECKSUM "HTTP/1.1 200 OK"
2026-09-27 22:29:19,976 [INFO] httpx: HTTP Request: GET https://data.binance.vision/data/futures/um/daily/metrics/BTCUSDT/BTCUSDT-metrics-2024-02-19.zip "HTTP/1.1 200 OK"
2026-09-27 22:29:20,253 [INFO] httpx: HTTP Request: GET https://data.binance.vision/data/futures/um/daily/metrics/BTCUSDT/BTCUSDT-metrics-2024-02-19.zip.CHECKSUM "HTTP/1.1 200 OK"
2026-09-27 22:29:21,041 [INFO] httpx: HTTP Request: GET https://data.binance.vision/data/futures/um/daily/metrics/BTCUSDT/BTCUSDT-metrics-2024-02-20.zip "HTTP/1.1 200 OK"
2026-09-27 22:29:21,840 [INFO] httpx: HTTP Request: GET https://data.binance.vision/data/futures/um/daily/metrics/BTCUSDT/BTCUSDT-metrics-2024-02-20.zip.CHECKSUM "HTTP/1.1 200 OK"
2026-09-27 22:29:22,619 [INFO] httpx: HTTP Request: GET https://data.binance.vision/data/futures/um/daily/metrics/BTCUSDT/BTCUSDT-metrics-2024-02-21.zip "HTTP/1.1 200 OK"
2026-09-27 22:29:23,167 [INFO] httpx: HTTP Request: GET https://data.binance.vision/data/futures/um/daily/metrics/BTCUSDT/BTCUSDT-metrics-2024-02-21.zip.CHECKSUM "HTTP/1.1 200 OK"
2026-09-27 22:29:23,470 [INFO] httpx: HTTP Request: GET https://data.binance.vision/data/futures/um/daily/metrics/BTCUSDT/BTCUSDT-metrics-2024-02-22.zip "HTTP/1.1 200 OK"
2026-09-27 22:29:24,233 [INFO] httpx: HTTP Request: GET https://data.binance.vision/data/futures/um/daily/metrics/BTCUSDT/BTCUSDT-metrics-2024-02-22.zip.CHECKSUM "HTTP/1.1 200 OK"
2026-09-27 22:29:24,526 [INFO] httpx: HTTP Request: GET https://data.binance.vision/data/futures/um/daily/metrics/BTCUSDT/BTCUSDT-metrics-2024-02-23.zip "HTTP/1.1 200 OK"
2026-09-27 22:29:25,293 [INFO] httpx: HTTP Request: GET https://data.binance.vision/data/futures/um/daily/metrics/BTCUSDT/BTCUSDT-metrics-2024-02-23.zip.CHECKSUM "HTTP/1.1 200 OK"
2026-09-27 22:29:27,823 [INFO] httpx: HTTP Request: GET https://data.binance.vision/data/futures/um/daily/metrics/BTCUSDT/BTCUSDT-metrics-2024-02-24.zip "HTTP/1.1 200 OK"
2026-09-27 22:29:28,592 [INFO] httpx: HTTP Request: GET https://data.binance.vision/data/futures/um/daily/metrics/BTCUSDT/BTCUSDT-metrics-2024-02-24.zip.CHECKSUM "HTTP/1.1 200 OK"
2026-09-27 22:29:29,379 [INFO] httpx: HTTP Request: GET https://data.binance.vision/data/futures/um/daily/metrics/BTCUSDT/BTCUSDT-metrics-2024-02-25.zip "HTTP/1.1 200 OK"
2026-09-27 22:29:30,140 [INFO] httpx: HTTP Request: GET https://data.binance.vision/data/futures/um/daily/metrics/BTCUSDT/BTCUSDT-metrics-2024-02-25.zip.CHECKSUM "HTTP/1.1 200 OK"
2026-09-27 22:29:30,916 [INFO] httpx: HTTP Request: GET https://data.binance.vision/data/futures/um/daily/metrics/BTCUSDT/BTCUSDT-metrics-2024-02-26.zip "HTTP/1.1 200 OK"
2026-09-27 22:29:31,204 [INFO] httpx: HTTP Request: GET https://data.binance.vision/data/futures/um/daily/metrics/BTCUSDT/BTCUSDT-metrics-2024-02-26.zip.CHECKSUM "HTTP/1.1 200 OK"
2026-09-27 22:29:31,504 [INFO] httpx: HTTP Request: GET https://data.binance.vision/data/futures/um/daily/metrics/BTCUSDT/BTCUSDT-metrics-2024-02-27.zip "HTTP/1.1 200 OK"
2026-09-27 22:29:31,879 [INFO] httpx: HTTP Request: GET https://data.binance.vision/data/futures/um/daily/metrics/BTCUSDT/BTCUSDT-metrics-2024-02-27.zip.CHECKSUM "HTTP/1.1 200 OK"
2026-09-27 22:29:32,674 [INFO] httpx: HTTP Request: GET https://data.binance.vision/data/futures/um/daily/metrics/BTCUSDT/BTCUSDT-metrics-2024-02-28.zip "HTTP/1.1 200 OK"
2026-09-27 22:29:33,440 [INFO] httpx: HTTP Request: GET https://data.binance.vision/data/futures/um/daily/metrics/BTCUSDT/BTCUSDT-metrics-2024-02-28.zip.CHECKSUM "HTTP/1.1 200 OK"
2026-09-27 22:29:34,226 [INFO] httpx: HTTP Request: GET https://data.binance.vision/data/futures/um/daily/metrics/BTCUSDT/BTCUSDT-metrics-2024-02-29.zip "HTTP/1.1 200 OK"
2026-09-27 22:29:34,866 [INFO] httpx: HTTP Request: GET https://data.binance.vision/data/futures/um/daily/metrics/BTCUSDT/BTCUSDT-metrics-2024-02-29.zip.CHECKSUM "HTTP/1.1 200 OK"
2026-09-27 22:29:35,683 [INFO] httpx: HTTP Request: GET https://data.binance.vision/data/futures/um/daily/metrics/BTCUSDT/BTCUSDT-metrics-2024-03-01.zip "HTTP/1.1 200 OK"
2026-09-27 22:29:36,449 [INFO] httpx: HTTP Request: GET https://data.binance.vision/data/futures/um/daily/metrics/BTCUSDT/BTCUSDT-metrics-2024-03-01.zip.CHECKSUM "HTTP/1.1 200 OK"
2026-09-27 22:29:37,234 [INFO] httpx: HTTP Request: GET https://data.binance.vision/data/futures/um/daily/metrics/BTCUSDT/BTCUSDT-metrics-2024-03-02.zip "HTTP/1.1 200 OK"
2026-09-27 22:29:37,993 [INFO] httpx: HTTP Request: GET https://data.binance.vision/data/futures/um/daily/metrics/BTCUSDT/BTCUSDT-metrics-2024-03-02.zip.CHECKSUM "HTTP/1.1 200 OK"
2026-09-27 22:29:38,770 [INFO] httpx: HTTP Request: GET https://data.binance.vision/data/futures/um/daily/metrics/BTCUSDT/BTCUSDT-metrics-2024-03-03.zip "HTTP/1.1 200 OK"
2026-09-27 22:29:39,558 [INFO] httpx: HTTP Request: GET https://data.binance.vision/data/futures/um/daily/metrics/BTCUSDT/BTCUSDT-metrics-2024-03-03.zip.CHECKSUM "HTTP/1.1 200 OK"
2026-09-27 22:29:40,351 [INFO] httpx: HTTP Request: GET https://data.binance.vision/data/futures/um/daily/metrics/BTCUSDT/BTCUSDT-metrics-2024-03-04.zip "HTTP/1.1 200 OK"
2026-09-27 22:29:41,131 [INFO] httpx: HTTP Request: GET https://data.binance.vision/data/futures/um/daily/metrics/BTCUSDT/BTCUSDT-metrics-2024-03-04.zip.CHECKSUM "HTTP/1.1 200 OK"
2026-09-27 22:29:41,938 [INFO] httpx: HTTP Request: GET https://data.binance.vision/data/futures/um/daily/metrics/BTCUSDT/BTCUSDT-metrics-2024-03-05.zip "HTTP/1.1 200 OK"
2026-09-27 22:29:42,729 [INFO] httpx: HTTP Request: GET https://data.binance.vision/data/futures/um/daily/metrics/BTCUSDT/BTCUSDT-metrics-2024-03-05.zip.CHECKSUM "HTTP/1.1 200 OK"
2026-09-27 22:29:43,521 [INFO] httpx: HTTP Request: GET https://data.binance.vision/data/futures/um/daily/metrics/BTCUSDT/BTCUSDT-metrics-2024-03-06.zip "HTTP/1.1 200 OK"
2026-09-27 22:29:44,312 [INFO] httpx: HTTP Request: GET https://data.binance.vision/data/futures/um/daily/metrics/BTCUSDT/BTCUSDT-metrics-2024-03-06.zip.CHECKSUM "HTTP/1.1 200 OK"
2026-09-27 22:29:45,112 [INFO] httpx: HTTP Request: GET https://data.binance.vision/data/futures/um/daily/metrics/BTCUSDT/BTCUSDT-metrics-2024-03-07.zip "HTTP/1.1 200 OK"
2026-09-27 22:29:45,397 [INFO] httpx: HTTP Request: GET https://data.binance.vision/data/futures/um/daily/metrics/BTCUSDT/BTCUSDT-metrics-2024-03-07.zip.CHECKSUM "HTTP/1.1 200 OK"
2026-09-27 22:29:45,693 [INFO] httpx: HTTP Request: GET https://data.binance.vision/data/futures/um/daily/metrics/BTCUSDT/BTCUSDT-metrics-2024-03-08.zip "HTTP/1.1 200 OK"
2026-09-27 22:29:46,491 [INFO] httpx: HTTP Request: GET https://data.binance.vision/data/futures/um/daily/metrics/BTCUSDT/BTCUSDT-metrics-2024-03-08.zip.CHECKSUM "HTTP/1.1 200 OK"
2026-09-27 22:29:47,264 [INFO] httpx: HTTP Request: GET https://data.binance.vision/data/futures/um/daily/metrics/BTCUSDT/BTCUSDT-metrics-2024-03-09.zip "HTTP/1.1 200 OK"
2026-09-27 22:29:48,027 [INFO] httpx: HTTP Request: GET https://data.binance.vision/data/futures/um/daily/metrics/BTCUSDT/BTCUSDT-metrics-2024-03-09.zip.CHECKSUM "HTTP/1.1 200 OK"
2026-09-27 22:29:48,620 [INFO] httpx: HTTP Request: GET https://data.binance.vision/data/futures/um/daily/metrics/BTCUSDT/BTCUSDT-metrics-2024-03-10.zip "HTTP/1.1 200 OK"
2026-09-27 22:29:49,387 [INFO] httpx: HTTP Request: GET https://data.binance.vision/data/futures/um/daily/metrics/BTCUSDT/BTCUSDT-metrics-2024-03-10.zip.CHECKSUM "HTTP/1.1 200 OK"
2026-09-27 22:29:50,169 [INFO] httpx: HTTP Request: GET https://data.binance.vision/data/futures/um/daily/metrics/BTCUSDT/BTCUSDT-metrics-2024-03-11.zip "HTTP/1.1 200 OK"
2026-09-27 22:29:50,942 [INFO] httpx: HTTP Request: GET https://data.binance.vision/data/futures/um/daily/metrics/BTCUSDT/BTCUSDT-metrics-2024-03-11.zip.CHECKSUM "HTTP/1.1 200 OK"
2026-09-27 22:29:51,707 [INFO] httpx: HTTP Request: GET https://data.binance.vision/data/futures/um/daily/metrics/BTCUSDT/BTCUSDT-metrics-2024-03-12.zip "HTTP/1.1 200 OK"
2026-09-27 22:29:52,480 [INFO] httpx: HTTP Request: GET https://data.binance.vision/data/futures/um/daily/metrics/BTCUSDT/BTCUSDT-metrics-2024-03-12.zip.CHECKSUM "HTTP/1.1 200 OK"
2026-09-27 22:29:53,261 [INFO] httpx: HTTP Request: GET https://data.binance.vision/data/futures/um/daily/metrics/BTCUSDT/BTCUSDT-metrics-2024-03-13.zip "HTTP/1.1 200 OK"
2026-09-27 22:29:53,538 [INFO] httpx: HTTP Request: GET https://data.binance.vision/data/futures/um/daily/metrics/BTCUSDT/BTCUSDT-metrics-2024-03-13.zip.CHECKSUM "HTTP/1.1 200 OK"
2026-09-27 22:29:54,317 [INFO] httpx: HTTP Request: GET https://data.binance.vision/data/futures/um/daily/metrics/BTCUSDT/BTCUSDT-metrics-2024-03-14.zip "HTTP/1.1 200 OK"
2026-09-27 22:29:55,084 [INFO] httpx: HTTP Request: GET https://data.binance.vision/data/futures/um/daily/metrics/BTCUSDT/BTCUSDT-metrics-2024-03-14.zip.CHECKSUM "HTTP/1.1 200 OK"
2026-09-27 22:29:55,873 [INFO] httpx: HTTP Request: GET https://data.binance.vision/data/futures/um/daily/metrics/BTCUSDT/BTCUSDT-metrics-2024-03-15.zip "HTTP/1.1 200 OK"
2026-09-27 22:29:56,638 [INFO] httpx: HTTP Request: GET https://data.binance.vision/data/futures/um/daily/metrics/BTCUSDT/BTCUSDT-metrics-2024-03-15.zip.CHECKSUM "HTTP/1.1 200 OK"
2026-09-27 22:29:57,425 [INFO] httpx: HTTP Request: GET https://data.binance.vision/data/futures/um/daily/metrics/BTCUSDT/BTCUSDT-metrics-2024-03-16.zip "HTTP/1.1 200 OK"
2026-09-27 22:29:57,716 [INFO] httpx: HTTP Request: GET https://data.binance.vision/data/futures/um/daily/metrics/BTCUSDT/BTCUSDT-metrics-2024-03-16.zip.CHECKSUM "HTTP/1.1 200 OK"
2026-09-27 22:29:58,008 [INFO] httpx: HTTP Request: GET https://data.binance.vision/data/futures/um/daily/metrics/BTCUSDT/BTCUSDT-metrics-2024-03-17.zip "HTTP/1.1 200 OK"
2026-09-27 22:29:58,775 [INFO] httpx: HTTP Request: GET https://data.binance.vision/data/futures/um/daily/metrics/BTCUSDT/BTCUSDT-metrics-2024-03-17.zip.CHECKSUM "HTTP/1.1 200 OK"
2026-09-27 22:29:59,576 [INFO] httpx: HTTP Request: GET https://data.binance.vision/data/futures/um/daily/metrics/BTCUSDT/BTCUSDT-metrics-2024-03-18.zip "HTTP/1.1 200 OK"
2026-09-27 22:30:01,865 [INFO] httpx: HTTP Request: GET https://data.binance.vision/data/futures/um/daily/metrics/BTCUSDT/BTCUSDT-metrics-2024-03-18.zip.CHECKSUM "HTTP/1.1 200 OK"
2026-09-27 22:30:02,643 [INFO] httpx: HTTP Request: GET https://data.binance.vision/data/futures/um/daily/metrics/BTCUSDT/BTCUSDT-metrics-2024-03-19.zip "HTTP/1.1 200 OK"
2026-09-27 22:30:02,919 [INFO] httpx: HTTP Request: GET https://data.binance.vision/data/futures/um/daily/metrics/BTCUSDT/BTCUSDT-metrics-2024-03-19.zip.CHECKSUM "HTTP/1.1 200 OK"
2026-09-27 22:30:03,714 [INFO] httpx: HTTP Request: GET https://data.binance.vision/data/futures/um/daily/metrics/BTCUSDT/BTCUSDT-metrics-2024-03-20.zip "HTTP/1.1 200 OK"
2026-09-27 22:30:03,993 [INFO] httpx: HTTP Request: GET https://data.binance.vision/data/futures/um/daily/metrics/BTCUSDT/BTCUSDT-metrics-2024-03-20.zip.CHECKSUM "HTTP/1.1 200 OK"
2026-09-27 22:30:04,766 [INFO] httpx: HTTP Request: GET https://data.binance.vision/data/futures/um/daily/metrics/BTCUSDT/BTCUSDT-metrics-2024-03-21.zip "HTTP/1.1 200 OK"
2026-09-27 22:30:05,528 [INFO] httpx: HTTP Request: GET https://data.binance.vision/data/futures/um/daily/metrics/BTCUSDT/BTCUSDT-metrics-2024-03-21.zip.CHECKSUM "HTTP/1.1 200 OK"
2026-09-27 22:30:06,321 [INFO] httpx: HTTP Request: GET https://data.binance.vision/data/futures/um/daily/metrics/BTCUSDT/BTCUSDT-metrics-2024-03-22.zip "HTTP/1.1 200 OK"
2026-09-27 22:30:07,096 [INFO] httpx: HTTP Request: GET https://data.binance.vision/data/futures/um/daily/metrics/BTCUSDT/BTCUSDT-metrics-2024-03-22.zip.CHECKSUM "HTTP/1.1 200 OK"
2026-09-27 22:30:07,879 [INFO] httpx: HTTP Request: GET https://data.binance.vision/data/futures/um/daily/metrics/BTCUSDT/BTCUSDT-metrics-2024-03-23.zip "HTTP/1.1 200 OK"
2026-09-27 22:30:08,657 [INFO] httpx: HTTP Request: GET https://data.binance.vision/data/futures/um/daily/metrics/BTCUSDT/BTCUSDT-metrics-2024-03-23.zip.CHECKSUM "HTTP/1.1 200 OK"
2026-09-27 22:30:09,442 [INFO] httpx: HTTP Request: GET https://data.binance.vision/data/futures/um/daily/metrics/BTCUSDT/BTCUSDT-metrics-2024-03-24.zip "HTTP/1.1 200 OK"
2026-09-27 22:30:10,212 [INFO] httpx: HTTP Request: GET https://data.binance.vision/data/futures/um/daily/metrics/BTCUSDT/BTCUSDT-metrics-2024-03-24.zip.CHECKSUM "HTTP/1.1 200 OK"
2026-09-27 22:30:10,999 [INFO] httpx: HTTP Request: GET https://data.binance.vision/data/futures/um/daily/metrics/BTCUSDT/BTCUSDT-metrics-2024-03-25.zip "HTTP/1.1 200 OK"
2026-09-27 22:30:11,766 [INFO] httpx: HTTP Request: GET https://data.binance.vision/data/futures/um/daily/metrics/BTCUSDT/BTCUSDT-metrics-2024-03-25.zip.CHECKSUM "HTTP/1.1 200 OK"
2026-09-27 22:30:12,537 [INFO] httpx: HTTP Request: GET https://data.binance.vision/data/futures/um/daily/metrics/BTCUSDT/BTCUSDT-metrics-2024-03-26.zip "HTTP/1.1 200 OK"
2026-09-27 22:30:13,308 [INFO] httpx: HTTP Request: GET https://data.binance.vision/data/futures/um/daily/metrics/BTCUSDT/BTCUSDT-metrics-2024-03-26.zip.CHECKSUM "HTTP/1.1 200 OK"
2026-09-27 22:30:14,097 [INFO] httpx: HTTP Request: GET https://data.binance.vision/data/futures/um/daily/metrics/BTCUSDT/BTCUSDT-metrics-2024-03-27.zip "HTTP/1.1 200 OK"
2026-09-27 22:30:14,378 [INFO] httpx: HTTP Request: GET https://data.binance.vision/data/futures/um/daily/metrics/BTCUSDT/BTCUSDT-metrics-2024-03-27.zip.CHECKSUM "HTTP/1.1 200 OK"
2026-09-27 22:30:15,178 [INFO] httpx: HTTP Request: GET https://data.binance.vision/data/futures/um/daily/metrics/BTCUSDT/BTCUSDT-metrics-2024-03-28.zip "HTTP/1.1 200 OK"
2026-09-27 22:30:15,935 [INFO] httpx: HTTP Request: GET https://data.binance.vision/data/futures/um/daily/metrics/BTCUSDT/BTCUSDT-metrics-2024-03-28.zip.CHECKSUM "HTTP/1.1 200 OK"
2026-09-27 22:30:16,715 [INFO] httpx: HTTP Request: GET https://data.binance.vision/data/futures/um/daily/metrics/BTCUSDT/BTCUSDT-metrics-2024-03-29.zip "HTTP/1.1 200 OK"
2026-09-27 22:30:17,474 [INFO] httpx: HTTP Request: GET https://data.binance.vision/data/futures/um/daily/metrics/BTCUSDT/BTCUSDT-metrics-2024-03-29.zip.CHECKSUM "HTTP/1.1 200 OK"
2026-09-27 22:30:18,254 [INFO] httpx: HTTP Request: GET https://data.binance.vision/data/futures/um/daily/metrics/BTCUSDT/BTCUSDT-metrics-2024-03-30.zip "HTTP/1.1 200 OK"
2026-09-27 22:30:19,018 [INFO] httpx: HTTP Request: GET https://data.binance.vision/data/futures/um/daily/metrics/BTCUSDT/BTCUSDT-metrics-2024-03-30.zip.CHECKSUM "HTTP/1.1 200 OK"
2026-09-27 22:30:19,359 [INFO] httpx: HTTP Request: GET https://data.binance.vision/data/futures/um/daily/metrics/BTCUSDT/BTCUSDT-metrics-2024-03-31.zip "HTTP/1.1 200 OK"
2026-09-27 22:30:20,134 [INFO] httpx: HTTP Request: GET https://data.binance.vision/data/futures/um/daily/metrics/BTCUSDT/BTCUSDT-metrics-2024-03-31.zip.CHECKSUM "HTTP/1.1 200 OK"
2026-09-27 22:30:20,917 [INFO] httpx: HTTP Request: GET https://data.binance.vision/data/futures/um/daily/metrics/BTCUSDT/BTCUSDT-metrics-2024-04-01.zip "HTTP/1.1 200 OK"
2026-09-27 22:30:21,446 [INFO] httpx: HTTP Request: GET https://data.binance.vision/data/futures/um/daily/metrics/BTCUSDT/BTCUSDT-metrics-2024-04-01.zip.CHECKSUM "HTTP/1.1 200 OK"
2026-09-27 22:30:22,234 [INFO] httpx: HTTP Request: GET https://data.binance.vision/data/futures/um/daily/metrics/BTCUSDT/BTCUSDT-metrics-2024-04-02.zip "HTTP/1.1 200 OK"
2026-09-27 22:30:22,512 [INFO] httpx: HTTP Request: GET https://data.binance.vision/data/futures/um/daily/metrics/BTCUSDT/BTCUSDT-metrics-2024-04-02.zip.CHECKSUM "HTTP/1.1 200 OK"
2026-09-27 22:30:23,300 [INFO] httpx: HTTP Request: GET https://data.binance.vision/data/futures/um/daily/metrics/BTCUSDT/BTCUSDT-metrics-2024-04-03.zip "HTTP/1.1 200 OK"
2026-09-27 22:30:23,578 [INFO] httpx: HTTP Request: GET https://data.binance.vision/data/futures/um/daily/metrics/BTCUSDT/BTCUSDT-metrics-2024-04-03.zip.CHECKSUM "HTTP/1.1 200 OK"
2026-09-27 22:30:24,397 [INFO] httpx: HTTP Request: GET https://data.binance.vision/data/futures/um/daily/metrics/BTCUSDT/BTCUSDT-metrics-2024-04-04.zip "HTTP/1.1 200 OK"
2026-09-27 22:30:25,167 [INFO] httpx: HTTP Request: GET https://data.binance.vision/data/futures/um/daily/metrics/BTCUSDT/BTCUSDT-metrics-2024-04-04.zip.CHECKSUM "HTTP/1.1 200 OK"
2026-09-27 22:30:25,950 [INFO] httpx: HTTP Request: GET https://data.binance.vision/data/futures/um/daily/metrics/BTCUSDT/BTCUSDT-metrics-2024-04-05.zip "HTTP/1.1 200 OK"
2026-09-27 22:30:26,715 [INFO] httpx: HTTP Request: GET https://data.binance.vision/data/futures/um/daily/metrics/BTCUSDT/BTCUSDT-metrics-2024-04-05.zip.CHECKSUM "HTTP/1.1 200 OK"
2026-09-27 22:30:27,492 [INFO] httpx: HTTP Request: GET https://data.binance.vision/data/futures/um/daily/metrics/BTCUSDT/BTCUSDT-metrics-2024-04-06.zip "HTTP/1.1 200 OK"
2026-09-27 22:30:28,271 [INFO] httpx: HTTP Request: GET https://data.binance.vision/data/futures/um/daily/metrics/BTCUSDT/BTCUSDT-metrics-2024-04-06.zip.CHECKSUM "HTTP/1.1 200 OK"
2026-09-27 22:30:29,046 [INFO] httpx: HTTP Request: GET https://data.binance.vision/data/futures/um/daily/metrics/BTCUSDT/BTCUSDT-metrics-2024-04-07.zip "HTTP/1.1 200 OK"
2026-09-27 22:30:29,824 [INFO] httpx: HTTP Request: GET https://data.binance.vision/data/futures/um/daily/metrics/BTCUSDT/BTCUSDT-metrics-2024-04-07.zip.CHECKSUM "HTTP/1.1 200 OK"
2026-09-27 22:30:30,118 [INFO] httpx: HTTP Request: GET https://data.binance.vision/data/futures/um/daily/metrics/BTCUSDT/BTCUSDT-metrics-2024-04-08.zip "HTTP/1.1 200 OK"
2026-09-27 22:30:30,399 [INFO] httpx: HTTP Request: GET https://data.binance.vision/data/futures/um/daily/metrics/BTCUSDT/BTCUSDT-metrics-2024-04-08.zip.CHECKSUM "HTTP/1.1 200 OK"
2026-09-27 22:30:31,184 [INFO] httpx: HTTP Request: GET https://data.binance.vision/data/futures/um/daily/metrics/BTCUSDT/BTCUSDT-metrics-2024-04-09.zip "HTTP/1.1 200 OK"
2026-09-27 22:30:31,962 [INFO] httpx: HTTP Request: GET https://data.binance.vision/data/futures/um/daily/metrics/BTCUSDT/BTCUSDT-metrics-2024-04-09.zip.CHECKSUM "HTTP/1.1 200 OK"
2026-09-27 22:30:32,739 [INFO] httpx: HTTP Request: GET https://data.binance.vision/data/futures/um/daily/metrics/BTCUSDT/BTCUSDT-metrics-2024-04-10.zip "HTTP/1.1 200 OK"
2026-09-27 22:30:33,502 [INFO] httpx: HTTP Request: GET https://data.binance.vision/data/futures/um/daily/metrics/BTCUSDT/BTCUSDT-metrics-2024-04-10.zip.CHECKSUM "HTTP/1.1 200 OK"
2026-09-27 22:30:35,554 [INFO] httpx: HTTP Request: GET https://data.binance.vision/data/futures/um/daily/metrics/BTCUSDT/BTCUSDT-metrics-2024-04-11.zip "HTTP/1.1 200 OK"
2026-09-27 22:30:36,323 [INFO] httpx: HTTP Request: GET https://data.binance.vision/data/futures/um/daily/metrics/BTCUSDT/BTCUSDT-metrics-2024-04-11.zip.CHECKSUM "HTTP/1.1 200 OK"
2026-09-27 22:30:37,104 [INFO] httpx: HTTP Request: GET https://data.binance.vision/data/futures/um/daily/metrics/BTCUSDT/BTCUSDT-metrics-2024-04-12.zip "HTTP/1.1 200 OK"
2026-09-27 22:30:37,881 [INFO] httpx: HTTP Request: GET https://data.binance.vision/data/futures/um/daily/metrics/BTCUSDT/BTCUSDT-metrics-2024-04-12.zip.CHECKSUM "HTTP/1.1 200 OK"
2026-09-27 22:30:38,671 [INFO] httpx: HTTP Request: GET https://data.binance.vision/data/futures/um/daily/metrics/BTCUSDT/BTCUSDT-metrics-2024-04-13.zip "HTTP/1.1 200 OK"
2026-09-27 22:30:39,428 [INFO] httpx: HTTP Request: GET https://data.binance.vision/data/futures/um/daily/metrics/BTCUSDT/BTCUSDT-metrics-2024-04-13.zip.CHECKSUM "HTTP/1.1 200 OK"
2026-09-27 22:30:40,203 [INFO] httpx: HTTP Request: GET https://data.binance.vision/data/futures/um/daily/metrics/BTCUSDT/BTCUSDT-metrics-2024-04-14.zip "HTTP/1.1 200 OK"
2026-09-27 22:30:40,972 [INFO] httpx: HTTP Request: GET https://data.binance.vision/data/futures/um/daily/metrics/BTCUSDT/BTCUSDT-metrics-2024-04-14.zip.CHECKSUM "HTTP/1.1 200 OK"
2026-09-27 22:30:41,764 [INFO] httpx: HTTP Request: GET https://data.binance.vision/data/futures/um/daily/metrics/BTCUSDT/BTCUSDT-metrics-2024-04-15.zip "HTTP/1.1 200 OK"
2026-09-27 22:30:42,537 [INFO] httpx: HTTP Request: GET https://data.binance.vision/data/futures/um/daily/metrics/BTCUSDT/BTCUSDT-metrics-2024-04-15.zip.CHECKSUM "HTTP/1.1 200 OK"
2026-09-27 22:30:43,330 [INFO] httpx: HTTP Request: GET https://data.binance.vision/data/futures/um/daily/metrics/BTCUSDT/BTCUSDT-metrics-2024-04-16.zip "HTTP/1.1 200 OK"
2026-09-27 22:30:44,101 [INFO] httpx: HTTP Request: GET https://data.binance.vision/data/futures/um/daily/metrics/BTCUSDT/BTCUSDT-metrics-2024-04-16.zip.CHECKSUM "HTTP/1.1 200 OK"
2026-09-27 22:30:44,386 [INFO] httpx: HTTP Request: GET https://data.binance.vision/data/futures/um/daily/metrics/BTCUSDT/BTCUSDT-metrics-2024-04-17.zip "HTTP/1.1 200 OK"
2026-09-27 22:30:45,154 [INFO] httpx: HTTP Request: GET https://data.binance.vision/data/futures/um/daily/metrics/BTCUSDT/BTCUSDT-metrics-2024-04-17.zip.CHECKSUM "HTTP/1.1 200 OK"
2026-09-27 22:30:45,441 [INFO] httpx: HTTP Request: GET https://data.binance.vision/data/futures/um/daily/metrics/BTCUSDT/BTCUSDT-metrics-2024-04-18.zip "HTTP/1.1 200 OK"
2026-09-27 22:30:45,715 [INFO] httpx: HTTP Request: GET https://data.binance.vision/data/futures/um/daily/metrics/BTCUSDT/BTCUSDT-metrics-2024-04-18.zip.CHECKSUM "HTTP/1.1 200 OK"
2026-09-27 22:30:46,496 [INFO] httpx: HTTP Request: GET https://data.binance.vision/data/futures/um/daily/metrics/BTCUSDT/BTCUSDT-metrics-2024-04-19.zip "HTTP/1.1 200 OK"
2026-09-27 22:30:47,259 [INFO] httpx: HTTP Request: GET https://data.binance.vision/data/futures/um/daily/metrics/BTCUSDT/BTCUSDT-metrics-2024-04-19.zip.CHECKSUM "HTTP/1.1 200 OK"
2026-09-27 22:30:48,044 [INFO] httpx: HTTP Request: GET https://data.binance.vision/data/futures/um/daily/metrics/BTCUSDT/BTCUSDT-metrics-2024-04-20.zip "HTTP/1.1 200 OK"
2026-09-27 22:30:48,813 [INFO] httpx: HTTP Request: GET https://data.binance.vision/data/futures/um/daily/metrics/BTCUSDT/BTCUSDT-metrics-2024-04-20.zip.CHECKSUM "HTTP/1.1 200 OK"
2026-09-27 22:30:49,594 [INFO] httpx: HTTP Request: GET https://data.binance.vision/data/futures/um/daily/metrics/BTCUSDT/BTCUSDT-metrics-2024-04-21.zip "HTTP/1.1 200 OK"
2026-09-27 22:30:50,362 [INFO] httpx: HTTP Request: GET https://data.binance.vision/data/futures/um/daily/metrics/BTCUSDT/BTCUSDT-metrics-2024-04-21.zip.CHECKSUM "HTTP/1.1 200 OK"
2026-09-27 22:30:50,647 [INFO] httpx: HTTP Request: GET https://data.binance.vision/data/futures/um/daily/metrics/BTCUSDT/BTCUSDT-metrics-2024-04-22.zip "HTTP/1.1 200 OK"
2026-09-27 22:30:51,324 [INFO] httpx: HTTP Request: GET https://data.binance.vision/data/futures/um/daily/metrics/BTCUSDT/BTCUSDT-metrics-2024-04-22.zip.CHECKSUM "HTTP/1.1 200 OK"
2026-09-27 22:30:52,110 [INFO] httpx: HTTP Request: GET https://data.binance.vision/data/futures/um/daily/metrics/BTCUSDT/BTCUSDT-metrics-2024-04-23.zip "HTTP/1.1 200 OK"
2026-09-27 22:30:52,884 [INFO] httpx: HTTP Request: GET https://data.binance.vision/data/futures/um/daily/metrics/BTCUSDT/BTCUSDT-metrics-2024-04-23.zip.CHECKSUM "HTTP/1.1 200 OK"
2026-09-27 22:30:53,670 [INFO] httpx: HTTP Request: GET https://data.binance.vision/data/futures/um/daily/metrics/BTCUSDT/BTCUSDT-metrics-2024-04-24.zip "HTTP/1.1 200 OK"
2026-09-27 22:30:54,447 [INFO] httpx: HTTP Request: GET https://data.binance.vision/data/futures/um/daily/metrics/BTCUSDT/BTCUSDT-metrics-2024-04-24.zip.CHECKSUM "HTTP/1.1 200 OK"
2026-09-27 22:30:55,211 [INFO] httpx: HTTP Request: GET https://data.binance.vision/data/futures/um/daily/metrics/BTCUSDT/BTCUSDT-metrics-2024-04-25.zip "HTTP/1.1 200 OK"
2026-09-27 22:30:55,989 [INFO] httpx: HTTP Request: GET https://data.binance.vision/data/futures/um/daily/metrics/BTCUSDT/BTCUSDT-metrics-2024-04-25.zip.CHECKSUM "HTTP/1.1 200 OK"
2026-09-27 22:30:56,777 [INFO] httpx: HTTP Request: GET https://data.binance.vision/data/futures/um/daily/metrics/BTCUSDT/BTCUSDT-metrics-2024-04-26.zip "HTTP/1.1 200 OK"
2026-09-27 22:30:57,546 [INFO] httpx: HTTP Request: GET https://data.binance.vision/data/futures/um/daily/metrics/BTCUSDT/BTCUSDT-metrics-2024-04-26.zip.CHECKSUM "HTTP/1.1 200 OK"
2026-09-27 22:30:58,315 [INFO] httpx: HTTP Request: GET https://data.binance.vision/data/futures/um/daily/metrics/BTCUSDT/BTCUSDT-metrics-2024-04-27.zip "HTTP/1.1 200 OK"
2026-09-27 22:30:59,097 [INFO] httpx: HTTP Request: GET https://data.binance.vision/data/futures/um/daily/metrics/BTCUSDT/BTCUSDT-metrics-2024-04-27.zip.CHECKSUM "HTTP/1.1 200 OK"
2026-09-27 22:30:59,912 [INFO] httpx: HTTP Request: GET https://data.binance.vision/data/futures/um/daily/metrics/BTCUSDT/BTCUSDT-metrics-2024-04-28.zip "HTTP/1.1 200 OK"
2026-09-27 22:31:00,193 [INFO] httpx: HTTP Request: GET https://data.binance.vision/data/futures/um/daily/metrics/BTCUSDT/BTCUSDT-metrics-2024-04-28.zip.CHECKSUM "HTTP/1.1 200 OK"
2026-09-27 22:31:00,503 [INFO] httpx: HTTP Request: GET https://data.binance.vision/data/futures/um/daily/metrics/BTCUSDT/BTCUSDT-metrics-2024-04-29.zip "HTTP/1.1 200 OK"
2026-09-27 22:31:00,786 [INFO] httpx: HTTP Request: GET https://data.binance.vision/data/futures/um/daily/metrics/BTCUSDT/BTCUSDT-metrics-2024-04-29.zip.CHECKSUM "HTTP/1.1 200 OK"
2026-09-27 22:31:01,561 [INFO] httpx: HTTP Request: GET https://data.binance.vision/data/futures/um/daily/metrics/BTCUSDT/BTCUSDT-metrics-2024-04-30.zip "HTTP/1.1 200 OK"
2026-09-27 22:31:02,409 [INFO] httpx: HTTP Request: GET https://data.binance.vision/data/futures/um/daily/metrics/BTCUSDT/BTCUSDT-metrics-2024-04-30.zip.CHECKSUM "HTTP/1.1 200 OK"
2026-09-27 22:31:03,189 [INFO] httpx: HTTP Request: GET https://data.binance.vision/data/futures/um/daily/metrics/BTCUSDT/BTCUSDT-metrics-2024-05-01.zip "HTTP/1.1 200 OK"
2026-09-27 22:31:03,961 [INFO] httpx: HTTP Request: GET https://data.binance.vision/data/futures/um/daily/metrics/BTCUSDT/BTCUSDT-metrics-2024-05-01.zip.CHECKSUM "HTTP/1.1 200 OK"
2026-09-27 22:31:04,243 [INFO] httpx: HTTP Request: GET https://data.binance.vision/data/futures/um/daily/metrics/BTCUSDT/BTCUSDT-metrics-2024-05-02.zip "HTTP/1.1 200 OK"
2026-09-27 22:31:05,010 [INFO] httpx: HTTP Request: GET https://data.binance.vision/data/futures/um/daily/metrics/BTCUSDT/BTCUSDT-metrics-2024-05-02.zip.CHECKSUM "HTTP/1.1 200 OK"
2026-09-27 22:31:05,792 [INFO] httpx: HTTP Request: GET https://data.binance.vision/data/futures/um/daily/metrics/BTCUSDT/BTCUSDT-metrics-2024-05-03.zip "HTTP/1.1 200 OK"
2026-09-27 22:31:06,555 [INFO] httpx: HTTP Request: GET https://data.binance.vision/data/futures/um/daily/metrics/BTCUSDT/BTCUSDT-metrics-2024-05-03.zip.CHECKSUM "HTTP/1.1 200 OK"
2026-09-27 22:31:07,360 [INFO] httpx: HTTP Request: GET https://data.binance.vision/data/futures/um/daily/metrics/BTCUSDT/BTCUSDT-metrics-2024-05-04.zip "HTTP/1.1 200 OK"
2026-09-27 22:31:09,830 [INFO] httpx: HTTP Request: GET https://data.binance.vision/data/futures/um/daily/metrics/BTCUSDT/BTCUSDT-metrics-2024-05-04.zip.CHECKSUM "HTTP/1.1 200 OK"
2026-09-27 22:31:10,617 [INFO] httpx: HTTP Request: GET https://data.binance.vision/data/futures/um/daily/metrics/BTCUSDT/BTCUSDT-metrics-2024-05-05.zip "HTTP/1.1 200 OK"
2026-09-27 22:31:11,381 [INFO] httpx: HTTP Request: GET https://data.binance.vision/data/futures/um/daily/metrics/BTCUSDT/BTCUSDT-metrics-2024-05-05.zip.CHECKSUM "HTTP/1.1 200 OK"
2026-09-27 22:31:12,169 [INFO] httpx: HTTP Request: GET https://data.binance.vision/data/futures/um/daily/metrics/BTCUSDT/BTCUSDT-metrics-2024-05-06.zip "HTTP/1.1 200 OK"
2026-09-27 22:31:12,939 [INFO] httpx: HTTP Request: GET https://data.binance.vision/data/futures/um/daily/metrics/BTCUSDT/BTCUSDT-metrics-2024-05-06.zip.CHECKSUM "HTTP/1.1 200 OK"
2026-09-27 22:31:13,715 [INFO] httpx: HTTP Request: GET https://data.binance.vision/data/futures/um/daily/metrics/BTCUSDT/BTCUSDT-metrics-2024-05-07.zip "HTTP/1.1 200 OK"
2026-09-27 22:31:14,490 [INFO] httpx: HTTP Request: GET https://data.binance.vision/data/futures/um/daily/metrics/BTCUSDT/BTCUSDT-metrics-2024-05-07.zip.CHECKSUM "HTTP/1.1 200 OK"
2026-09-27 22:31:15,284 [INFO] httpx: HTTP Request: GET https://data.binance.vision/data/futures/um/daily/metrics/BTCUSDT/BTCUSDT-metrics-2024-05-08.zip "HTTP/1.1 200 OK"
2026-09-27 22:31:15,565 [INFO] httpx: HTTP Request: GET https://data.binance.vision/data/futures/um/daily/metrics/BTCUSDT/BTCUSDT-metrics-2024-05-08.zip.CHECKSUM "HTTP/1.1 200 OK"
2026-09-27 22:31:16,334 [INFO] httpx: HTTP Request: GET https://data.binance.vision/data/futures/um/daily/metrics/BTCUSDT/BTCUSDT-metrics-2024-05-09.zip "HTTP/1.1 200 OK"
2026-09-27 22:31:17,152 [INFO] httpx: HTTP Request: GET https://data.binance.vision/data/futures/um/daily/metrics/BTCUSDT/BTCUSDT-metrics-2024-05-09.zip.CHECKSUM "HTTP/1.1 200 OK"
2026-09-27 22:31:17,938 [INFO] httpx: HTTP Request: GET https://data.binance.vision/data/futures/um/daily/metrics/BTCUSDT/BTCUSDT-metrics-2024-05-10.zip "HTTP/1.1 200 OK"
2026-09-27 22:31:18,726 [INFO] httpx: HTTP Request: GET https://data.binance.vision/data/futures/um/daily/metrics/BTCUSDT/BTCUSDT-metrics-2024-05-10.zip.CHECKSUM "HTTP/1.1 200 OK"
2026-09-27 22:31:19,510 [INFO] httpx: HTTP Request: GET https://data.binance.vision/data/futures/um/daily/metrics/BTCUSDT/BTCUSDT-metrics-2024-05-11.zip "HTTP/1.1 200 OK"
2026-09-27 22:31:19,790 [INFO] httpx: HTTP Request: GET https://data.binance.vision/data/futures/um/daily/metrics/BTCUSDT/BTCUSDT-metrics-2024-05-11.zip.CHECKSUM "HTTP/1.1 200 OK"
2026-09-27 22:31:20,579 [INFO] httpx: HTTP Request: GET https://data.binance.vision/data/futures/um/daily/metrics/BTCUSDT/BTCUSDT-metrics-2024-05-12.zip "HTTP/1.1 200 OK"
2026-09-27 22:31:21,337 [INFO] httpx: HTTP Request: GET https://data.binance.vision/data/futures/um/daily/metrics/BTCUSDT/BTCUSDT-metrics-2024-05-12.zip.CHECKSUM "HTTP/1.1 200 OK"
2026-09-27 22:31:22,111 [INFO] httpx: HTTP Request: GET https://data.binance.vision/data/futures/um/daily/metrics/BTCUSDT/BTCUSDT-metrics-2024-05-13.zip "HTTP/1.1 200 OK"
2026-09-27 22:31:22,883 [INFO] httpx: HTTP Request: GET https://data.binance.vision/data/futures/um/daily/metrics/BTCUSDT/BTCUSDT-metrics-2024-05-13.zip.CHECKSUM "HTTP/1.1 200 OK"
2026-09-27 22:31:23,708 [INFO] httpx: HTTP Request: GET https://data.binance.vision/data/futures/um/daily/metrics/BTCUSDT/BTCUSDT-metrics-2024-05-14.zip "HTTP/1.1 200 OK"
2026-09-27 22:31:24,493 [INFO] httpx: HTTP Request: GET https://data.binance.vision/data/futures/um/daily/metrics/BTCUSDT/BTCUSDT-metrics-2024-05-14.zip.CHECKSUM "HTTP/1.1 200 OK"
2026-09-27 22:31:25,271 [INFO] httpx: HTTP Request: GET https://data.binance.vision/data/futures/um/daily/metrics/BTCUSDT/BTCUSDT-metrics-2024-05-15.zip "HTTP/1.1 200 OK"
2026-09-27 22:31:26,052 [INFO] httpx: HTTP Request: GET https://data.binance.vision/data/futures/um/daily/metrics/BTCUSDT/BTCUSDT-metrics-2024-05-15.zip.CHECKSUM "HTTP/1.1 200 OK"
2026-09-27 22:31:26,831 [INFO] httpx: HTTP Request: GET https://data.binance.vision/data/futures/um/daily/metrics/BTCUSDT/BTCUSDT-metrics-2024-05-16.zip "HTTP/1.1 200 OK"
2026-09-27 22:31:27,608 [INFO] httpx: HTTP Request: GET https://data.binance.vision/data/futures/um/daily/metrics/BTCUSDT/BTCUSDT-metrics-2024-05-16.zip.CHECKSUM "HTTP/1.1 200 OK"
2026-09-27 22:31:28,382 [INFO] httpx: HTTP Request: GET https://data.binance.vision/data/futures/um/daily/metrics/BTCUSDT/BTCUSDT-metrics-2024-05-17.zip "HTTP/1.1 200 OK"
2026-09-27 22:31:29,146 [INFO] httpx: HTTP Request: GET https://data.binance.vision/data/futures/um/daily/metrics/BTCUSDT/BTCUSDT-metrics-2024-05-17.zip.CHECKSUM "HTTP/1.1 200 OK"
2026-09-27 22:31:29,924 [INFO] httpx: HTTP Request: GET https://data.binance.vision/data/futures/um/daily/metrics/BTCUSDT/BTCUSDT-metrics-2024-05-18.zip "HTTP/1.1 200 OK"
2026-09-27 22:31:30,702 [INFO] httpx: HTTP Request: GET https://data.binance.vision/data/futures/um/daily/metrics/BTCUSDT/BTCUSDT-metrics-2024-05-18.zip.CHECKSUM "HTTP/1.1 200 OK"
2026-09-27 22:31:30,991 [INFO] httpx: HTTP Request: GET https://data.binance.vision/data/futures/um/daily/metrics/BTCUSDT/BTCUSDT-metrics-2024-05-19.zip "HTTP/1.1 200 OK"
2026-09-27 22:31:31,770 [INFO] httpx: HTTP Request: GET https://data.binance.vision/data/futures/um/daily/metrics/BTCUSDT/BTCUSDT-metrics-2024-05-19.zip.CHECKSUM "HTTP/1.1 200 OK"
2026-09-27 22:31:32,056 [INFO] httpx: HTTP Request: GET https://data.binance.vision/data/futures/um/daily/metrics/BTCUSDT/BTCUSDT-metrics-2024-05-20.zip "HTTP/1.1 200 OK"
2026-09-27 22:31:32,337 [INFO] httpx: HTTP Request: GET https://data.binance.vision/data/futures/um/daily/metrics/BTCUSDT/BTCUSDT-metrics-2024-05-20.zip.CHECKSUM "HTTP/1.1 200 OK"
2026-09-27 22:31:33,111 [INFO] httpx: HTTP Request: GET https://data.binance.vision/data/futures/um/daily/metrics/BTCUSDT/BTCUSDT-metrics-2024-05-21.zip "HTTP/1.1 200 OK"
2026-09-27 22:31:33,885 [INFO] httpx: HTTP Request: GET https://data.binance.vision/data/futures/um/daily/metrics/BTCUSDT/BTCUSDT-metrics-2024-05-21.zip.CHECKSUM "HTTP/1.1 200 OK"
2026-09-27 22:31:34,661 [INFO] httpx: HTTP Request: GET https://data.binance.vision/data/futures/um/daily/metrics/BTCUSDT/BTCUSDT-metrics-2024-05-22.zip "HTTP/1.1 200 OK"
2026-09-27 22:31:35,418 [INFO] httpx: HTTP Request: GET https://data.binance.vision/data/futures/um/daily/metrics/BTCUSDT/BTCUSDT-metrics-2024-05-22.zip.CHECKSUM "HTTP/1.1 200 OK"
2026-09-27 22:31:35,699 [INFO] httpx: HTTP Request: GET https://data.binance.vision/data/futures/um/daily/metrics/BTCUSDT/BTCUSDT-metrics-2024-05-23.zip "HTTP/1.1 200 OK"
2026-09-27 22:31:36,472 [INFO] httpx: HTTP Request: GET https://data.binance.vision/data/futures/um/daily/metrics/BTCUSDT/BTCUSDT-metrics-2024-05-23.zip.CHECKSUM "HTTP/1.1 200 OK"
2026-09-27 22:31:37,246 [INFO] httpx: HTTP Request: GET https://data.binance.vision/data/futures/um/daily/metrics/BTCUSDT/BTCUSDT-metrics-2024-05-24.zip "HTTP/1.1 200 OK"
2026-09-27 22:31:37,525 [INFO] httpx: HTTP Request: GET https://data.binance.vision/data/futures/um/daily/metrics/BTCUSDT/BTCUSDT-metrics-2024-05-24.zip.CHECKSUM "HTTP/1.1 200 OK"
2026-09-27 22:31:38,308 [INFO] httpx: HTTP Request: GET https://data.binance.vision/data/futures/um/daily/metrics/BTCUSDT/BTCUSDT-metrics-2024-05-25.zip "HTTP/1.1 200 OK"
2026-09-27 22:31:39,066 [INFO] httpx: HTTP Request: GET https://data.binance.vision/data/futures/um/daily/metrics/BTCUSDT/BTCUSDT-metrics-2024-05-25.zip.CHECKSUM "HTTP/1.1 200 OK"
2026-09-27 22:31:39,852 [INFO] httpx: HTTP Request: GET https://data.binance.vision/data/futures/um/daily/metrics/BTCUSDT/BTCUSDT-metrics-2024-05-26.zip "HTTP/1.1 200 OK"
2026-09-27 22:31:40,624 [INFO] httpx: HTTP Request: GET https://data.binance.vision/data/futures/um/daily/metrics/BTCUSDT/BTCUSDT-metrics-2024-05-26.zip.CHECKSUM "HTTP/1.1 200 OK"
2026-09-27 22:31:41,396 [INFO] httpx: HTTP Request: GET https://data.binance.vision/data/futures/um/daily/metrics/BTCUSDT/BTCUSDT-metrics-2024-05-27.zip "HTTP/1.1 200 OK"
2026-09-27 22:31:43,877 [INFO] httpx: HTTP Request: GET https://data.binance.vision/data/futures/um/daily/metrics/BTCUSDT/BTCUSDT-metrics-2024-05-27.zip.CHECKSUM "HTTP/1.1 200 OK"
2026-09-27 22:31:44,673 [INFO] httpx: HTTP Request: GET https://data.binance.vision/data/futures/um/daily/metrics/BTCUSDT/BTCUSDT-metrics-2024-05-28.zip "HTTP/1.1 200 OK"
2026-09-27 22:31:45,452 [INFO] httpx: HTTP Request: GET https://data.binance.vision/data/futures/um/daily/metrics/BTCUSDT/BTCUSDT-metrics-2024-05-28.zip.CHECKSUM "HTTP/1.1 200 OK"
2026-09-27 22:31:46,248 [INFO] httpx: HTTP Request: GET https://data.binance.vision/data/futures/um/daily/metrics/BTCUSDT/BTCUSDT-metrics-2024-05-29.zip "HTTP/1.1 200 OK"
2026-09-27 22:31:47,010 [INFO] httpx: HTTP Request: GET https://data.binance.vision/data/futures/um/daily/metrics/BTCUSDT/BTCUSDT-metrics-2024-05-29.zip.CHECKSUM "HTTP/1.1 200 OK"
2026-09-27 22:31:47,776 [INFO] httpx: HTTP Request: GET https://data.binance.vision/data/futures/um/daily/metrics/BTCUSDT/BTCUSDT-metrics-2024-05-30.zip "HTTP/1.1 200 OK"
2026-09-27 22:31:48,556 [INFO] httpx: HTTP Request: GET https://data.binance.vision/data/futures/um/daily/metrics/BTCUSDT/BTCUSDT-metrics-2024-05-30.zip.CHECKSUM "HTTP/1.1 200 OK"
2026-09-27 22:31:49,360 [INFO] httpx: HTTP Request: GET https://data.binance.vision/data/futures/um/daily/metrics/BTCUSDT/BTCUSDT-metrics-2024-05-31.zip "HTTP/1.1 200 OK"
2026-09-27 22:31:50,135 [INFO] httpx: HTTP Request: GET https://data.binance.vision/data/futures/um/daily/metrics/BTCUSDT/BTCUSDT-metrics-2024-05-31.zip.CHECKSUM "HTTP/1.1 200 OK"
2026-09-27 22:31:50,419 [INFO] httpx: HTTP Request: GET https://data.binance.vision/data/futures/um/daily/metrics/BTCUSDT/BTCUSDT-metrics-2024-06-01.zip "HTTP/1.1 200 OK"
2026-09-27 22:31:51,185 [INFO] httpx: HTTP Request: GET https://data.binance.vision/data/futures/um/daily/metrics/BTCUSDT/BTCUSDT-metrics-2024-06-01.zip.CHECKSUM "HTTP/1.1 200 OK"
2026-09-27 22:31:51,967 [INFO] httpx: HTTP Request: GET https://data.binance.vision/data/futures/um/daily/metrics/BTCUSDT/BTCUSDT-metrics-2024-06-02.zip "HTTP/1.1 200 OK"
2026-09-27 22:31:52,729 [INFO] httpx: HTTP Request: GET https://data.binance.vision/data/futures/um/daily/metrics/BTCUSDT/BTCUSDT-metrics-2024-06-02.zip.CHECKSUM "HTTP/1.1 200 OK"
2026-09-27 22:31:53,502 [INFO] httpx: HTTP Request: GET https://data.binance.vision/data/futures/um/daily/metrics/BTCUSDT/BTCUSDT-metrics-2024-06-03.zip "HTTP/1.1 200 OK"
2026-09-27 22:31:53,783 [INFO] httpx: HTTP Request: GET https://data.binance.vision/data/futures/um/daily/metrics/BTCUSDT/BTCUSDT-metrics-2024-06-03.zip.CHECKSUM "HTTP/1.1 200 OK"
2026-09-27 22:31:54,591 [INFO] httpx: HTTP Request: GET https://data.binance.vision/data/futures/um/daily/metrics/BTCUSDT/BTCUSDT-metrics-2024-06-04.zip "HTTP/1.1 200 OK"
2026-09-27 22:31:55,375 [INFO] httpx: HTTP Request: GET https://data.binance.vision/data/futures/um/daily/metrics/BTCUSDT/BTCUSDT-metrics-2024-06-04.zip.CHECKSUM "HTTP/1.1 200 OK"
2026-09-27 22:31:56,149 [INFO] httpx: HTTP Request: GET https://data.binance.vision/data/futures/um/daily/metrics/BTCUSDT/BTCUSDT-metrics-2024-06-05.zip "HTTP/1.1 200 OK"
2026-09-27 22:31:56,904 [INFO] httpx: HTTP Request: GET https://data.binance.vision/data/futures/um/daily/metrics/BTCUSDT/BTCUSDT-metrics-2024-06-05.zip.CHECKSUM "HTTP/1.1 200 OK"
2026-09-27 22:31:57,693 [INFO] httpx: HTTP Request: GET https://data.binance.vision/data/futures/um/daily/metrics/BTCUSDT/BTCUSDT-metrics-2024-06-06.zip "HTTP/1.1 200 OK"
2026-09-27 22:31:58,462 [INFO] httpx: HTTP Request: GET https://data.binance.vision/data/futures/um/daily/metrics/BTCUSDT/BTCUSDT-metrics-2024-06-06.zip.CHECKSUM "HTTP/1.1 200 OK"
2026-09-27 22:31:59,258 [INFO] httpx: HTTP Request: GET https://data.binance.vision/data/futures/um/daily/metrics/BTCUSDT/BTCUSDT-metrics-2024-06-07.zip "HTTP/1.1 200 OK"
2026-09-27 22:32:00,042 [INFO] httpx: HTTP Request: GET https://data.binance.vision/data/futures/um/daily/metrics/BTCUSDT/BTCUSDT-metrics-2024-06-07.zip.CHECKSUM "HTTP/1.1 200 OK"
2026-09-27 22:32:00,344 [INFO] httpx: HTTP Request: GET https://data.binance.vision/data/futures/um/daily/metrics/BTCUSDT/BTCUSDT-metrics-2024-06-08.zip "HTTP/1.1 200 OK"
2026-09-27 22:32:01,132 [INFO] httpx: HTTP Request: GET https://data.binance.vision/data/futures/um/daily/metrics/BTCUSDT/BTCUSDT-metrics-2024-06-08.zip.CHECKSUM "HTTP/1.1 200 OK"
2026-09-27 22:32:01,929 [INFO] httpx: HTTP Request: GET https://data.binance.vision/data/futures/um/daily/metrics/BTCUSDT/BTCUSDT-metrics-2024-06-09.zip "HTTP/1.1 200 OK"
2026-09-27 22:32:02,714 [INFO] httpx: HTTP Request: GET https://data.binance.vision/data/futures/um/daily/metrics/BTCUSDT/BTCUSDT-metrics-2024-06-09.zip.CHECKSUM "HTTP/1.1 200 OK"
2026-09-27 22:32:03,497 [INFO] httpx: HTTP Request: GET https://data.binance.vision/data/futures/um/daily/metrics/BTCUSDT/BTCUSDT-metrics-2024-06-10.zip "HTTP/1.1 200 OK"
2026-09-27 22:32:04,302 [INFO] httpx: HTTP Request: GET https://data.binance.vision/data/futures/um/daily/metrics/BTCUSDT/BTCUSDT-metrics-2024-06-10.zip.CHECKSUM "HTTP/1.1 200 OK"
2026-09-27 22:32:05,087 [INFO] httpx: HTTP Request: GET https://data.binance.vision/data/futures/um/daily/metrics/BTCUSDT/BTCUSDT-metrics-2024-06-11.zip "HTTP/1.1 200 OK"
2026-09-27 22:32:05,370 [INFO] httpx: HTTP Request: GET https://data.binance.vision/data/futures/um/daily/metrics/BTCUSDT/BTCUSDT-metrics-2024-06-11.zip.CHECKSUM "HTTP/1.1 200 OK"
2026-09-27 22:32:05,666 [INFO] httpx: HTTP Request: GET https://data.binance.vision/data/futures/um/daily/metrics/BTCUSDT/BTCUSDT-metrics-2024-06-12.zip "HTTP/1.1 200 OK"
2026-09-27 22:32:05,947 [INFO] httpx: HTTP Request: GET https://data.binance.vision/data/futures/um/daily/metrics/BTCUSDT/BTCUSDT-metrics-2024-06-12.zip.CHECKSUM "HTTP/1.1 200 OK"
2026-09-27 22:32:06,720 [INFO] httpx: HTTP Request: GET https://data.binance.vision/data/futures/um/daily/metrics/BTCUSDT/BTCUSDT-metrics-2024-06-13.zip "HTTP/1.1 200 OK"
2026-09-27 22:32:07,477 [INFO] httpx: HTTP Request: GET https://data.binance.vision/data/futures/um/daily/metrics/BTCUSDT/BTCUSDT-metrics-2024-06-13.zip.CHECKSUM "HTTP/1.1 200 OK"
2026-09-27 22:32:08,264 [INFO] httpx: HTTP Request: GET https://data.binance.vision/data/futures/um/daily/metrics/BTCUSDT/BTCUSDT-metrics-2024-06-14.zip "HTTP/1.1 200 OK"
2026-09-27 22:32:09,022 [INFO] httpx: HTTP Request: GET https://data.binance.vision/data/futures/um/daily/metrics/BTCUSDT/BTCUSDT-metrics-2024-06-14.zip.CHECKSUM "HTTP/1.1 200 OK"
2026-09-27 22:32:09,802 [INFO] httpx: HTTP Request: GET https://data.binance.vision/data/futures/um/daily/metrics/BTCUSDT/BTCUSDT-metrics-2024-06-15.zip "HTTP/1.1 200 OK"
2026-09-27 22:32:10,581 [INFO] httpx: HTTP Request: GET https://data.binance.vision/data/futures/um/daily/metrics/BTCUSDT/BTCUSDT-metrics-2024-06-15.zip.CHECKSUM "HTTP/1.1 200 OK"
2026-09-27 22:32:11,365 [INFO] httpx: HTTP Request: GET https://data.binance.vision/data/futures/um/daily/metrics/BTCUSDT/BTCUSDT-metrics-2024-06-16.zip "HTTP/1.1 200 OK"
2026-09-27 22:32:12,134 [INFO] httpx: HTTP Request: GET https://data.binance.vision/data/futures/um/daily/metrics/BTCUSDT/BTCUSDT-metrics-2024-06-16.zip.CHECKSUM "HTTP/1.1 200 OK"
2026-09-27 22:32:12,912 [INFO] httpx: HTTP Request: GET https://data.binance.vision/data/futures/um/daily/metrics/BTCUSDT/BTCUSDT-metrics-2024-06-17.zip "HTTP/1.1 200 OK"
2026-09-27 22:32:13,680 [INFO] httpx: HTTP Request: GET https://data.binance.vision/data/futures/um/daily/metrics/BTCUSDT/BTCUSDT-metrics-2024-06-17.zip.CHECKSUM "HTTP/1.1 200 OK"
2026-09-27 22:32:14,457 [INFO] httpx: HTTP Request: GET https://data.binance.vision/data/futures/um/daily/metrics/BTCUSDT/BTCUSDT-metrics-2024-06-18.zip "HTTP/1.1 200 OK"
2026-09-27 22:32:15,192 [INFO] httpx: HTTP Request: GET https://data.binance.vision/data/futures/um/daily/metrics/BTCUSDT/BTCUSDT-metrics-2024-06-18.zip.CHECKSUM "HTTP/1.1 200 OK"
2026-09-27 22:32:17,678 [INFO] httpx: HTTP Request: GET https://data.binance.vision/data/futures/um/daily/metrics/BTCUSDT/BTCUSDT-metrics-2024-06-19.zip "HTTP/1.1 200 OK"
2026-09-27 22:32:18,451 [INFO] httpx: HTTP Request: GET https://data.binance.vision/data/futures/um/daily/metrics/BTCUSDT/BTCUSDT-metrics-2024-06-19.zip.CHECKSUM "HTTP/1.1 200 OK"
2026-09-27 22:32:19,225 [INFO] httpx: HTTP Request: GET https://data.binance.vision/data/futures/um/daily/metrics/BTCUSDT/BTCUSDT-metrics-2024-06-20.zip "HTTP/1.1 200 OK"
2026-09-27 22:32:19,986 [INFO] httpx: HTTP Request: GET https://data.binance.vision/data/futures/um/daily/metrics/BTCUSDT/BTCUSDT-metrics-2024-06-20.zip.CHECKSUM "HTTP/1.1 200 OK"
2026-09-27 22:32:20,763 [INFO] httpx: HTTP Request: GET https://data.binance.vision/data/futures/um/daily/metrics/BTCUSDT/BTCUSDT-metrics-2024-06-21.zip "HTTP/1.1 200 OK"
2026-09-27 22:32:21,532 [INFO] httpx: HTTP Request: GET https://data.binance.vision/data/futures/um/daily/metrics/BTCUSDT/BTCUSDT-metrics-2024-06-21.zip.CHECKSUM "HTTP/1.1 200 OK"
2026-09-27 22:32:21,820 [INFO] httpx: HTTP Request: GET https://data.binance.vision/data/futures/um/daily/metrics/BTCUSDT/BTCUSDT-metrics-2024-06-22.zip "HTTP/1.1 200 OK"
2026-09-27 22:32:22,584 [INFO] httpx: HTTP Request: GET https://data.binance.vision/data/futures/um/daily/metrics/BTCUSDT/BTCUSDT-metrics-2024-06-22.zip.CHECKSUM "HTTP/1.1 200 OK"
2026-09-27 22:32:23,382 [INFO] httpx: HTTP Request: GET https://data.binance.vision/data/futures/um/daily/metrics/BTCUSDT/BTCUSDT-metrics-2024-06-23.zip "HTTP/1.1 200 OK"
2026-09-27 22:32:24,159 [INFO] httpx: HTTP Request: GET https://data.binance.vision/data/futures/um/daily/metrics/BTCUSDT/BTCUSDT-metrics-2024-06-23.zip.CHECKSUM "HTTP/1.1 200 OK"
2026-09-27 22:32:24,963 [INFO] httpx: HTTP Request: GET https://data.binance.vision/data/futures/um/daily/metrics/BTCUSDT/BTCUSDT-metrics-2024-06-24.zip "HTTP/1.1 200 OK"
2026-09-27 22:32:25,724 [INFO] httpx: HTTP Request: GET https://data.binance.vision/data/futures/um/daily/metrics/BTCUSDT/BTCUSDT-metrics-2024-06-24.zip.CHECKSUM "HTTP/1.1 200 OK"
2026-09-27 22:32:26,505 [INFO] httpx: HTTP Request: GET https://data.binance.vision/data/futures/um/daily/metrics/BTCUSDT/BTCUSDT-metrics-2024-06-25.zip "HTTP/1.1 200 OK"
2026-09-27 22:32:27,274 [INFO] httpx: HTTP Request: GET https://data.binance.vision/data/futures/um/daily/metrics/BTCUSDT/BTCUSDT-metrics-2024-06-25.zip.CHECKSUM "HTTP/1.1 200 OK"
2026-09-27 22:32:28,045 [INFO] httpx: HTTP Request: GET https://data.binance.vision/data/futures/um/daily/metrics/BTCUSDT/BTCUSDT-metrics-2024-06-26.zip "HTTP/1.1 200 OK"
2026-09-27 22:32:28,817 [INFO] httpx: HTTP Request: GET https://data.binance.vision/data/futures/um/daily/metrics/BTCUSDT/BTCUSDT-metrics-2024-06-26.zip.CHECKSUM "HTTP/1.1 200 OK"
2026-09-27 22:32:29,535 [INFO] httpx: HTTP Request: GET https://data.binance.vision/data/futures/um/daily/metrics/BTCUSDT/BTCUSDT-metrics-2024-06-27.zip "HTTP/1.1 200 OK"
2026-09-27 22:32:29,813 [INFO] httpx: HTTP Request: GET https://data.binance.vision/data/futures/um/daily/metrics/BTCUSDT/BTCUSDT-metrics-2024-06-27.zip.CHECKSUM "HTTP/1.1 200 OK"
2026-09-27 22:32:30,594 [INFO] httpx: HTTP Request: GET https://data.binance.vision/data/futures/um/daily/metrics/BTCUSDT/BTCUSDT-metrics-2024-06-28.zip "HTTP/1.1 200 OK"
2026-09-27 22:32:31,352 [INFO] httpx: HTTP Request: GET https://data.binance.vision/data/futures/um/daily/metrics/BTCUSDT/BTCUSDT-metrics-2024-06-28.zip.CHECKSUM "HTTP/1.1 200 OK"
2026-09-27 22:32:32,132 [INFO] httpx: HTTP Request: GET https://data.binance.vision/data/futures/um/daily/metrics/BTCUSDT/BTCUSDT-metrics-2024-06-29.zip "HTTP/1.1 200 OK"
2026-09-27 22:32:32,909 [INFO] httpx: HTTP Request: GET https://data.binance.vision/data/futures/um/daily/metrics/BTCUSDT/BTCUSDT-metrics-2024-06-29.zip.CHECKSUM "HTTP/1.1 200 OK"
2026-09-27 22:32:33,712 [INFO] httpx: HTTP Request: GET https://data.binance.vision/data/futures/um/daily/metrics/BTCUSDT/BTCUSDT-metrics-2024-06-30.zip "HTTP/1.1 200 OK"
2026-09-27 22:32:34,472 [INFO] httpx: HTTP Request: GET https://data.binance.vision/data/futures/um/daily/metrics/BTCUSDT/BTCUSDT-metrics-2024-06-30.zip.CHECKSUM "HTTP/1.1 200 OK"
2026-09-27 22:32:35,257 [INFO] httpx: HTTP Request: GET https://data.binance.vision/data/futures/um/daily/metrics/BTCUSDT/BTCUSDT-metrics-2024-07-01.zip "HTTP/1.1 200 OK"
2026-09-27 22:32:36,014 [INFO] httpx: HTTP Request: GET https://data.binance.vision/data/futures/um/daily/metrics/BTCUSDT/BTCUSDT-metrics-2024-07-01.zip.CHECKSUM "HTTP/1.1 200 OK"
2026-09-27 22:32:36,787 [INFO] httpx: HTTP Request: GET https://data.binance.vision/data/futures/um/daily/metrics/BTCUSDT/BTCUSDT-metrics-2024-07-02.zip "HTTP/1.1 200 OK"
2026-09-27 22:32:37,564 [INFO] httpx: HTTP Request: GET https://data.binance.vision/data/futures/um/daily/metrics/BTCUSDT/BTCUSDT-metrics-2024-07-02.zip.CHECKSUM "HTTP/1.1 200 OK"
2026-09-27 22:32:38,355 [INFO] httpx: HTTP Request: GET https://data.binance.vision/data/futures/um/daily/metrics/BTCUSDT/BTCUSDT-metrics-2024-07-03.zip "HTTP/1.1 200 OK"
2026-09-27 22:32:39,130 [INFO] httpx: HTTP Request: GET https://data.binance.vision/data/futures/um/daily/metrics/BTCUSDT/BTCUSDT-metrics-2024-07-03.zip.CHECKSUM "HTTP/1.1 200 OK"
2026-09-27 22:32:39,418 [INFO] httpx: HTTP Request: GET https://data.binance.vision/data/futures/um/daily/metrics/BTCUSDT/BTCUSDT-metrics-2024-07-04.zip "HTTP/1.1 200 OK"
2026-09-27 22:32:39,703 [INFO] httpx: HTTP Request: GET https://data.binance.vision/data/futures/um/daily/metrics/BTCUSDT/BTCUSDT-metrics-2024-07-04.zip.CHECKSUM "HTTP/1.1 200 OK"
2026-09-27 22:32:40,498 [INFO] httpx: HTTP Request: GET https://data.binance.vision/data/futures/um/daily/metrics/BTCUSDT/BTCUSDT-metrics-2024-07-05.zip "HTTP/1.1 200 OK"
2026-09-27 22:32:40,780 [INFO] httpx: HTTP Request: GET https://data.binance.vision/data/futures/um/daily/metrics/BTCUSDT/BTCUSDT-metrics-2024-07-05.zip.CHECKSUM "HTTP/1.1 200 OK"
2026-09-27 22:32:41,568 [INFO] httpx: HTTP Request: GET https://data.binance.vision/data/futures/um/daily/metrics/BTCUSDT/BTCUSDT-metrics-2024-07-06.zip "HTTP/1.1 200 OK"
2026-09-27 22:32:42,059 [INFO] httpx: HTTP Request: GET https://data.binance.vision/data/futures/um/daily/metrics/BTCUSDT/BTCUSDT-metrics-2024-07-06.zip.CHECKSUM "HTTP/1.1 200 OK"
2026-09-27 22:32:42,844 [INFO] httpx: HTTP Request: GET https://data.binance.vision/data/futures/um/daily/metrics/BTCUSDT/BTCUSDT-metrics-2024-07-07.zip "HTTP/1.1 200 OK"
2026-09-27 22:32:43,622 [INFO] httpx: HTTP Request: GET https://data.binance.vision/data/futures/um/daily/metrics/BTCUSDT/BTCUSDT-metrics-2024-07-07.zip.CHECKSUM "HTTP/1.1 200 OK"
2026-09-27 22:32:44,415 [INFO] httpx: HTTP Request: GET https://data.binance.vision/data/futures/um/daily/metrics/BTCUSDT/BTCUSDT-metrics-2024-07-08.zip "HTTP/1.1 200 OK"
2026-09-27 22:32:45,179 [INFO] httpx: HTTP Request: GET https://data.binance.vision/data/futures/um/daily/metrics/BTCUSDT/BTCUSDT-metrics-2024-07-08.zip.CHECKSUM "HTTP/1.1 200 OK"
2026-09-27 22:32:45,465 [INFO] httpx: HTTP Request: GET https://data.binance.vision/data/futures/um/daily/metrics/BTCUSDT/BTCUSDT-metrics-2024-07-09.zip "HTTP/1.1 200 OK"
2026-09-27 22:32:46,232 [INFO] httpx: HTTP Request: GET https://data.binance.vision/data/futures/um/daily/metrics/BTCUSDT/BTCUSDT-metrics-2024-07-09.zip.CHECKSUM "HTTP/1.1 200 OK"
2026-09-27 22:32:47,017 [INFO] httpx: HTTP Request: GET https://data.binance.vision/data/futures/um/daily/metrics/BTCUSDT/BTCUSDT-metrics-2024-07-10.zip "HTTP/1.1 200 OK"
2026-09-27 22:32:47,779 [INFO] httpx: HTTP Request: GET https://data.binance.vision/data/futures/um/daily/metrics/BTCUSDT/BTCUSDT-metrics-2024-07-10.zip.CHECKSUM "HTTP/1.1 200 OK"
2026-09-27 22:32:48,577 [INFO] httpx: HTTP Request: GET https://data.binance.vision/data/futures/um/daily/metrics/BTCUSDT/BTCUSDT-metrics-2024-07-11.zip "HTTP/1.1 200 OK"
2026-09-27 22:32:49,340 [INFO] httpx: HTTP Request: GET https://data.binance.vision/data/futures/um/daily/metrics/BTCUSDT/BTCUSDT-metrics-2024-07-11.zip.CHECKSUM "HTTP/1.1 200 OK"
2026-09-27 22:32:51,352 [INFO] httpx: HTTP Request: GET https://data.binance.vision/data/futures/um/daily/metrics/BTCUSDT/BTCUSDT-metrics-2024-07-12.zip "HTTP/1.1 200 OK"
2026-09-27 22:32:52,119 [INFO] httpx: HTTP Request: GET https://data.binance.vision/data/futures/um/daily/metrics/BTCUSDT/BTCUSDT-metrics-2024-07-12.zip.CHECKSUM "HTTP/1.1 200 OK"
2026-09-27 22:32:52,909 [INFO] httpx: HTTP Request: GET https://data.binance.vision/data/futures/um/daily/metrics/BTCUSDT/BTCUSDT-metrics-2024-07-13.zip "HTTP/1.1 200 OK"
2026-09-27 22:32:53,685 [INFO] httpx: HTTP Request: GET https://data.binance.vision/data/futures/um/daily/metrics/BTCUSDT/BTCUSDT-metrics-2024-07-13.zip.CHECKSUM "HTTP/1.1 200 OK"
2026-09-27 22:32:54,479 [INFO] httpx: HTTP Request: GET https://data.binance.vision/data/futures/um/daily/metrics/BTCUSDT/BTCUSDT-metrics-2024-07-14.zip "HTTP/1.1 200 OK"
2026-09-27 22:32:54,757 [INFO] httpx: HTTP Request: GET https://data.binance.vision/data/futures/um/daily/metrics/BTCUSDT/BTCUSDT-metrics-2024-07-14.zip.CHECKSUM "HTTP/1.1 200 OK"
2026-09-27 22:32:55,547 [INFO] httpx: HTTP Request: GET https://data.binance.vision/data/futures/um/daily/metrics/BTCUSDT/BTCUSDT-metrics-2024-07-15.zip "HTTP/1.1 200 OK"
2026-09-27 22:32:56,332 [INFO] httpx: HTTP Request: GET https://data.binance.vision/data/futures/um/daily/metrics/BTCUSDT/BTCUSDT-metrics-2024-07-15.zip.CHECKSUM "HTTP/1.1 200 OK"
2026-09-27 22:32:57,114 [INFO] httpx: HTTP Request: GET https://data.binance.vision/data/futures/um/daily/metrics/BTCUSDT/BTCUSDT-metrics-2024-07-16.zip "HTTP/1.1 200 OK"
2026-09-27 22:32:57,891 [INFO] httpx: HTTP Request: GET https://data.binance.vision/data/futures/um/daily/metrics/BTCUSDT/BTCUSDT-metrics-2024-07-16.zip.CHECKSUM "HTTP/1.1 200 OK"
2026-09-27 22:32:58,674 [INFO] httpx: HTTP Request: GET https://data.binance.vision/data/futures/um/daily/metrics/BTCUSDT/BTCUSDT-metrics-2024-07-17.zip "HTTP/1.1 200 OK"
2026-09-27 22:32:58,949 [INFO] httpx: HTTP Request: GET https://data.binance.vision/data/futures/um/daily/metrics/BTCUSDT/BTCUSDT-metrics-2024-07-17.zip.CHECKSUM "HTTP/1.1 200 OK"
2026-09-27 22:32:59,747 [INFO] httpx: HTTP Request: GET https://data.binance.vision/data/futures/um/daily/metrics/BTCUSDT/BTCUSDT-metrics-2024-07-18.zip "HTTP/1.1 200 OK"
2026-09-27 22:33:00,517 [INFO] httpx: HTTP Request: GET https://data.binance.vision/data/futures/um/daily/metrics/BTCUSDT/BTCUSDT-metrics-2024-07-18.zip.CHECKSUM "HTTP/1.1 200 OK"
2026-09-27 22:33:01,291 [INFO] httpx: HTTP Request: GET https://data.binance.vision/data/futures/um/daily/metrics/BTCUSDT/BTCUSDT-metrics-2024-07-19.zip "HTTP/1.1 200 OK"
2026-09-27 22:33:02,050 [INFO] httpx: HTTP Request: GET https://data.binance.vision/data/futures/um/daily/metrics/BTCUSDT/BTCUSDT-metrics-2024-07-19.zip.CHECKSUM "HTTP/1.1 200 OK"
2026-09-27 22:33:02,826 [INFO] httpx: HTTP Request: GET https://data.binance.vision/data/futures/um/daily/metrics/BTCUSDT/BTCUSDT-metrics-2024-07-20.zip "HTTP/1.1 200 OK"
2026-09-27 22:33:03,099 [INFO] httpx: HTTP Request: GET https://data.binance.vision/data/futures/um/daily/metrics/BTCUSDT/BTCUSDT-metrics-2024-07-20.zip.CHECKSUM "HTTP/1.1 200 OK"
2026-09-27 22:33:03,873 [INFO] httpx: HTTP Request: GET https://data.binance.vision/data/futures/um/daily/metrics/BTCUSDT/BTCUSDT-metrics-2024-07-21.zip "HTTP/1.1 200 OK"
2026-09-27 22:33:04,645 [INFO] httpx: HTTP Request: GET https://data.binance.vision/data/futures/um/daily/metrics/BTCUSDT/BTCUSDT-metrics-2024-07-21.zip.CHECKSUM "HTTP/1.1 200 OK"
2026-09-27 22:33:04,941 [INFO] httpx: HTTP Request: GET https://data.binance.vision/data/futures/um/daily/metrics/BTCUSDT/BTCUSDT-metrics-2024-07-22.zip "HTTP/1.1 200 OK"
2026-09-27 22:33:05,219 [INFO] httpx: HTTP Request: GET https://data.binance.vision/data/futures/um/daily/metrics/BTCUSDT/BTCUSDT-metrics-2024-07-22.zip.CHECKSUM "HTTP/1.1 200 OK"
2026-09-27 22:33:05,512 [INFO] httpx: HTTP Request: GET https://data.binance.vision/data/futures/um/daily/metrics/BTCUSDT/BTCUSDT-metrics-2024-07-23.zip "HTTP/1.1 200 OK"
2026-09-27 22:33:06,272 [INFO] httpx: HTTP Request: GET https://data.binance.vision/data/futures/um/daily/metrics/BTCUSDT/BTCUSDT-metrics-2024-07-23.zip.CHECKSUM "HTTP/1.1 200 OK"
2026-09-27 22:33:07,044 [INFO] httpx: HTTP Request: GET https://data.binance.vision/data/futures/um/daily/metrics/BTCUSDT/BTCUSDT-metrics-2024-07-24.zip "HTTP/1.1 200 OK"
2026-09-27 22:33:07,842 [INFO] httpx: HTTP Request: GET https://data.binance.vision/data/futures/um/daily/metrics/BTCUSDT/BTCUSDT-metrics-2024-07-24.zip.CHECKSUM "HTTP/1.1 200 OK"
2026-09-27 22:33:08,620 [INFO] httpx: HTTP Request: GET https://data.binance.vision/data/futures/um/daily/metrics/BTCUSDT/BTCUSDT-metrics-2024-07-25.zip "HTTP/1.1 200 OK"
2026-09-27 22:33:09,380 [INFO] httpx: HTTP Request: GET https://data.binance.vision/data/futures/um/daily/metrics/BTCUSDT/BTCUSDT-metrics-2024-07-25.zip.CHECKSUM "HTTP/1.1 200 OK"
2026-09-27 22:33:09,682 [INFO] httpx: HTTP Request: GET https://data.binance.vision/data/futures/um/daily/metrics/BTCUSDT/BTCUSDT-metrics-2024-07-26.zip "HTTP/1.1 200 OK"
2026-09-27 22:33:10,447 [INFO] httpx: HTTP Request: GET https://data.binance.vision/data/futures/um/daily/metrics/BTCUSDT/BTCUSDT-metrics-2024-07-26.zip.CHECKSUM "HTTP/1.1 200 OK"
2026-09-27 22:33:11,237 [INFO] httpx: HTTP Request: GET https://data.binance.vision/data/futures/um/daily/metrics/BTCUSDT/BTCUSDT-metrics-2024-07-27.zip "HTTP/1.1 200 OK"
2026-09-27 22:33:12,012 [INFO] httpx: HTTP Request: GET https://data.binance.vision/data/futures/um/daily/metrics/BTCUSDT/BTCUSDT-metrics-2024-07-27.zip.CHECKSUM "HTTP/1.1 200 OK"
2026-09-27 22:33:12,709 [INFO] httpx: HTTP Request: GET https://data.binance.vision/data/futures/um/daily/metrics/BTCUSDT/BTCUSDT-metrics-2024-07-28.zip "HTTP/1.1 200 OK"
2026-09-27 22:33:13,469 [INFO] httpx: HTTP Request: GET https://data.binance.vision/data/futures/um/daily/metrics/BTCUSDT/BTCUSDT-metrics-2024-07-28.zip.CHECKSUM "HTTP/1.1 200 OK"
2026-09-27 22:33:14,265 [INFO] httpx: HTTP Request: GET https://data.binance.vision/data/futures/um/daily/metrics/BTCUSDT/BTCUSDT-metrics-2024-07-29.zip "HTTP/1.1 200 OK"
2026-09-27 22:33:15,020 [INFO] httpx: HTTP Request: GET https://data.binance.vision/data/futures/um/daily/metrics/BTCUSDT/BTCUSDT-metrics-2024-07-29.zip.CHECKSUM "HTTP/1.1 200 OK"
2026-09-27 22:33:15,808 [INFO] httpx: HTTP Request: GET https://data.binance.vision/data/futures/um/daily/metrics/BTCUSDT/BTCUSDT-metrics-2024-07-30.zip "HTTP/1.1 200 OK"
2026-09-27 22:33:16,571 [INFO] httpx: HTTP Request: GET https://data.binance.vision/data/futures/um/daily/metrics/BTCUSDT/BTCUSDT-metrics-2024-07-30.zip.CHECKSUM "HTTP/1.1 200 OK"
2026-09-27 22:33:17,358 [INFO] httpx: HTTP Request: GET https://data.binance.vision/data/futures/um/daily/metrics/BTCUSDT/BTCUSDT-metrics-2024-07-31.zip "HTTP/1.1 200 OK"
2026-09-27 22:33:18,129 [INFO] httpx: HTTP Request: GET https://data.binance.vision/data/futures/um/daily/metrics/BTCUSDT/BTCUSDT-metrics-2024-07-31.zip.CHECKSUM "HTTP/1.1 200 OK"
2026-09-27 22:33:18,428 [INFO] httpx: HTTP Request: GET https://data.binance.vision/data/futures/um/daily/metrics/BTCUSDT/BTCUSDT-metrics-2024-08-01.zip "HTTP/1.1 200 OK"
2026-09-27 22:33:18,767 [INFO] httpx: HTTP Request: GET https://data.binance.vision/data/futures/um/daily/metrics/BTCUSDT/BTCUSDT-metrics-2024-08-01.zip.CHECKSUM "HTTP/1.1 200 OK"
2026-09-27 22:33:19,058 [INFO] httpx: HTTP Request: GET https://data.binance.vision/data/futures/um/daily/metrics/BTCUSDT/BTCUSDT-metrics-2024-08-02.zip "HTTP/1.1 200 OK"
2026-09-27 22:33:19,347 [INFO] httpx: HTTP Request: GET https://data.binance.vision/data/futures/um/daily/metrics/BTCUSDT/BTCUSDT-metrics-2024-08-02.zip.CHECKSUM "HTTP/1.1 200 OK"
2026-09-27 22:33:19,652 [INFO] httpx: HTTP Request: GET https://data.binance.vision/data/futures/um/daily/metrics/BTCUSDT/BTCUSDT-metrics-2024-08-03.zip "HTTP/1.1 200 OK"
2026-09-27 22:33:19,934 [INFO] httpx: HTTP Request: GET https://data.binance.vision/data/futures/um/daily/metrics/BTCUSDT/BTCUSDT-metrics-2024-08-03.zip.CHECKSUM "HTTP/1.1 200 OK"
2026-09-27 22:33:20,709 [INFO] httpx: HTTP Request: GET https://data.binance.vision/data/futures/um/daily/metrics/BTCUSDT/BTCUSDT-metrics-2024-08-04.zip "HTTP/1.1 200 OK"
2026-09-27 22:33:21,479 [INFO] httpx: HTTP Request: GET https://data.binance.vision/data/futures/um/daily/metrics/BTCUSDT/BTCUSDT-metrics-2024-08-04.zip.CHECKSUM "HTTP/1.1 200 OK"
2026-09-27 22:33:21,865 [INFO] httpx: HTTP Request: GET https://data.binance.vision/data/futures/um/daily/metrics/BTCUSDT/BTCUSDT-metrics-2024-08-05.zip "HTTP/1.1 200 OK"
2026-09-27 22:33:22,625 [INFO] httpx: HTTP Request: GET https://data.binance.vision/data/futures/um/daily/metrics/BTCUSDT/BTCUSDT-metrics-2024-08-05.zip.CHECKSUM "HTTP/1.1 200 OK"
2026-09-27 22:33:25,141 [INFO] httpx: HTTP Request: GET https://data.binance.vision/data/futures/um/daily/metrics/BTCUSDT/BTCUSDT-metrics-2024-08-06.zip "HTTP/1.1 200 OK"
2026-09-27 22:33:25,909 [INFO] httpx: HTTP Request: GET https://data.binance.vision/data/futures/um/daily/metrics/BTCUSDT/BTCUSDT-metrics-2024-08-06.zip.CHECKSUM "HTTP/1.1 200 OK"
2026-09-27 22:33:26,207 [INFO] httpx: HTTP Request: GET https://data.binance.vision/data/futures/um/daily/metrics/BTCUSDT/BTCUSDT-metrics-2024-08-07.zip "HTTP/1.1 200 OK"
2026-09-27 22:33:26,975 [INFO] httpx: HTTP Request: GET https://data.binance.vision/data/futures/um/daily/metrics/BTCUSDT/BTCUSDT-metrics-2024-08-07.zip.CHECKSUM "HTTP/1.1 200 OK"
2026-09-27 22:33:27,746 [INFO] httpx: HTTP Request: GET https://data.binance.vision/data/futures/um/daily/metrics/BTCUSDT/BTCUSDT-metrics-2024-08-08.zip "HTTP/1.1 200 OK"
2026-09-27 22:33:28,509 [INFO] httpx: HTTP Request: GET https://data.binance.vision/data/futures/um/daily/metrics/BTCUSDT/BTCUSDT-metrics-2024-08-08.zip.CHECKSUM "HTTP/1.1 200 OK"
2026-09-27 22:33:29,295 [INFO] httpx: HTTP Request: GET https://data.binance.vision/data/futures/um/daily/metrics/BTCUSDT/BTCUSDT-metrics-2024-08-09.zip "HTTP/1.1 200 OK"
2026-09-27 22:33:30,076 [INFO] httpx: HTTP Request: GET https://data.binance.vision/data/futures/um/daily/metrics/BTCUSDT/BTCUSDT-metrics-2024-08-09.zip.CHECKSUM "HTTP/1.1 200 OK"
2026-09-27 22:33:30,361 [INFO] httpx: HTTP Request: GET https://data.binance.vision/data/futures/um/daily/metrics/BTCUSDT/BTCUSDT-metrics-2024-08-10.zip "HTTP/1.1 200 OK"
2026-09-27 22:33:30,846 [INFO] httpx: HTTP Request: GET https://data.binance.vision/data/futures/um/daily/metrics/BTCUSDT/BTCUSDT-metrics-2024-08-10.zip.CHECKSUM "HTTP/1.1 200 OK"
2026-09-27 22:33:31,622 [INFO] httpx: HTTP Request: GET https://data.binance.vision/data/futures/um/daily/metrics/BTCUSDT/BTCUSDT-metrics-2024-08-11.zip "HTTP/1.1 200 OK"
2026-09-27 22:33:32,385 [INFO] httpx: HTTP Request: GET https://data.binance.vision/data/futures/um/daily/metrics/BTCUSDT/BTCUSDT-metrics-2024-08-11.zip.CHECKSUM "HTTP/1.1 200 OK"
2026-09-27 22:33:33,187 [INFO] httpx: HTTP Request: GET https://data.binance.vision/data/futures/um/daily/metrics/BTCUSDT/BTCUSDT-metrics-2024-08-12.zip "HTTP/1.1 200 OK"
2026-09-27 22:33:33,484 [INFO] httpx: HTTP Request: GET https://data.binance.vision/data/futures/um/daily/metrics/BTCUSDT/BTCUSDT-metrics-2024-08-12.zip.CHECKSUM "HTTP/1.1 200 OK"
2026-09-27 22:33:34,262 [INFO] httpx: HTTP Request: GET https://data.binance.vision/data/futures/um/daily/metrics/BTCUSDT/BTCUSDT-metrics-2024-08-13.zip "HTTP/1.1 200 OK"
2026-09-27 22:33:34,538 [INFO] httpx: HTTP Request: GET https://data.binance.vision/data/futures/um/daily/metrics/BTCUSDT/BTCUSDT-metrics-2024-08-13.zip.CHECKSUM "HTTP/1.1 200 OK"
2026-09-27 22:33:35,318 [INFO] httpx: HTTP Request: GET https://data.binance.vision/data/futures/um/daily/metrics/BTCUSDT/BTCUSDT-metrics-2024-08-14.zip "HTTP/1.1 200 OK"
2026-09-27 22:33:35,600 [INFO] httpx: HTTP Request: GET https://data.binance.vision/data/futures/um/daily/metrics/BTCUSDT/BTCUSDT-metrics-2024-08-14.zip.CHECKSUM "HTTP/1.1 200 OK"
2026-09-27 22:33:36,393 [INFO] httpx: HTTP Request: GET https://data.binance.vision/data/futures/um/daily/metrics/BTCUSDT/BTCUSDT-metrics-2024-08-15.zip "HTTP/1.1 200 OK"
2026-09-27 22:33:37,170 [INFO] httpx: HTTP Request: GET https://data.binance.vision/data/futures/um/daily/metrics/BTCUSDT/BTCUSDT-metrics-2024-08-15.zip.CHECKSUM "HTTP/1.1 200 OK"
2026-09-27 22:33:37,476 [INFO] httpx: HTTP Request: GET https://data.binance.vision/data/futures/um/daily/metrics/BTCUSDT/BTCUSDT-metrics-2024-08-16.zip "HTTP/1.1 200 OK"
2026-09-27 22:33:38,257 [INFO] httpx: HTTP Request: GET https://data.binance.vision/data/futures/um/daily/metrics/BTCUSDT/BTCUSDT-metrics-2024-08-16.zip.CHECKSUM "HTTP/1.1 200 OK"
2026-09-27 22:33:39,038 [INFO] httpx: HTTP Request: GET https://data.binance.vision/data/futures/um/daily/metrics/BTCUSDT/BTCUSDT-metrics-2024-08-17.zip "HTTP/1.1 200 OK"
2026-09-27 22:33:39,717 [INFO] httpx: HTTP Request: GET https://data.binance.vision/data/futures/um/daily/metrics/BTCUSDT/BTCUSDT-metrics-2024-08-17.zip.CHECKSUM "HTTP/1.1 200 OK"
2026-09-27 22:33:40,509 [INFO] httpx: HTTP Request: GET https://data.binance.vision/data/futures/um/daily/metrics/BTCUSDT/BTCUSDT-metrics-2024-08-18.zip "HTTP/1.1 200 OK"
2026-09-27 22:33:41,273 [INFO] httpx: HTTP Request: GET https://data.binance.vision/data/futures/um/daily/metrics/BTCUSDT/BTCUSDT-metrics-2024-08-18.zip.CHECKSUM "HTTP/1.1 200 OK"
2026-09-27 22:33:42,067 [INFO] httpx: HTTP Request: GET https://data.binance.vision/data/futures/um/daily/metrics/BTCUSDT/BTCUSDT-metrics-2024-08-19.zip "HTTP/1.1 200 OK"
2026-09-27 22:33:42,837 [INFO] httpx: HTTP Request: GET https://data.binance.vision/data/futures/um/daily/metrics/BTCUSDT/BTCUSDT-metrics-2024-08-19.zip.CHECKSUM "HTTP/1.1 200 OK"
2026-09-27 22:33:43,134 [INFO] httpx: HTTP Request: GET https://data.binance.vision/data/futures/um/daily/metrics/BTCUSDT/BTCUSDT-metrics-2024-08-20.zip "HTTP/1.1 200 OK"
2026-09-27 22:33:43,903 [INFO] httpx: HTTP Request: GET https://data.binance.vision/data/futures/um/daily/metrics/BTCUSDT/BTCUSDT-metrics-2024-08-20.zip.CHECKSUM "HTTP/1.1 200 OK"
2026-09-27 22:33:44,681 [INFO] httpx: HTTP Request: GET https://data.binance.vision/data/futures/um/daily/metrics/BTCUSDT/BTCUSDT-metrics-2024-08-21.zip "HTTP/1.1 200 OK"
2026-09-27 22:33:45,454 [INFO] httpx: HTTP Request: GET https://data.binance.vision/data/futures/um/daily/metrics/BTCUSDT/BTCUSDT-metrics-2024-08-21.zip.CHECKSUM "HTTP/1.1 200 OK"
2026-09-27 22:33:46,241 [INFO] httpx: HTTP Request: GET https://data.binance.vision/data/futures/um/daily/metrics/BTCUSDT/BTCUSDT-metrics-2024-08-22.zip "HTTP/1.1 200 OK"
2026-09-27 22:33:47,030 [INFO] httpx: HTTP Request: GET https://data.binance.vision/data/futures/um/daily/metrics/BTCUSDT/BTCUSDT-metrics-2024-08-22.zip.CHECKSUM "HTTP/1.1 200 OK"
2026-09-27 22:33:47,815 [INFO] httpx: HTTP Request: GET https://data.binance.vision/data/futures/um/daily/metrics/BTCUSDT/BTCUSDT-metrics-2024-08-23.zip "HTTP/1.1 200 OK"
2026-09-27 22:33:48,604 [INFO] httpx: HTTP Request: GET https://data.binance.vision/data/futures/um/daily/metrics/BTCUSDT/BTCUSDT-metrics-2024-08-23.zip.CHECKSUM "HTTP/1.1 200 OK"
2026-09-27 22:33:49,387 [INFO] httpx: HTTP Request: GET https://data.binance.vision/data/futures/um/daily/metrics/BTCUSDT/BTCUSDT-metrics-2024-08-24.zip "HTTP/1.1 200 OK"
2026-09-27 22:33:50,156 [INFO] httpx: HTTP Request: GET https://data.binance.vision/data/futures/um/daily/metrics/BTCUSDT/BTCUSDT-metrics-2024-08-24.zip.CHECKSUM "HTTP/1.1 200 OK"
2026-09-27 22:33:50,942 [INFO] httpx: HTTP Request: GET https://data.binance.vision/data/futures/um/daily/metrics/BTCUSDT/BTCUSDT-metrics-2024-08-25.zip "HTTP/1.1 200 OK"
2026-09-27 22:33:51,698 [INFO] httpx: HTTP Request: GET https://data.binance.vision/data/futures/um/daily/metrics/BTCUSDT/BTCUSDT-metrics-2024-08-25.zip.CHECKSUM "HTTP/1.1 200 OK"
2026-09-27 22:33:52,462 [INFO] httpx: HTTP Request: GET https://data.binance.vision/data/futures/um/daily/metrics/BTCUSDT/BTCUSDT-metrics-2024-08-26.zip "HTTP/1.1 200 OK"
2026-09-27 22:33:53,228 [INFO] httpx: HTTP Request: GET https://data.binance.vision/data/futures/um/daily/metrics/BTCUSDT/BTCUSDT-metrics-2024-08-26.zip.CHECKSUM "HTTP/1.1 200 OK"
2026-09-27 22:33:53,633 [INFO] httpx: HTTP Request: GET https://data.binance.vision/data/futures/um/daily/metrics/BTCUSDT/BTCUSDT-metrics-2024-08-27.zip "HTTP/1.1 200 OK"
2026-09-27 22:33:54,391 [INFO] httpx: HTTP Request: GET https://data.binance.vision/data/futures/um/daily/metrics/BTCUSDT/BTCUSDT-metrics-2024-08-27.zip.CHECKSUM "HTTP/1.1 200 OK"
2026-09-27 22:33:54,675 [INFO] httpx: HTTP Request: GET https://data.binance.vision/data/futures/um/daily/metrics/BTCUSDT/BTCUSDT-metrics-2024-08-28.zip "HTTP/1.1 200 OK"
2026-09-27 22:33:54,954 [INFO] httpx: HTTP Request: GET https://data.binance.vision/data/futures/um/daily/metrics/BTCUSDT/BTCUSDT-metrics-2024-08-28.zip.CHECKSUM "HTTP/1.1 200 OK"
2026-09-27 22:33:55,244 [INFO] httpx: HTTP Request: GET https://data.binance.vision/data/futures/um/daily/metrics/BTCUSDT/BTCUSDT-metrics-2024-08-29.zip "HTTP/1.1 200 OK"
2026-09-27 22:33:56,004 [INFO] httpx: HTTP Request: GET https://data.binance.vision/data/futures/um/daily/metrics/BTCUSDT/BTCUSDT-metrics-2024-08-29.zip.CHECKSUM "HTTP/1.1 200 OK"
2026-09-27 22:33:56,554 [INFO] httpx: HTTP Request: GET https://data.binance.vision/data/futures/um/daily/metrics/BTCUSDT/BTCUSDT-metrics-2024-08-30.zip "HTTP/1.1 200 OK"
2026-09-27 22:33:57,323 [INFO] httpx: HTTP Request: GET https://data.binance.vision/data/futures/um/daily/metrics/BTCUSDT/BTCUSDT-metrics-2024-08-30.zip.CHECKSUM "HTTP/1.1 200 OK"
2026-09-27 22:33:59,847 [INFO] httpx: HTTP Request: GET https://data.binance.vision/data/futures/um/daily/metrics/BTCUSDT/BTCUSDT-metrics-2024-08-31.zip "HTTP/1.1 200 OK"
2026-09-27 22:34:00,628 [INFO] httpx: HTTP Request: GET https://data.binance.vision/data/futures/um/daily/metrics/BTCUSDT/BTCUSDT-metrics-2024-08-31.zip.CHECKSUM "HTTP/1.1 200 OK"
2026-09-27 22:34:00,951 [INFO] httpx: HTTP Request: GET https://data.binance.vision/data/futures/um/daily/metrics/BTCUSDT/BTCUSDT-metrics-2024-09-01.zip "HTTP/1.1 200 OK"
2026-09-27 22:34:01,227 [INFO] httpx: HTTP Request: GET https://data.binance.vision/data/futures/um/daily/metrics/BTCUSDT/BTCUSDT-metrics-2024-09-01.zip.CHECKSUM "HTTP/1.1 200 OK"
2026-09-27 22:34:01,527 [INFO] httpx: HTTP Request: GET https://data.binance.vision/data/futures/um/daily/metrics/BTCUSDT/BTCUSDT-metrics-2024-09-02.zip "HTTP/1.1 200 OK"
2026-09-27 22:34:01,806 [INFO] httpx: HTTP Request: GET https://data.binance.vision/data/futures/um/daily/metrics/BTCUSDT/BTCUSDT-metrics-2024-09-02.zip.CHECKSUM "HTTP/1.1 200 OK"
2026-09-27 22:34:02,571 [INFO] httpx: HTTP Request: GET https://data.binance.vision/data/futures/um/daily/metrics/BTCUSDT/BTCUSDT-metrics-2024-09-03.zip "HTTP/1.1 200 OK"
2026-09-27 22:34:03,355 [INFO] httpx: HTTP Request: GET https://data.binance.vision/data/futures/um/daily/metrics/BTCUSDT/BTCUSDT-metrics-2024-09-03.zip.CHECKSUM "HTTP/1.1 200 OK"
2026-09-27 22:34:04,134 [INFO] httpx: HTTP Request: GET https://data.binance.vision/data/futures/um/daily/metrics/BTCUSDT/BTCUSDT-metrics-2024-09-04.zip "HTTP/1.1 200 OK"
2026-09-27 22:34:04,413 [INFO] httpx: HTTP Request: GET https://data.binance.vision/data/futures/um/daily/metrics/BTCUSDT/BTCUSDT-metrics-2024-09-04.zip.CHECKSUM "HTTP/1.1 200 OK"
2026-09-27 22:34:04,711 [INFO] httpx: HTTP Request: GET https://data.binance.vision/data/futures/um/daily/metrics/BTCUSDT/BTCUSDT-metrics-2024-09-05.zip "HTTP/1.1 200 OK"
2026-09-27 22:34:05,474 [INFO] httpx: HTTP Request: GET https://data.binance.vision/data/futures/um/daily/metrics/BTCUSDT/BTCUSDT-metrics-2024-09-05.zip.CHECKSUM "HTTP/1.1 200 OK"
2026-09-27 22:34:06,261 [INFO] httpx: HTTP Request: GET https://data.binance.vision/data/futures/um/daily/metrics/BTCUSDT/BTCUSDT-metrics-2024-09-06.zip "HTTP/1.1 200 OK"
2026-09-27 22:34:06,540 [INFO] httpx: HTTP Request: GET https://data.binance.vision/data/futures/um/daily/metrics/BTCUSDT/BTCUSDT-metrics-2024-09-06.zip.CHECKSUM "HTTP/1.1 200 OK"
2026-09-27 22:34:07,317 [INFO] httpx: HTTP Request: GET https://data.binance.vision/data/futures/um/daily/metrics/BTCUSDT/BTCUSDT-metrics-2024-09-07.zip "HTTP/1.1 200 OK"
2026-09-27 22:34:08,089 [INFO] httpx: HTTP Request: GET https://data.binance.vision/data/futures/um/daily/metrics/BTCUSDT/BTCUSDT-metrics-2024-09-07.zip.CHECKSUM "HTTP/1.1 200 OK"
2026-09-27 22:34:08,868 [INFO] httpx: HTTP Request: GET https://data.binance.vision/data/futures/um/daily/metrics/BTCUSDT/BTCUSDT-metrics-2024-09-08.zip "HTTP/1.1 200 OK"
2026-09-27 22:34:09,631 [INFO] httpx: HTTP Request: GET https://data.binance.vision/data/futures/um/daily/metrics/BTCUSDT/BTCUSDT-metrics-2024-09-08.zip.CHECKSUM "HTTP/1.1 200 OK"
2026-09-27 22:34:10,400 [INFO] httpx: HTTP Request: GET https://data.binance.vision/data/futures/um/daily/metrics/BTCUSDT/BTCUSDT-metrics-2024-09-09.zip "HTTP/1.1 200 OK"
2026-09-27 22:34:11,172 [INFO] httpx: HTTP Request: GET https://data.binance.vision/data/futures/um/daily/metrics/BTCUSDT/BTCUSDT-metrics-2024-09-09.zip.CHECKSUM "HTTP/1.1 200 OK"
2026-09-27 22:34:11,464 [INFO] httpx: HTTP Request: GET https://data.binance.vision/data/futures/um/daily/metrics/BTCUSDT/BTCUSDT-metrics-2024-09-10.zip "HTTP/1.1 200 OK"
2026-09-27 22:34:12,236 [INFO] httpx: HTTP Request: GET https://data.binance.vision/data/futures/um/daily/metrics/BTCUSDT/BTCUSDT-metrics-2024-09-10.zip.CHECKSUM "HTTP/1.1 200 OK"
2026-09-27 22:34:13,012 [INFO] httpx: HTTP Request: GET https://data.binance.vision/data/futures/um/daily/metrics/BTCUSDT/BTCUSDT-metrics-2024-09-11.zip "HTTP/1.1 200 OK"
2026-09-27 22:34:13,782 [INFO] httpx: HTTP Request: GET https://data.binance.vision/data/futures/um/daily/metrics/BTCUSDT/BTCUSDT-metrics-2024-09-11.zip.CHECKSUM "HTTP/1.1 200 OK"
2026-09-27 22:34:14,079 [INFO] httpx: HTTP Request: GET https://data.binance.vision/data/futures/um/daily/metrics/BTCUSDT/BTCUSDT-metrics-2024-09-12.zip "HTTP/1.1 200 OK"
2026-09-27 22:34:14,855 [INFO] httpx: HTTP Request: GET https://data.binance.vision/data/futures/um/daily/metrics/BTCUSDT/BTCUSDT-metrics-2024-09-12.zip.CHECKSUM "HTTP/1.1 200 OK"
2026-09-27 22:34:15,146 [INFO] httpx: HTTP Request: GET https://data.binance.vision/data/futures/um/daily/metrics/BTCUSDT/BTCUSDT-metrics-2024-09-13.zip "HTTP/1.1 200 OK"
2026-09-27 22:34:15,425 [INFO] httpx: HTTP Request: GET https://data.binance.vision/data/futures/um/daily/metrics/BTCUSDT/BTCUSDT-metrics-2024-09-13.zip.CHECKSUM "HTTP/1.1 200 OK"
2026-09-27 22:34:16,196 [INFO] httpx: HTTP Request: GET https://data.binance.vision/data/futures/um/daily/metrics/BTCUSDT/BTCUSDT-metrics-2024-09-14.zip "HTTP/1.1 200 OK"
2026-09-27 22:34:16,961 [INFO] httpx: HTTP Request: GET https://data.binance.vision/data/futures/um/daily/metrics/BTCUSDT/BTCUSDT-metrics-2024-09-14.zip.CHECKSUM "HTTP/1.1 200 OK"
2026-09-27 22:34:17,751 [INFO] httpx: HTTP Request: GET https://data.binance.vision/data/futures/um/daily/metrics/BTCUSDT/BTCUSDT-metrics-2024-09-15.zip "HTTP/1.1 200 OK"
2026-09-27 22:34:18,543 [INFO] httpx: HTTP Request: GET https://data.binance.vision/data/futures/um/daily/metrics/BTCUSDT/BTCUSDT-metrics-2024-09-15.zip.CHECKSUM "HTTP/1.1 200 OK"
2026-09-27 22:34:19,324 [INFO] httpx: HTTP Request: GET https://data.binance.vision/data/futures/um/daily/metrics/BTCUSDT/BTCUSDT-metrics-2024-09-16.zip "HTTP/1.1 200 OK"
2026-09-27 22:34:20,094 [INFO] httpx: HTTP Request: GET https://data.binance.vision/data/futures/um/daily/metrics/BTCUSDT/BTCUSDT-metrics-2024-09-16.zip.CHECKSUM "HTTP/1.1 200 OK"
2026-09-27 22:34:20,387 [INFO] httpx: HTTP Request: GET https://data.binance.vision/data/futures/um/daily/metrics/BTCUSDT/BTCUSDT-metrics-2024-09-17.zip "HTTP/1.1 200 OK"
2026-09-27 22:34:21,164 [INFO] httpx: HTTP Request: GET https://data.binance.vision/data/futures/um/daily/metrics/BTCUSDT/BTCUSDT-metrics-2024-09-17.zip.CHECKSUM "HTTP/1.1 200 OK"
2026-09-27 22:34:21,933 [INFO] httpx: HTTP Request: GET https://data.binance.vision/data/futures/um/daily/metrics/BTCUSDT/BTCUSDT-metrics-2024-09-18.zip "HTTP/1.1 200 OK"
2026-09-27 22:34:22,703 [INFO] httpx: HTTP Request: GET https://data.binance.vision/data/futures/um/daily/metrics/BTCUSDT/BTCUSDT-metrics-2024-09-18.zip.CHECKSUM "HTTP/1.1 200 OK"
2026-09-27 22:34:23,477 [INFO] httpx: HTTP Request: GET https://data.binance.vision/data/futures/um/daily/metrics/BTCUSDT/BTCUSDT-metrics-2024-09-19.zip "HTTP/1.1 200 OK"
2026-09-27 22:34:23,750 [INFO] httpx: HTTP Request: GET https://data.binance.vision/data/futures/um/daily/metrics/BTCUSDT/BTCUSDT-metrics-2024-09-19.zip.CHECKSUM "HTTP/1.1 200 OK"
2026-09-27 22:34:24,551 [INFO] httpx: HTTP Request: GET https://data.binance.vision/data/futures/um/daily/metrics/BTCUSDT/BTCUSDT-metrics-2024-09-20.zip "HTTP/1.1 200 OK"
2026-09-27 22:34:24,825 [INFO] httpx: HTTP Request: GET https://data.binance.vision/data/futures/um/daily/metrics/BTCUSDT/BTCUSDT-metrics-2024-09-20.zip.CHECKSUM "HTTP/1.1 200 OK"
2026-09-27 22:34:25,131 [INFO] httpx: HTTP Request: GET https://data.binance.vision/data/futures/um/daily/metrics/BTCUSDT/BTCUSDT-metrics-2024-09-21.zip "HTTP/1.1 200 OK"
2026-09-27 22:34:25,904 [INFO] httpx: HTTP Request: GET https://data.binance.vision/data/futures/um/daily/metrics/BTCUSDT/BTCUSDT-metrics-2024-09-21.zip.CHECKSUM "HTTP/1.1 200 OK"
2026-09-27 22:34:26,679 [INFO] httpx: HTTP Request: GET https://data.binance.vision/data/futures/um/daily/metrics/BTCUSDT/BTCUSDT-metrics-2024-09-22.zip "HTTP/1.1 200 OK"
2026-09-27 22:34:27,448 [INFO] httpx: HTTP Request: GET https://data.binance.vision/data/futures/um/daily/metrics/BTCUSDT/BTCUSDT-metrics-2024-09-22.zip.CHECKSUM "HTTP/1.1 200 OK"
2026-09-27 22:34:28,231 [INFO] httpx: HTTP Request: GET https://data.binance.vision/data/futures/um/daily/metrics/BTCUSDT/BTCUSDT-metrics-2024-09-23.zip "HTTP/1.1 200 OK"
2026-09-27 22:34:29,006 [INFO] httpx: HTTP Request: GET https://data.binance.vision/data/futures/um/daily/metrics/BTCUSDT/BTCUSDT-metrics-2024-09-23.zip.CHECKSUM "HTTP/1.1 200 OK"
2026-09-27 22:34:29,833 [INFO] httpx: HTTP Request: GET https://data.binance.vision/data/futures/um/daily/metrics/BTCUSDT/BTCUSDT-metrics-2024-09-24.zip "HTTP/1.1 200 OK"
2026-09-27 22:34:30,595 [INFO] httpx: HTTP Request: GET https://data.binance.vision/data/futures/um/daily/metrics/BTCUSDT/BTCUSDT-metrics-2024-09-24.zip.CHECKSUM "HTTP/1.1 200 OK"
2026-09-27 22:34:30,913 [INFO] httpx: HTTP Request: GET https://data.binance.vision/data/futures/um/daily/metrics/BTCUSDT/BTCUSDT-metrics-2024-09-25.zip "HTTP/1.1 200 OK"
2026-09-27 22:34:33,394 [INFO] httpx: HTTP Request: GET https://data.binance.vision/data/futures/um/daily/metrics/BTCUSDT/BTCUSDT-metrics-2024-09-25.zip.CHECKSUM "HTTP/1.1 200 OK"
2026-09-27 22:34:34,176 [INFO] httpx: HTTP Request: GET https://data.binance.vision/data/futures/um/daily/metrics/BTCUSDT/BTCUSDT-metrics-2024-09-26.zip "HTTP/1.1 200 OK"
2026-09-27 22:34:34,944 [INFO] httpx: HTTP Request: GET https://data.binance.vision/data/futures/um/daily/metrics/BTCUSDT/BTCUSDT-metrics-2024-09-26.zip.CHECKSUM "HTTP/1.1 200 OK"
2026-09-27 22:34:35,716 [INFO] httpx: HTTP Request: GET https://data.binance.vision/data/futures/um/daily/metrics/BTCUSDT/BTCUSDT-metrics-2024-09-27.zip "HTTP/1.1 200 OK"
2026-09-27 22:34:36,488 [INFO] httpx: HTTP Request: GET https://data.binance.vision/data/futures/um/daily/metrics/BTCUSDT/BTCUSDT-metrics-2024-09-27.zip.CHECKSUM "HTTP/1.1 200 OK"
2026-09-27 22:34:36,775 [INFO] httpx: HTTP Request: GET https://data.binance.vision/data/futures/um/daily/metrics/BTCUSDT/BTCUSDT-metrics-2024-09-28.zip "HTTP/1.1 200 OK"
2026-09-27 22:34:37,538 [INFO] httpx: HTTP Request: GET https://data.binance.vision/data/futures/um/daily/metrics/BTCUSDT/BTCUSDT-metrics-2024-09-28.zip.CHECKSUM "HTTP/1.1 200 OK"
2026-09-27 22:34:38,311 [INFO] httpx: HTTP Request: GET https://data.binance.vision/data/futures/um/daily/metrics/BTCUSDT/BTCUSDT-metrics-2024-09-29.zip "HTTP/1.1 200 OK"
2026-09-27 22:34:39,087 [INFO] httpx: HTTP Request: GET https://data.binance.vision/data/futures/um/daily/metrics/BTCUSDT/BTCUSDT-metrics-2024-09-29.zip.CHECKSUM "HTTP/1.1 200 OK"
2026-09-27 22:34:39,864 [INFO] httpx: HTTP Request: GET https://data.binance.vision/data/futures/um/daily/metrics/BTCUSDT/BTCUSDT-metrics-2024-09-30.zip "HTTP/1.1 200 OK"
2026-09-27 22:34:40,631 [INFO] httpx: HTTP Request: GET https://data.binance.vision/data/futures/um/daily/metrics/BTCUSDT/BTCUSDT-metrics-2024-09-30.zip.CHECKSUM "HTTP/1.1 200 OK"
2026-09-27 22:34:41,408 [INFO] httpx: HTTP Request: GET https://data.binance.vision/data/futures/um/daily/metrics/BTCUSDT/BTCUSDT-metrics-2024-10-01.zip "HTTP/1.1 200 OK"
2026-09-27 22:34:42,160 [INFO] httpx: HTTP Request: GET https://data.binance.vision/data/futures/um/daily/metrics/BTCUSDT/BTCUSDT-metrics-2024-10-01.zip.CHECKSUM "HTTP/1.1 200 OK"
2026-09-27 22:34:42,925 [INFO] httpx: HTTP Request: GET https://data.binance.vision/data/futures/um/daily/metrics/BTCUSDT/BTCUSDT-metrics-2024-10-02.zip "HTTP/1.1 200 OK"
2026-09-27 22:34:43,693 [INFO] httpx: HTTP Request: GET https://data.binance.vision/data/futures/um/daily/metrics/BTCUSDT/BTCUSDT-metrics-2024-10-02.zip.CHECKSUM "HTTP/1.1 200 OK"
2026-09-27 22:34:44,473 [INFO] httpx: HTTP Request: GET https://data.binance.vision/data/futures/um/daily/metrics/BTCUSDT/BTCUSDT-metrics-2024-10-03.zip "HTTP/1.1 200 OK"
2026-09-27 22:34:45,268 [INFO] httpx: HTTP Request: GET https://data.binance.vision/data/futures/um/daily/metrics/BTCUSDT/BTCUSDT-metrics-2024-10-03.zip.CHECKSUM "HTTP/1.1 200 OK"
2026-09-27 22:34:46,051 [INFO] httpx: HTTP Request: GET https://data.binance.vision/data/futures/um/daily/metrics/BTCUSDT/BTCUSDT-metrics-2024-10-04.zip "HTTP/1.1 200 OK"
2026-09-27 22:34:46,812 [INFO] httpx: HTTP Request: GET https://data.binance.vision/data/futures/um/daily/metrics/BTCUSDT/BTCUSDT-metrics-2024-10-04.zip.CHECKSUM "HTTP/1.1 200 OK"
2026-09-27 22:34:47,596 [INFO] httpx: HTTP Request: GET https://data.binance.vision/data/futures/um/daily/metrics/BTCUSDT/BTCUSDT-metrics-2024-10-05.zip "HTTP/1.1 200 OK"
2026-09-27 22:34:48,364 [INFO] httpx: HTTP Request: GET https://data.binance.vision/data/futures/um/daily/metrics/BTCUSDT/BTCUSDT-metrics-2024-10-05.zip.CHECKSUM "HTTP/1.1 200 OK"
2026-09-27 22:34:49,137 [INFO] httpx: HTTP Request: GET https://data.binance.vision/data/futures/um/daily/metrics/BTCUSDT/BTCUSDT-metrics-2024-10-06.zip "HTTP/1.1 200 OK"
2026-09-27 22:34:49,893 [INFO] httpx: HTTP Request: GET https://data.binance.vision/data/futures/um/daily/metrics/BTCUSDT/BTCUSDT-metrics-2024-10-06.zip.CHECKSUM "HTTP/1.1 200 OK"
2026-09-27 22:34:50,689 [INFO] httpx: HTTP Request: GET https://data.binance.vision/data/futures/um/daily/metrics/BTCUSDT/BTCUSDT-metrics-2024-10-07.zip "HTTP/1.1 200 OK"
2026-09-27 22:34:51,452 [INFO] httpx: HTTP Request: GET https://data.binance.vision/data/futures/um/daily/metrics/BTCUSDT/BTCUSDT-metrics-2024-10-07.zip.CHECKSUM "HTTP/1.1 200 OK"
2026-09-27 22:34:52,216 [INFO] httpx: HTTP Request: GET https://data.binance.vision/data/futures/um/daily/metrics/BTCUSDT/BTCUSDT-metrics-2024-10-08.zip "HTTP/1.1 200 OK"
2026-09-27 22:34:52,988 [INFO] httpx: HTTP Request: GET https://data.binance.vision/data/futures/um/daily/metrics/BTCUSDT/BTCUSDT-metrics-2024-10-08.zip.CHECKSUM "HTTP/1.1 200 OK"
2026-09-27 22:34:53,751 [INFO] httpx: HTTP Request: GET https://data.binance.vision/data/futures/um/daily/metrics/BTCUSDT/BTCUSDT-metrics-2024-10-09.zip "HTTP/1.1 200 OK"
2026-09-27 22:34:54,525 [INFO] httpx: HTTP Request: GET https://data.binance.vision/data/futures/um/daily/metrics/BTCUSDT/BTCUSDT-metrics-2024-10-09.zip.CHECKSUM "HTTP/1.1 200 OK"
2026-09-27 22:34:55,290 [INFO] httpx: HTTP Request: GET https://data.binance.vision/data/futures/um/daily/metrics/BTCUSDT/BTCUSDT-metrics-2024-10-10.zip "HTTP/1.1 200 OK"
2026-09-27 22:34:56,070 [INFO] httpx: HTTP Request: GET https://data.binance.vision/data/futures/um/daily/metrics/BTCUSDT/BTCUSDT-metrics-2024-10-10.zip.CHECKSUM "HTTP/1.1 200 OK"
2026-09-27 22:34:56,864 [INFO] httpx: HTTP Request: GET https://data.binance.vision/data/futures/um/daily/metrics/BTCUSDT/BTCUSDT-metrics-2024-10-11.zip "HTTP/1.1 200 OK"
2026-09-27 22:34:57,648 [INFO] httpx: HTTP Request: GET https://data.binance.vision/data/futures/um/daily/metrics/BTCUSDT/BTCUSDT-metrics-2024-10-11.zip.CHECKSUM "HTTP/1.1 200 OK"
2026-09-27 22:34:58,430 [INFO] httpx: HTTP Request: GET https://data.binance.vision/data/futures/um/daily/metrics/BTCUSDT/BTCUSDT-metrics-2024-10-12.zip "HTTP/1.1 200 OK"
2026-09-27 22:34:59,190 [INFO] httpx: HTTP Request: GET https://data.binance.vision/data/futures/um/daily/metrics/BTCUSDT/BTCUSDT-metrics-2024-10-12.zip.CHECKSUM "HTTP/1.1 200 OK"
2026-09-27 22:34:59,490 [INFO] httpx: HTTP Request: GET https://data.binance.vision/data/futures/um/daily/metrics/BTCUSDT/BTCUSDT-metrics-2024-10-13.zip "HTTP/1.1 200 OK"
2026-09-27 22:35:00,253 [INFO] httpx: HTTP Request: GET https://data.binance.vision/data/futures/um/daily/metrics/BTCUSDT/BTCUSDT-metrics-2024-10-13.zip.CHECKSUM "HTTP/1.1 200 OK"
2026-09-27 22:35:00,535 [INFO] httpx: HTTP Request: GET https://data.binance.vision/data/futures/um/daily/metrics/BTCUSDT/BTCUSDT-metrics-2024-10-14.zip "HTTP/1.1 200 OK"
2026-09-27 22:35:01,296 [INFO] httpx: HTTP Request: GET https://data.binance.vision/data/futures/um/daily/metrics/BTCUSDT/BTCUSDT-metrics-2024-10-14.zip.CHECKSUM "HTTP/1.1 200 OK"
2026-09-27 22:35:02,071 [INFO] httpx: HTTP Request: GET https://data.binance.vision/data/futures/um/daily/metrics/BTCUSDT/BTCUSDT-metrics-2024-10-15.zip "HTTP/1.1 200 OK"
2026-09-27 22:35:02,851 [INFO] httpx: HTTP Request: GET https://data.binance.vision/data/futures/um/daily/metrics/BTCUSDT/BTCUSDT-metrics-2024-10-15.zip.CHECKSUM "HTTP/1.1 200 OK"
2026-09-27 22:35:03,647 [INFO] httpx: HTTP Request: GET https://data.binance.vision/data/futures/um/daily/metrics/BTCUSDT/BTCUSDT-metrics-2024-10-16.zip "HTTP/1.1 200 OK"
2026-09-27 22:35:04,411 [INFO] httpx: HTTP Request: GET https://data.binance.vision/data/futures/um/daily/metrics/BTCUSDT/BTCUSDT-metrics-2024-10-16.zip.CHECKSUM "HTTP/1.1 200 OK"
2026-09-27 22:35:05,202 [INFO] httpx: HTTP Request: GET https://data.binance.vision/data/futures/um/daily/metrics/BTCUSDT/BTCUSDT-metrics-2024-10-17.zip "HTTP/1.1 200 OK"
2026-09-27 22:35:07,711 [INFO] httpx: HTTP Request: GET https://data.binance.vision/data/futures/um/daily/metrics/BTCUSDT/BTCUSDT-metrics-2024-10-17.zip.CHECKSUM "HTTP/1.1 200 OK"
2026-09-27 22:35:08,520 [INFO] httpx: HTTP Request: GET https://data.binance.vision/data/futures/um/daily/metrics/BTCUSDT/BTCUSDT-metrics-2024-10-18.zip "HTTP/1.1 200 OK"
2026-09-27 22:35:09,279 [INFO] httpx: HTTP Request: GET https://data.binance.vision/data/futures/um/daily/metrics/BTCUSDT/BTCUSDT-metrics-2024-10-18.zip.CHECKSUM "HTTP/1.1 200 OK"
2026-09-27 22:35:10,052 [INFO] httpx: HTTP Request: GET https://data.binance.vision/data/futures/um/daily/metrics/BTCUSDT/BTCUSDT-metrics-2024-10-19.zip "HTTP/1.1 200 OK"
2026-09-27 22:35:10,340 [INFO] httpx: HTTP Request: GET https://data.binance.vision/data/futures/um/daily/metrics/BTCUSDT/BTCUSDT-metrics-2024-10-19.zip.CHECKSUM "HTTP/1.1 200 OK"
2026-09-27 22:35:11,136 [INFO] httpx: HTTP Request: GET https://data.binance.vision/data/futures/um/daily/metrics/BTCUSDT/BTCUSDT-metrics-2024-10-20.zip "HTTP/1.1 200 OK"
2026-09-27 22:35:11,903 [INFO] httpx: HTTP Request: GET https://data.binance.vision/data/futures/um/daily/metrics/BTCUSDT/BTCUSDT-metrics-2024-10-20.zip.CHECKSUM "HTTP/1.1 200 OK"
2026-09-27 22:35:12,676 [INFO] httpx: HTTP Request: GET https://data.binance.vision/data/futures/um/daily/metrics/BTCUSDT/BTCUSDT-metrics-2024-10-21.zip "HTTP/1.1 200 OK"
2026-09-27 22:35:13,450 [INFO] httpx: HTTP Request: GET https://data.binance.vision/data/futures/um/daily/metrics/BTCUSDT/BTCUSDT-metrics-2024-10-21.zip.CHECKSUM "HTTP/1.1 200 OK"
2026-09-27 22:35:14,224 [INFO] httpx: HTTP Request: GET https://data.binance.vision/data/futures/um/daily/metrics/BTCUSDT/BTCUSDT-metrics-2024-10-22.zip "HTTP/1.1 200 OK"
2026-09-27 22:35:14,502 [INFO] httpx: HTTP Request: GET https://data.binance.vision/data/futures/um/daily/metrics/BTCUSDT/BTCUSDT-metrics-2024-10-22.zip.CHECKSUM "HTTP/1.1 200 OK"
2026-09-27 22:35:15,288 [INFO] httpx: HTTP Request: GET https://data.binance.vision/data/futures/um/daily/metrics/BTCUSDT/BTCUSDT-metrics-2024-10-23.zip "HTTP/1.1 200 OK"
2026-09-27 22:35:16,058 [INFO] httpx: HTTP Request: GET https://data.binance.vision/data/futures/um/daily/metrics/BTCUSDT/BTCUSDT-metrics-2024-10-23.zip.CHECKSUM "HTTP/1.1 200 OK"
2026-09-27 22:35:16,838 [INFO] httpx: HTTP Request: GET https://data.binance.vision/data/futures/um/daily/metrics/BTCUSDT/BTCUSDT-metrics-2024-10-24.zip "HTTP/1.1 200 OK"
2026-09-27 22:35:17,623 [INFO] httpx: HTTP Request: GET https://data.binance.vision/data/futures/um/daily/metrics/BTCUSDT/BTCUSDT-metrics-2024-10-24.zip.CHECKSUM "HTTP/1.1 200 OK"
2026-09-27 22:35:18,404 [INFO] httpx: HTTP Request: GET https://data.binance.vision/data/futures/um/daily/metrics/BTCUSDT/BTCUSDT-metrics-2024-10-25.zip "HTTP/1.1 200 OK"
2026-09-27 22:35:19,170 [INFO] httpx: HTTP Request: GET https://data.binance.vision/data/futures/um/daily/metrics/BTCUSDT/BTCUSDT-metrics-2024-10-25.zip.CHECKSUM "HTTP/1.1 200 OK"
2026-09-27 22:35:19,934 [INFO] httpx: HTTP Request: GET https://data.binance.vision/data/futures/um/daily/metrics/BTCUSDT/BTCUSDT-metrics-2024-10-26.zip "HTTP/1.1 200 OK"
2026-09-27 22:35:20,702 [INFO] httpx: HTTP Request: GET https://data.binance.vision/data/futures/um/daily/metrics/BTCUSDT/BTCUSDT-metrics-2024-10-26.zip.CHECKSUM "HTTP/1.1 200 OK"
2026-09-27 22:35:21,522 [INFO] httpx: HTTP Request: GET https://data.binance.vision/data/futures/um/daily/metrics/BTCUSDT/BTCUSDT-metrics-2024-10-27.zip "HTTP/1.1 200 OK"
2026-09-27 22:35:22,302 [INFO] httpx: HTTP Request: GET https://data.binance.vision/data/futures/um/daily/metrics/BTCUSDT/BTCUSDT-metrics-2024-10-27.zip.CHECKSUM "HTTP/1.1 200 OK"
2026-09-27 22:35:23,070 [INFO] httpx: HTTP Request: GET https://data.binance.vision/data/futures/um/daily/metrics/BTCUSDT/BTCUSDT-metrics-2024-10-28.zip "HTTP/1.1 200 OK"
2026-09-27 22:35:23,830 [INFO] httpx: HTTP Request: GET https://data.binance.vision/data/futures/um/daily/metrics/BTCUSDT/BTCUSDT-metrics-2024-10-28.zip.CHECKSUM "HTTP/1.1 200 OK"
2026-09-27 22:35:24,603 [INFO] httpx: HTTP Request: GET https://data.binance.vision/data/futures/um/daily/metrics/BTCUSDT/BTCUSDT-metrics-2024-10-29.zip "HTTP/1.1 200 OK"
2026-09-27 22:35:25,371 [INFO] httpx: HTTP Request: GET https://data.binance.vision/data/futures/um/daily/metrics/BTCUSDT/BTCUSDT-metrics-2024-10-29.zip.CHECKSUM "HTTP/1.1 200 OK"
2026-09-27 22:35:26,156 [INFO] httpx: HTTP Request: GET https://data.binance.vision/data/futures/um/daily/metrics/BTCUSDT/BTCUSDT-metrics-2024-10-30.zip "HTTP/1.1 200 OK"
2026-09-27 22:35:26,923 [INFO] httpx: HTTP Request: GET https://data.binance.vision/data/futures/um/daily/metrics/BTCUSDT/BTCUSDT-metrics-2024-10-30.zip.CHECKSUM "HTTP/1.1 200 OK"
2026-09-27 22:35:27,721 [INFO] httpx: HTTP Request: GET https://data.binance.vision/data/futures/um/daily/metrics/BTCUSDT/BTCUSDT-metrics-2024-10-31.zip "HTTP/1.1 200 OK"
2026-09-27 22:35:28,492 [INFO] httpx: HTTP Request: GET https://data.binance.vision/data/futures/um/daily/metrics/BTCUSDT/BTCUSDT-metrics-2024-10-31.zip.CHECKSUM "HTTP/1.1 200 OK"
2026-09-27 22:35:28,776 [INFO] httpx: HTTP Request: GET https://data.binance.vision/data/futures/um/daily/metrics/BTCUSDT/BTCUSDT-metrics-2024-11-01.zip "HTTP/1.1 200 OK"
2026-09-27 22:35:29,540 [INFO] httpx: HTTP Request: GET https://data.binance.vision/data/futures/um/daily/metrics/BTCUSDT/BTCUSDT-metrics-2024-11-01.zip.CHECKSUM "HTTP/1.1 200 OK"
2026-09-27 22:35:29,827 [INFO] httpx: HTTP Request: GET https://data.binance.vision/data/futures/um/daily/metrics/BTCUSDT/BTCUSDT-metrics-2024-11-02.zip "HTTP/1.1 200 OK"
2026-09-27 22:35:30,596 [INFO] httpx: HTTP Request: GET https://data.binance.vision/data/futures/um/daily/metrics/BTCUSDT/BTCUSDT-metrics-2024-11-02.zip.CHECKSUM "HTTP/1.1 200 OK"
2026-09-27 22:35:31,393 [INFO] httpx: HTTP Request: GET https://data.binance.vision/data/futures/um/daily/metrics/BTCUSDT/BTCUSDT-metrics-2024-11-03.zip "HTTP/1.1 200 OK"
2026-09-27 22:35:32,151 [INFO] httpx: HTTP Request: GET https://data.binance.vision/data/futures/um/daily/metrics/BTCUSDT/BTCUSDT-metrics-2024-11-03.zip.CHECKSUM "HTTP/1.1 200 OK"
2026-09-27 22:35:32,941 [INFO] httpx: HTTP Request: GET https://data.binance.vision/data/futures/um/daily/metrics/BTCUSDT/BTCUSDT-metrics-2024-11-04.zip "HTTP/1.1 200 OK"
2026-09-27 22:35:33,720 [INFO] httpx: HTTP Request: GET https://data.binance.vision/data/futures/um/daily/metrics/BTCUSDT/BTCUSDT-metrics-2024-11-04.zip.CHECKSUM "HTTP/1.1 200 OK"
2026-09-27 22:35:34,505 [INFO] httpx: HTTP Request: GET https://data.binance.vision/data/futures/um/daily/metrics/BTCUSDT/BTCUSDT-metrics-2024-11-05.zip "HTTP/1.1 200 OK"
2026-09-27 22:35:35,321 [INFO] httpx: HTTP Request: GET https://data.binance.vision/data/futures/um/daily/metrics/BTCUSDT/BTCUSDT-metrics-2024-11-05.zip.CHECKSUM "HTTP/1.1 200 OK"
2026-09-27 22:35:36,098 [INFO] httpx: HTTP Request: GET https://data.binance.vision/data/futures/um/daily/metrics/BTCUSDT/BTCUSDT-metrics-2024-11-06.zip "HTTP/1.1 200 OK"
2026-09-27 22:35:36,860 [INFO] httpx: HTTP Request: GET https://data.binance.vision/data/futures/um/daily/metrics/BTCUSDT/BTCUSDT-metrics-2024-11-06.zip.CHECKSUM "HTTP/1.1 200 OK"
2026-09-27 22:35:37,636 [INFO] httpx: HTTP Request: GET https://data.binance.vision/data/futures/um/daily/metrics/BTCUSDT/BTCUSDT-metrics-2024-11-07.zip "HTTP/1.1 200 OK"
2026-09-27 22:35:38,393 [INFO] httpx: HTTP Request: GET https://data.binance.vision/data/futures/um/daily/metrics/BTCUSDT/BTCUSDT-metrics-2024-11-07.zip.CHECKSUM "HTTP/1.1 200 OK"
2026-09-27 22:35:39,174 [INFO] httpx: HTTP Request: GET https://data.binance.vision/data/futures/um/daily/metrics/BTCUSDT/BTCUSDT-metrics-2024-11-08.zip "HTTP/1.1 200 OK"
2026-09-27 22:35:41,725 [INFO] httpx: HTTP Request: GET https://data.binance.vision/data/futures/um/daily/metrics/BTCUSDT/BTCUSDT-metrics-2024-11-08.zip.CHECKSUM "HTTP/1.1 200 OK"
2026-09-27 22:35:42,021 [INFO] httpx: HTTP Request: GET https://data.binance.vision/data/futures/um/daily/metrics/BTCUSDT/BTCUSDT-metrics-2024-11-09.zip "HTTP/1.1 200 OK"
2026-09-27 22:35:42,799 [INFO] httpx: HTTP Request: GET https://data.binance.vision/data/futures/um/daily/metrics/BTCUSDT/BTCUSDT-metrics-2024-11-09.zip.CHECKSUM "HTTP/1.1 200 OK"
2026-09-27 22:35:43,584 [INFO] httpx: HTTP Request: GET https://data.binance.vision/data/futures/um/daily/metrics/BTCUSDT/BTCUSDT-metrics-2024-11-10.zip "HTTP/1.1 200 OK"
2026-09-27 22:35:44,364 [INFO] httpx: HTTP Request: GET https://data.binance.vision/data/futures/um/daily/metrics/BTCUSDT/BTCUSDT-metrics-2024-11-10.zip.CHECKSUM "HTTP/1.1 200 OK"
2026-09-27 22:35:45,147 [INFO] httpx: HTTP Request: GET https://data.binance.vision/data/futures/um/daily/metrics/BTCUSDT/BTCUSDT-metrics-2024-11-11.zip "HTTP/1.1 200 OK"
2026-09-27 22:35:45,928 [INFO] httpx: HTTP Request: GET https://data.binance.vision/data/futures/um/daily/metrics/BTCUSDT/BTCUSDT-metrics-2024-11-11.zip.CHECKSUM "HTTP/1.1 200 OK"
2026-09-27 22:35:46,709 [INFO] httpx: HTTP Request: GET https://data.binance.vision/data/futures/um/daily/metrics/BTCUSDT/BTCUSDT-metrics-2024-11-12.zip "HTTP/1.1 200 OK"
2026-09-27 22:35:47,481 [INFO] httpx: HTTP Request: GET https://data.binance.vision/data/futures/um/daily/metrics/BTCUSDT/BTCUSDT-metrics-2024-11-12.zip.CHECKSUM "HTTP/1.1 200 OK"
2026-09-27 22:35:48,264 [INFO] httpx: HTTP Request: GET https://data.binance.vision/data/futures/um/daily/metrics/BTCUSDT/BTCUSDT-metrics-2024-11-13.zip "HTTP/1.1 200 OK"
2026-09-27 22:35:49,043 [INFO] httpx: HTTP Request: GET https://data.binance.vision/data/futures/um/daily/metrics/BTCUSDT/BTCUSDT-metrics-2024-11-13.zip.CHECKSUM "HTTP/1.1 200 OK"
2026-09-27 22:35:49,843 [INFO] httpx: HTTP Request: GET https://data.binance.vision/data/futures/um/daily/metrics/BTCUSDT/BTCUSDT-metrics-2024-11-14.zip "HTTP/1.1 200 OK"
2026-09-27 22:35:50,619 [INFO] httpx: HTTP Request: GET https://data.binance.vision/data/futures/um/daily/metrics/BTCUSDT/BTCUSDT-metrics-2024-11-14.zip.CHECKSUM "HTTP/1.1 200 OK"
2026-09-27 22:35:51,396 [INFO] httpx: HTTP Request: GET https://data.binance.vision/data/futures/um/daily/metrics/BTCUSDT/BTCUSDT-metrics-2024-11-15.zip "HTTP/1.1 200 OK"
2026-09-27 22:35:52,160 [INFO] httpx: HTTP Request: GET https://data.binance.vision/data/futures/um/daily/metrics/BTCUSDT/BTCUSDT-metrics-2024-11-15.zip.CHECKSUM "HTTP/1.1 200 OK"
2026-09-27 22:35:52,935 [INFO] httpx: HTTP Request: GET https://data.binance.vision/data/futures/um/daily/metrics/BTCUSDT/BTCUSDT-metrics-2024-11-16.zip "HTTP/1.1 200 OK"
2026-09-27 22:35:53,690 [INFO] httpx: HTTP Request: GET https://data.binance.vision/data/futures/um/daily/metrics/BTCUSDT/BTCUSDT-metrics-2024-11-16.zip.CHECKSUM "HTTP/1.1 200 OK"
2026-09-27 22:35:54,468 [INFO] httpx: HTTP Request: GET https://data.binance.vision/data/futures/um/daily/metrics/BTCUSDT/BTCUSDT-metrics-2024-11-17.zip "HTTP/1.1 200 OK"
2026-09-27 22:35:55,226 [INFO] httpx: HTTP Request: GET https://data.binance.vision/data/futures/um/daily/metrics/BTCUSDT/BTCUSDT-metrics-2024-11-17.zip.CHECKSUM "HTTP/1.1 200 OK"
2026-09-27 22:35:55,988 [INFO] httpx: HTTP Request: GET https://data.binance.vision/data/futures/um/daily/metrics/BTCUSDT/BTCUSDT-metrics-2024-11-18.zip "HTTP/1.1 200 OK"
2026-09-27 22:35:56,745 [INFO] httpx: HTTP Request: GET https://data.binance.vision/data/futures/um/daily/metrics/BTCUSDT/BTCUSDT-metrics-2024-11-18.zip.CHECKSUM "HTTP/1.1 200 OK"
2026-09-27 22:35:57,516 [INFO] httpx: HTTP Request: GET https://data.binance.vision/data/futures/um/daily/metrics/BTCUSDT/BTCUSDT-metrics-2024-11-19.zip "HTTP/1.1 200 OK"
2026-09-27 22:35:58,280 [INFO] httpx: HTTP Request: GET https://data.binance.vision/data/futures/um/daily/metrics/BTCUSDT/BTCUSDT-metrics-2024-11-19.zip.CHECKSUM "HTTP/1.1 200 OK"
2026-09-27 22:35:59,061 [INFO] httpx: HTTP Request: GET https://data.binance.vision/data/futures/um/daily/metrics/BTCUSDT/BTCUSDT-metrics-2024-11-20.zip "HTTP/1.1 200 OK"
2026-09-27 22:35:59,832 [INFO] httpx: HTTP Request: GET https://data.binance.vision/data/futures/um/daily/metrics/BTCUSDT/BTCUSDT-metrics-2024-11-20.zip.CHECKSUM "HTTP/1.1 200 OK"
2026-09-27 22:36:00,617 [INFO] httpx: HTTP Request: GET https://data.binance.vision/data/futures/um/daily/metrics/BTCUSDT/BTCUSDT-metrics-2024-11-21.zip "HTTP/1.1 200 OK"
2026-09-27 22:36:01,386 [INFO] httpx: HTTP Request: GET https://data.binance.vision/data/futures/um/daily/metrics/BTCUSDT/BTCUSDT-metrics-2024-11-21.zip.CHECKSUM "HTTP/1.1 200 OK"
2026-09-27 22:36:02,158 [INFO] httpx: HTTP Request: GET https://data.binance.vision/data/futures/um/daily/metrics/BTCUSDT/BTCUSDT-metrics-2024-11-22.zip "HTTP/1.1 200 OK"
2026-09-27 22:36:02,917 [INFO] httpx: HTTP Request: GET https://data.binance.vision/data/futures/um/daily/metrics/BTCUSDT/BTCUSDT-metrics-2024-11-22.zip.CHECKSUM "HTTP/1.1 200 OK"
2026-09-27 22:36:03,693 [INFO] httpx: HTTP Request: GET https://data.binance.vision/data/futures/um/daily/metrics/BTCUSDT/BTCUSDT-metrics-2024-11-23.zip "HTTP/1.1 200 OK"
2026-09-27 22:36:04,491 [INFO] httpx: HTTP Request: GET https://data.binance.vision/data/futures/um/daily/metrics/BTCUSDT/BTCUSDT-metrics-2024-11-23.zip.CHECKSUM "HTTP/1.1 200 OK"
2026-09-27 22:36:05,282 [INFO] httpx: HTTP Request: GET https://data.binance.vision/data/futures/um/daily/metrics/BTCUSDT/BTCUSDT-metrics-2024-11-24.zip "HTTP/1.1 200 OK"
2026-09-27 22:36:05,593 [INFO] httpx: HTTP Request: GET https://data.binance.vision/data/futures/um/daily/metrics/BTCUSDT/BTCUSDT-metrics-2024-11-24.zip.CHECKSUM "HTTP/1.1 200 OK"
2026-09-27 22:36:06,375 [INFO] httpx: HTTP Request: GET https://data.binance.vision/data/futures/um/daily/metrics/BTCUSDT/BTCUSDT-metrics-2024-11-25.zip "HTTP/1.1 200 OK"
2026-09-27 22:36:07,141 [INFO] httpx: HTTP Request: GET https://data.binance.vision/data/futures/um/daily/metrics/BTCUSDT/BTCUSDT-metrics-2024-11-25.zip.CHECKSUM "HTTP/1.1 200 OK"
2026-09-27 22:36:07,934 [INFO] httpx: HTTP Request: GET https://data.binance.vision/data/futures/um/daily/metrics/BTCUSDT/BTCUSDT-metrics-2024-11-26.zip "HTTP/1.1 200 OK"
2026-09-27 22:36:08,712 [INFO] httpx: HTTP Request: GET https://data.binance.vision/data/futures/um/daily/metrics/BTCUSDT/BTCUSDT-metrics-2024-11-26.zip.CHECKSUM "HTTP/1.1 200 OK"
2026-09-27 22:36:08,999 [INFO] httpx: HTTP Request: GET https://data.binance.vision/data/futures/um/daily/metrics/BTCUSDT/BTCUSDT-metrics-2024-11-27.zip "HTTP/1.1 200 OK"
2026-09-27 22:36:09,763 [INFO] httpx: HTTP Request: GET https://data.binance.vision/data/futures/um/daily/metrics/BTCUSDT/BTCUSDT-metrics-2024-11-27.zip.CHECKSUM "HTTP/1.1 200 OK"
2026-09-27 22:36:10,549 [INFO] httpx: HTTP Request: GET https://data.binance.vision/data/futures/um/daily/metrics/BTCUSDT/BTCUSDT-metrics-2024-11-28.zip "HTTP/1.1 200 OK"
2026-09-27 22:36:11,309 [INFO] httpx: HTTP Request: GET https://data.binance.vision/data/futures/um/daily/metrics/BTCUSDT/BTCUSDT-metrics-2024-11-28.zip.CHECKSUM "HTTP/1.1 200 OK"
2026-09-27 22:36:12,087 [INFO] httpx: HTTP Request: GET https://data.binance.vision/data/futures/um/daily/metrics/BTCUSDT/BTCUSDT-metrics-2024-11-29.zip "HTTP/1.1 200 OK"
2026-09-27 22:36:12,860 [INFO] httpx: HTTP Request: GET https://data.binance.vision/data/futures/um/daily/metrics/BTCUSDT/BTCUSDT-metrics-2024-11-29.zip.CHECKSUM "HTTP/1.1 200 OK"
2026-09-27 22:36:15,433 [INFO] httpx: HTTP Request: GET https://data.binance.vision/data/futures/um/daily/metrics/BTCUSDT/BTCUSDT-metrics-2024-11-30.zip "HTTP/1.1 200 OK"
2026-09-27 22:36:16,201 [INFO] httpx: HTTP Request: GET https://data.binance.vision/data/futures/um/daily/metrics/BTCUSDT/BTCUSDT-metrics-2024-11-30.zip.CHECKSUM "HTTP/1.1 200 OK"
2026-09-27 22:36:17,025 [INFO] httpx: HTTP Request: GET https://data.binance.vision/data/futures/um/daily/metrics/BTCUSDT/BTCUSDT-metrics-2024-12-01.zip "HTTP/1.1 200 OK"
2026-09-27 22:36:17,829 [INFO] httpx: HTTP Request: GET https://data.binance.vision/data/futures/um/daily/metrics/BTCUSDT/BTCUSDT-metrics-2024-12-01.zip.CHECKSUM "HTTP/1.1 200 OK"
2026-09-27 22:36:18,648 [INFO] httpx: HTTP Request: GET https://data.binance.vision/data/futures/um/daily/metrics/BTCUSDT/BTCUSDT-metrics-2024-12-02.zip "HTTP/1.1 200 OK"
2026-09-27 22:36:19,460 [INFO] httpx: HTTP Request: GET https://data.binance.vision/data/futures/um/daily/metrics/BTCUSDT/BTCUSDT-metrics-2024-12-02.zip.CHECKSUM "HTTP/1.1 200 OK"
2026-09-27 22:36:20,265 [INFO] httpx: HTTP Request: GET https://data.binance.vision/data/futures/um/daily/metrics/BTCUSDT/BTCUSDT-metrics-2024-12-03.zip "HTTP/1.1 200 OK"
2026-09-27 22:36:21,067 [INFO] httpx: HTTP Request: GET https://data.binance.vision/data/futures/um/daily/metrics/BTCUSDT/BTCUSDT-metrics-2024-12-03.zip.CHECKSUM "HTTP/1.1 200 OK"
2026-09-27 22:36:21,856 [INFO] httpx: HTTP Request: GET https://data.binance.vision/data/futures/um/daily/metrics/BTCUSDT/BTCUSDT-metrics-2024-12-04.zip "HTTP/1.1 200 OK"
2026-09-27 22:36:22,626 [INFO] httpx: HTTP Request: GET https://data.binance.vision/data/futures/um/daily/metrics/BTCUSDT/BTCUSDT-metrics-2024-12-04.zip.CHECKSUM "HTTP/1.1 200 OK"
2026-09-27 22:36:23,403 [INFO] httpx: HTTP Request: GET https://data.binance.vision/data/futures/um/daily/metrics/BTCUSDT/BTCUSDT-metrics-2024-12-05.zip "HTTP/1.1 200 OK"
2026-09-27 22:36:24,170 [INFO] httpx: HTTP Request: GET https://data.binance.vision/data/futures/um/daily/metrics/BTCUSDT/BTCUSDT-metrics-2024-12-05.zip.CHECKSUM "HTTP/1.1 200 OK"
2026-09-27 22:36:24,952 [INFO] httpx: HTTP Request: GET https://data.binance.vision/data/futures/um/daily/metrics/BTCUSDT/BTCUSDT-metrics-2024-12-06.zip "HTTP/1.1 200 OK"
2026-09-27 22:36:25,234 [INFO] httpx: HTTP Request: GET https://data.binance.vision/data/futures/um/daily/metrics/BTCUSDT/BTCUSDT-metrics-2024-12-06.zip.CHECKSUM "HTTP/1.1 200 OK"
2026-09-27 22:36:26,004 [INFO] httpx: HTTP Request: GET https://data.binance.vision/data/futures/um/daily/metrics/BTCUSDT/BTCUSDT-metrics-2024-12-07.zip "HTTP/1.1 200 OK"
2026-09-27 22:36:26,755 [INFO] httpx: HTTP Request: GET https://data.binance.vision/data/futures/um/daily/metrics/BTCUSDT/BTCUSDT-metrics-2024-12-07.zip.CHECKSUM "HTTP/1.1 200 OK"
2026-09-27 22:36:27,536 [INFO] httpx: HTTP Request: GET https://data.binance.vision/data/futures/um/daily/metrics/BTCUSDT/BTCUSDT-metrics-2024-12-08.zip "HTTP/1.1 200 OK"
2026-09-27 22:36:28,303 [INFO] httpx: HTTP Request: GET https://data.binance.vision/data/futures/um/daily/metrics/BTCUSDT/BTCUSDT-metrics-2024-12-08.zip.CHECKSUM "HTTP/1.1 200 OK"
2026-09-27 22:36:29,076 [INFO] httpx: HTTP Request: GET https://data.binance.vision/data/futures/um/daily/metrics/BTCUSDT/BTCUSDT-metrics-2024-12-09.zip "HTTP/1.1 200 OK"
2026-09-27 22:36:29,844 [INFO] httpx: HTTP Request: GET https://data.binance.vision/data/futures/um/daily/metrics/BTCUSDT/BTCUSDT-metrics-2024-12-09.zip.CHECKSUM "HTTP/1.1 200 OK"
2026-09-27 22:36:30,684 [INFO] httpx: HTTP Request: GET https://data.binance.vision/data/futures/um/daily/metrics/BTCUSDT/BTCUSDT-metrics-2024-12-10.zip "HTTP/1.1 200 OK"
2026-09-27 22:36:31,446 [INFO] httpx: HTTP Request: GET https://data.binance.vision/data/futures/um/daily/metrics/BTCUSDT/BTCUSDT-metrics-2024-12-10.zip.CHECKSUM "HTTP/1.1 200 OK"
2026-09-27 22:36:32,225 [INFO] httpx: HTTP Request: GET https://data.binance.vision/data/futures/um/daily/metrics/BTCUSDT/BTCUSDT-metrics-2024-12-11.zip "HTTP/1.1 200 OK"
2026-09-27 22:36:32,968 [INFO] httpx: HTTP Request: GET https://data.binance.vision/data/futures/um/daily/metrics/BTCUSDT/BTCUSDT-metrics-2024-12-11.zip.CHECKSUM "HTTP/1.1 200 OK"
2026-09-27 22:36:33,742 [INFO] httpx: HTTP Request: GET https://data.binance.vision/data/futures/um/daily/metrics/BTCUSDT/BTCUSDT-metrics-2024-12-12.zip "HTTP/1.1 200 OK"
2026-09-27 22:36:34,488 [INFO] httpx: HTTP Request: GET https://data.binance.vision/data/futures/um/daily/metrics/BTCUSDT/BTCUSDT-metrics-2024-12-12.zip.CHECKSUM "HTTP/1.1 200 OK"
2026-09-27 22:36:35,242 [INFO] httpx: HTTP Request: GET https://data.binance.vision/data/futures/um/daily/metrics/BTCUSDT/BTCUSDT-metrics-2024-12-13.zip "HTTP/1.1 200 OK"
2026-09-27 22:36:36,001 [INFO] httpx: HTTP Request: GET https://data.binance.vision/data/futures/um/daily/metrics/BTCUSDT/BTCUSDT-metrics-2024-12-13.zip.CHECKSUM "HTTP/1.1 200 OK"
2026-09-27 22:36:36,788 [INFO] httpx: HTTP Request: GET https://data.binance.vision/data/futures/um/daily/metrics/BTCUSDT/BTCUSDT-metrics-2024-12-14.zip "HTTP/1.1 200 OK"
2026-09-27 22:36:37,535 [INFO] httpx: HTTP Request: GET https://data.binance.vision/data/futures/um/daily/metrics/BTCUSDT/BTCUSDT-metrics-2024-12-14.zip.CHECKSUM "HTTP/1.1 200 OK"
2026-09-27 22:36:38,328 [INFO] httpx: HTTP Request: GET https://data.binance.vision/data/futures/um/daily/metrics/BTCUSDT/BTCUSDT-metrics-2024-12-15.zip "HTTP/1.1 200 OK"
2026-09-27 22:36:39,095 [INFO] httpx: HTTP Request: GET https://data.binance.vision/data/futures/um/daily/metrics/BTCUSDT/BTCUSDT-metrics-2024-12-15.zip.CHECKSUM "HTTP/1.1 200 OK"
2026-09-27 22:36:39,874 [INFO] httpx: HTTP Request: GET https://data.binance.vision/data/futures/um/daily/metrics/BTCUSDT/BTCUSDT-metrics-2024-12-16.zip "HTTP/1.1 200 OK"
2026-09-27 22:36:40,637 [INFO] httpx: HTTP Request: GET https://data.binance.vision/data/futures/um/daily/metrics/BTCUSDT/BTCUSDT-metrics-2024-12-16.zip.CHECKSUM "HTTP/1.1 200 OK"
2026-09-27 22:36:41,413 [INFO] httpx: HTTP Request: GET https://data.binance.vision/data/futures/um/daily/metrics/BTCUSDT/BTCUSDT-metrics-2024-12-17.zip "HTTP/1.1 200 OK"
2026-09-27 22:36:42,172 [INFO] httpx: HTTP Request: GET https://data.binance.vision/data/futures/um/daily/metrics/BTCUSDT/BTCUSDT-metrics-2024-12-17.zip.CHECKSUM "HTTP/1.1 200 OK"
2026-09-27 22:36:42,464 [INFO] httpx: HTTP Request: GET https://data.binance.vision/data/futures/um/daily/metrics/BTCUSDT/BTCUSDT-metrics-2024-12-18.zip "HTTP/1.1 200 OK"
2026-09-27 22:36:43,235 [INFO] httpx: HTTP Request: GET https://data.binance.vision/data/futures/um/daily/metrics/BTCUSDT/BTCUSDT-metrics-2024-12-18.zip.CHECKSUM "HTTP/1.1 200 OK"
2026-09-27 22:36:44,020 [INFO] httpx: HTTP Request: GET https://data.binance.vision/data/futures/um/daily/metrics/BTCUSDT/BTCUSDT-metrics-2024-12-19.zip "HTTP/1.1 200 OK"
2026-09-27 22:36:44,803 [INFO] httpx: HTTP Request: GET https://data.binance.vision/data/futures/um/daily/metrics/BTCUSDT/BTCUSDT-metrics-2024-12-19.zip.CHECKSUM "HTTP/1.1 200 OK"
2026-09-27 22:36:45,585 [INFO] httpx: HTTP Request: GET https://data.binance.vision/data/futures/um/daily/metrics/BTCUSDT/BTCUSDT-metrics-2024-12-20.zip "HTTP/1.1 200 OK"
2026-09-27 22:36:46,369 [INFO] httpx: HTTP Request: GET https://data.binance.vision/data/futures/um/daily/metrics/BTCUSDT/BTCUSDT-metrics-2024-12-20.zip.CHECKSUM "HTTP/1.1 200 OK"
2026-09-27 22:36:47,151 [INFO] httpx: HTTP Request: GET https://data.binance.vision/data/futures/um/daily/metrics/BTCUSDT/BTCUSDT-metrics-2024-12-21.zip "HTTP/1.1 200 OK"
2026-09-27 22:36:49,613 [INFO] httpx: HTTP Request: GET https://data.binance.vision/data/futures/um/daily/metrics/BTCUSDT/BTCUSDT-metrics-2024-12-21.zip.CHECKSUM "HTTP/1.1 200 OK"
2026-09-27 22:36:50,416 [INFO] httpx: HTTP Request: GET https://data.binance.vision/data/futures/um/daily/metrics/BTCUSDT/BTCUSDT-metrics-2024-12-22.zip "HTTP/1.1 200 OK"
2026-09-27 22:36:51,221 [INFO] httpx: HTTP Request: GET https://data.binance.vision/data/futures/um/daily/metrics/BTCUSDT/BTCUSDT-metrics-2024-12-22.zip.CHECKSUM "HTTP/1.1 200 OK"
2026-09-27 22:36:52,033 [INFO] httpx: HTTP Request: GET https://data.binance.vision/data/futures/um/daily/metrics/BTCUSDT/BTCUSDT-metrics-2024-12-23.zip "HTTP/1.1 200 OK"
2026-09-27 22:36:52,832 [INFO] httpx: HTTP Request: GET https://data.binance.vision/data/futures/um/daily/metrics/BTCUSDT/BTCUSDT-metrics-2024-12-23.zip.CHECKSUM "HTTP/1.1 200 OK"
2026-09-27 22:36:53,624 [INFO] httpx: HTTP Request: GET https://data.binance.vision/data/futures/um/daily/metrics/BTCUSDT/BTCUSDT-metrics-2024-12-24.zip "HTTP/1.1 200 OK"
2026-09-27 22:36:54,422 [INFO] httpx: HTTP Request: GET https://data.binance.vision/data/futures/um/daily/metrics/BTCUSDT/BTCUSDT-metrics-2024-12-24.zip.CHECKSUM "HTTP/1.1 200 OK"
2026-09-27 22:36:55,239 [INFO] httpx: HTTP Request: GET https://data.binance.vision/data/futures/um/daily/metrics/BTCUSDT/BTCUSDT-metrics-2024-12-25.zip "HTTP/1.1 200 OK"
2026-09-27 22:36:56,018 [INFO] httpx: HTTP Request: GET https://data.binance.vision/data/futures/um/daily/metrics/BTCUSDT/BTCUSDT-metrics-2024-12-25.zip.CHECKSUM "HTTP/1.1 200 OK"
2026-09-27 22:36:56,796 [INFO] httpx: HTTP Request: GET https://data.binance.vision/data/futures/um/daily/metrics/BTCUSDT/BTCUSDT-metrics-2024-12-26.zip "HTTP/1.1 200 OK"
2026-09-27 22:36:57,554 [INFO] httpx: HTTP Request: GET https://data.binance.vision/data/futures/um/daily/metrics/BTCUSDT/BTCUSDT-metrics-2024-12-26.zip.CHECKSUM "HTTP/1.1 200 OK"
2026-09-27 22:36:58,334 [INFO] httpx: HTTP Request: GET https://data.binance.vision/data/futures/um/daily/metrics/BTCUSDT/BTCUSDT-metrics-2024-12-27.zip "HTTP/1.1 200 OK"
2026-09-27 22:36:58,616 [INFO] httpx: HTTP Request: GET https://data.binance.vision/data/futures/um/daily/metrics/BTCUSDT/BTCUSDT-metrics-2024-12-27.zip.CHECKSUM "HTTP/1.1 200 OK"
2026-09-27 22:36:59,405 [INFO] httpx: HTTP Request: GET https://data.binance.vision/data/futures/um/daily/metrics/BTCUSDT/BTCUSDT-metrics-2024-12-28.zip "HTTP/1.1 200 OK"
2026-09-27 22:37:00,167 [INFO] httpx: HTTP Request: GET https://data.binance.vision/data/futures/um/daily/metrics/BTCUSDT/BTCUSDT-metrics-2024-12-28.zip.CHECKSUM "HTTP/1.1 200 OK"
2026-09-27 22:37:00,961 [INFO] httpx: HTTP Request: GET https://data.binance.vision/data/futures/um/daily/metrics/BTCUSDT/BTCUSDT-metrics-2024-12-29.zip "HTTP/1.1 200 OK"
2026-09-27 22:37:01,715 [INFO] httpx: HTTP Request: GET https://data.binance.vision/data/futures/um/daily/metrics/BTCUSDT/BTCUSDT-metrics-2024-12-29.zip.CHECKSUM "HTTP/1.1 200 OK"
2026-09-27 22:37:02,499 [INFO] httpx: HTTP Request: GET https://data.binance.vision/data/futures/um/daily/metrics/BTCUSDT/BTCUSDT-metrics-2024-12-30.zip "HTTP/1.1 200 OK"
2026-09-27 22:37:03,267 [INFO] httpx: HTTP Request: GET https://data.binance.vision/data/futures/um/daily/metrics/BTCUSDT/BTCUSDT-metrics-2024-12-30.zip.CHECKSUM "HTTP/1.1 200 OK"
2026-09-27 22:37:04,070 [INFO] httpx: HTTP Request: GET https://data.binance.vision/data/futures/um/daily/metrics/BTCUSDT/BTCUSDT-metrics-2024-12-31.zip "HTTP/1.1 200 OK"
2026-09-27 22:37:04,846 [INFO] httpx: HTTP Request: GET https://data.binance.vision/data/futures/um/daily/metrics/BTCUSDT/BTCUSDT-metrics-2024-12-31.zip.CHECKSUM "HTTP/1.1 200 OK"
2026-09-27 22:37:05,624 [INFO] httpx: HTTP Request: GET https://data.binance.vision/data/futures/um/daily/metrics/BTCUSDT/BTCUSDT-metrics-2025-01-01.zip "HTTP/1.1 200 OK"
2026-09-27 22:37:06,386 [INFO] httpx: HTTP Request: GET https://data.binance.vision/data/futures/um/daily/metrics/BTCUSDT/BTCUSDT-metrics-2025-01-01.zip.CHECKSUM "HTTP/1.1 200 OK"
2026-09-27 22:37:07,161 [INFO] httpx: HTTP Request: GET https://data.binance.vision/data/futures/um/daily/metrics/BTCUSDT/BTCUSDT-metrics-2025-01-02.zip "HTTP/1.1 200 OK"
2026-09-27 22:37:07,927 [INFO] httpx: HTTP Request: GET https://data.binance.vision/data/futures/um/daily/metrics/BTCUSDT/BTCUSDT-metrics-2025-01-02.zip.CHECKSUM "HTTP/1.1 200 OK"
2026-09-27 22:37:08,711 [INFO] httpx: HTTP Request: GET https://data.binance.vision/data/futures/um/daily/metrics/BTCUSDT/BTCUSDT-metrics-2025-01-03.zip "HTTP/1.1 200 OK"
2026-09-27 22:37:09,460 [INFO] httpx: HTTP Request: GET https://data.binance.vision/data/futures/um/daily/metrics/BTCUSDT/BTCUSDT-metrics-2025-01-03.zip.CHECKSUM "HTTP/1.1 200 OK"
2026-09-27 22:37:09,747 [INFO] httpx: HTTP Request: GET https://data.binance.vision/data/futures/um/daily/metrics/BTCUSDT/BTCUSDT-metrics-2025-01-04.zip "HTTP/1.1 200 OK"
2026-09-27 22:37:10,521 [INFO] httpx: HTTP Request: GET https://data.binance.vision/data/futures/um/daily/metrics/BTCUSDT/BTCUSDT-metrics-2025-01-04.zip.CHECKSUM "HTTP/1.1 200 OK"
2026-09-27 22:37:10,808 [INFO] httpx: HTTP Request: GET https://data.binance.vision/data/futures/um/daily/metrics/BTCUSDT/BTCUSDT-metrics-2025-01-05.zip "HTTP/1.1 200 OK"
2026-09-27 22:37:11,558 [INFO] httpx: HTTP Request: GET https://data.binance.vision/data/futures/um/daily/metrics/BTCUSDT/BTCUSDT-metrics-2025-01-05.zip.CHECKSUM "HTTP/1.1 200 OK"
2026-09-27 22:37:12,350 [INFO] httpx: HTTP Request: GET https://data.binance.vision/data/futures/um/daily/metrics/BTCUSDT/BTCUSDT-metrics-2025-01-06.zip "HTTP/1.1 200 OK"
2026-09-27 22:37:13,117 [INFO] httpx: HTTP Request: GET https://data.binance.vision/data/futures/um/daily/metrics/BTCUSDT/BTCUSDT-metrics-2025-01-06.zip.CHECKSUM "HTTP/1.1 200 OK"
2026-09-27 22:37:13,901 [INFO] httpx: HTTP Request: GET https://data.binance.vision/data/futures/um/daily/metrics/BTCUSDT/BTCUSDT-metrics-2025-01-07.zip "HTTP/1.1 200 OK"
2026-09-27 22:37:14,674 [INFO] httpx: HTTP Request: GET https://data.binance.vision/data/futures/um/daily/metrics/BTCUSDT/BTCUSDT-metrics-2025-01-07.zip.CHECKSUM "HTTP/1.1 200 OK"
2026-09-27 22:37:15,440 [INFO] httpx: HTTP Request: GET https://data.binance.vision/data/futures/um/daily/metrics/BTCUSDT/BTCUSDT-metrics-2025-01-08.zip "HTTP/1.1 200 OK"
2026-09-27 22:37:16,212 [INFO] httpx: HTTP Request: GET https://data.binance.vision/data/futures/um/daily/metrics/BTCUSDT/BTCUSDT-metrics-2025-01-08.zip.CHECKSUM "HTTP/1.1 200 OK"
2026-09-27 22:37:16,992 [INFO] httpx: HTTP Request: GET https://data.binance.vision/data/futures/um/daily/metrics/BTCUSDT/BTCUSDT-metrics-2025-01-09.zip "HTTP/1.1 200 OK"
2026-09-27 22:37:17,752 [INFO] httpx: HTTP Request: GET https://data.binance.vision/data/futures/um/daily/metrics/BTCUSDT/BTCUSDT-metrics-2025-01-09.zip.CHECKSUM "HTTP/1.1 200 OK"
2026-09-27 22:37:18,524 [INFO] httpx: HTTP Request: GET https://data.binance.vision/data/futures/um/daily/metrics/BTCUSDT/BTCUSDT-metrics-2025-01-10.zip "HTTP/1.1 200 OK"
2026-09-27 22:37:19,298 [INFO] httpx: HTTP Request: GET https://data.binance.vision/data/futures/um/daily/metrics/BTCUSDT/BTCUSDT-metrics-2025-01-10.zip.CHECKSUM "HTTP/1.1 200 OK"
2026-09-27 22:37:19,583 [INFO] httpx: HTTP Request: GET https://data.binance.vision/data/futures/um/daily/metrics/BTCUSDT/BTCUSDT-metrics-2025-01-11.zip "HTTP/1.1 200 OK"
2026-09-27 22:37:20,347 [INFO] httpx: HTTP Request: GET https://data.binance.vision/data/futures/um/daily/metrics/BTCUSDT/BTCUSDT-metrics-2025-01-11.zip.CHECKSUM "HTTP/1.1 200 OK"
2026-09-27 22:37:21,139 [INFO] httpx: HTTP Request: GET https://data.binance.vision/data/futures/um/daily/metrics/BTCUSDT/BTCUSDT-metrics-2025-01-12.zip "HTTP/1.1 200 OK"
2026-09-27 22:37:23,671 [INFO] httpx: HTTP Request: GET https://data.binance.vision/data/futures/um/daily/metrics/BTCUSDT/BTCUSDT-metrics-2025-01-12.zip.CHECKSUM "HTTP/1.1 200 OK"
2026-09-27 22:37:24,487 [INFO] httpx: HTTP Request: GET https://data.binance.vision/data/futures/um/daily/metrics/BTCUSDT/BTCUSDT-metrics-2025-01-13.zip "HTTP/1.1 200 OK"
2026-09-27 22:37:25,292 [INFO] httpx: HTTP Request: GET https://data.binance.vision/data/futures/um/daily/metrics/BTCUSDT/BTCUSDT-metrics-2025-01-13.zip.CHECKSUM "HTTP/1.1 200 OK"
2026-09-27 22:37:26,092 [INFO] httpx: HTTP Request: GET https://data.binance.vision/data/futures/um/daily/metrics/BTCUSDT/BTCUSDT-metrics-2025-01-14.zip "HTTP/1.1 200 OK"
2026-09-27 22:37:26,895 [INFO] httpx: HTTP Request: GET https://data.binance.vision/data/futures/um/daily/metrics/BTCUSDT/BTCUSDT-metrics-2025-01-14.zip.CHECKSUM "HTTP/1.1 200 OK"
2026-09-27 22:37:27,704 [INFO] httpx: HTTP Request: GET https://data.binance.vision/data/futures/um/daily/metrics/BTCUSDT/BTCUSDT-metrics-2025-01-15.zip "HTTP/1.1 200 OK"
2026-09-27 22:37:28,508 [INFO] httpx: HTTP Request: GET https://data.binance.vision/data/futures/um/daily/metrics/BTCUSDT/BTCUSDT-metrics-2025-01-15.zip.CHECKSUM "HTTP/1.1 200 OK"
2026-09-27 22:37:29,311 [INFO] httpx: HTTP Request: GET https://data.binance.vision/data/futures/um/daily/metrics/BTCUSDT/BTCUSDT-metrics-2025-01-16.zip "HTTP/1.1 200 OK"
2026-09-27 22:37:30,073 [INFO] httpx: HTTP Request: GET https://data.binance.vision/data/futures/um/daily/metrics/BTCUSDT/BTCUSDT-metrics-2025-01-16.zip.CHECKSUM "HTTP/1.1 200 OK"
2026-09-27 22:37:30,852 [INFO] httpx: HTTP Request: GET https://data.binance.vision/data/futures/um/daily/metrics/BTCUSDT/BTCUSDT-metrics-2025-01-17.zip "HTTP/1.1 200 OK"
2026-09-27 22:37:31,621 [INFO] httpx: HTTP Request: GET https://data.binance.vision/data/futures/um/daily/metrics/BTCUSDT/BTCUSDT-metrics-2025-01-17.zip.CHECKSUM "HTTP/1.1 200 OK"
2026-09-27 22:37:32,385 [INFO] httpx: HTTP Request: GET https://data.binance.vision/data/futures/um/daily/metrics/BTCUSDT/BTCUSDT-metrics-2025-01-18.zip "HTTP/1.1 200 OK"
2026-09-27 22:37:33,151 [INFO] httpx: HTTP Request: GET https://data.binance.vision/data/futures/um/daily/metrics/BTCUSDT/BTCUSDT-metrics-2025-01-18.zip.CHECKSUM "HTTP/1.1 200 OK"
2026-09-27 22:37:33,914 [INFO] httpx: HTTP Request: GET https://data.binance.vision/data/futures/um/daily/metrics/BTCUSDT/BTCUSDT-metrics-2025-01-19.zip "HTTP/1.1 200 OK"
2026-09-27 22:37:34,189 [INFO] httpx: HTTP Request: GET https://data.binance.vision/data/futures/um/daily/metrics/BTCUSDT/BTCUSDT-metrics-2025-01-19.zip.CHECKSUM "HTTP/1.1 200 OK"
2026-09-27 22:37:34,962 [INFO] httpx: HTTP Request: GET https://data.binance.vision/data/futures/um/daily/metrics/BTCUSDT/BTCUSDT-metrics-2025-01-20.zip "HTTP/1.1 200 OK"
2026-09-27 22:37:35,726 [INFO] httpx: HTTP Request: GET https://data.binance.vision/data/futures/um/daily/metrics/BTCUSDT/BTCUSDT-metrics-2025-01-20.zip.CHECKSUM "HTTP/1.1 200 OK"
2026-09-27 22:37:36,014 [INFO] httpx: HTTP Request: GET https://data.binance.vision/data/futures/um/daily/metrics/BTCUSDT/BTCUSDT-metrics-2025-01-21.zip "HTTP/1.1 200 OK"
2026-09-27 22:37:36,765 [INFO] httpx: HTTP Request: GET https://data.binance.vision/data/futures/um/daily/metrics/BTCUSDT/BTCUSDT-metrics-2025-01-21.zip.CHECKSUM "HTTP/1.1 200 OK"
2026-09-27 22:37:37,523 [INFO] httpx: HTTP Request: GET https://data.binance.vision/data/futures/um/daily/metrics/BTCUSDT/BTCUSDT-metrics-2025-01-22.zip "HTTP/1.1 200 OK"
2026-09-27 22:37:38,285 [INFO] httpx: HTTP Request: GET https://data.binance.vision/data/futures/um/daily/metrics/BTCUSDT/BTCUSDT-metrics-2025-01-22.zip.CHECKSUM "HTTP/1.1 200 OK"
2026-09-27 22:37:39,060 [INFO] httpx: HTTP Request: GET https://data.binance.vision/data/futures/um/daily/metrics/BTCUSDT/BTCUSDT-metrics-2025-01-23.zip "HTTP/1.1 200 OK"
2026-09-27 22:37:39,824 [INFO] httpx: HTTP Request: GET https://data.binance.vision/data/futures/um/daily/metrics/BTCUSDT/BTCUSDT-metrics-2025-01-23.zip.CHECKSUM "HTTP/1.1 200 OK"
2026-09-27 22:37:40,600 [INFO] httpx: HTTP Request: GET https://data.binance.vision/data/futures/um/daily/metrics/BTCUSDT/BTCUSDT-metrics-2025-01-24.zip "HTTP/1.1 200 OK"
2026-09-27 22:37:41,362 [INFO] httpx: HTTP Request: GET https://data.binance.vision/data/futures/um/daily/metrics/BTCUSDT/BTCUSDT-metrics-2025-01-24.zip.CHECKSUM "HTTP/1.1 200 OK"
2026-09-27 22:37:42,145 [INFO] httpx: HTTP Request: GET https://data.binance.vision/data/futures/um/daily/metrics/BTCUSDT/BTCUSDT-metrics-2025-01-25.zip "HTTP/1.1 200 OK"
2026-09-27 22:37:42,917 [INFO] httpx: HTTP Request: GET https://data.binance.vision/data/futures/um/daily/metrics/BTCUSDT/BTCUSDT-metrics-2025-01-25.zip.CHECKSUM "HTTP/1.1 200 OK"
2026-09-27 22:37:43,701 [INFO] httpx: HTTP Request: GET https://data.binance.vision/data/futures/um/daily/metrics/BTCUSDT/BTCUSDT-metrics-2025-01-26.zip "HTTP/1.1 200 OK"
2026-09-27 22:37:44,463 [INFO] httpx: HTTP Request: GET https://data.binance.vision/data/futures/um/daily/metrics/BTCUSDT/BTCUSDT-metrics-2025-01-26.zip.CHECKSUM "HTTP/1.1 200 OK"
2026-09-27 22:37:45,256 [INFO] httpx: HTTP Request: GET https://data.binance.vision/data/futures/um/daily/metrics/BTCUSDT/BTCUSDT-metrics-2025-01-27.zip "HTTP/1.1 200 OK"
2026-09-27 22:37:46,017 [INFO] httpx: HTTP Request: GET https://data.binance.vision/data/futures/um/daily/metrics/BTCUSDT/BTCUSDT-metrics-2025-01-27.zip.CHECKSUM "HTTP/1.1 200 OK"
2026-09-27 22:37:46,794 [INFO] httpx: HTTP Request: GET https://data.binance.vision/data/futures/um/daily/metrics/BTCUSDT/BTCUSDT-metrics-2025-01-28.zip "HTTP/1.1 200 OK"
2026-09-27 22:37:47,573 [INFO] httpx: HTTP Request: GET https://data.binance.vision/data/futures/um/daily/metrics/BTCUSDT/BTCUSDT-metrics-2025-01-28.zip.CHECKSUM "HTTP/1.1 200 OK"
2026-09-27 22:37:48,359 [INFO] httpx: HTTP Request: GET https://data.binance.vision/data/futures/um/daily/metrics/BTCUSDT/BTCUSDT-metrics-2025-01-29.zip "HTTP/1.1 200 OK"
2026-09-27 22:37:49,138 [INFO] httpx: HTTP Request: GET https://data.binance.vision/data/futures/um/daily/metrics/BTCUSDT/BTCUSDT-metrics-2025-01-29.zip.CHECKSUM "HTTP/1.1 200 OK"
2026-09-27 22:37:49,927 [INFO] httpx: HTTP Request: GET https://data.binance.vision/data/futures/um/daily/metrics/BTCUSDT/BTCUSDT-metrics-2025-01-30.zip "HTTP/1.1 200 OK"
2026-09-27 22:37:50,686 [INFO] httpx: HTTP Request: GET https://data.binance.vision/data/futures/um/daily/metrics/BTCUSDT/BTCUSDT-metrics-2025-01-30.zip.CHECKSUM "HTTP/1.1 200 OK"
2026-09-27 22:37:51,482 [INFO] httpx: HTTP Request: GET https://data.binance.vision/data/futures/um/daily/metrics/BTCUSDT/BTCUSDT-metrics-2025-01-31.zip "HTTP/1.1 200 OK"
2026-09-27 22:37:52,250 [INFO] httpx: HTTP Request: GET https://data.binance.vision/data/futures/um/daily/metrics/BTCUSDT/BTCUSDT-metrics-2025-01-31.zip.CHECKSUM "HTTP/1.1 200 OK"
2026-09-27 22:37:53,025 [INFO] httpx: HTTP Request: GET https://data.binance.vision/data/futures/um/daily/metrics/BTCUSDT/BTCUSDT-metrics-2025-02-01.zip "HTTP/1.1 200 OK"
2026-09-27 22:37:53,796 [INFO] httpx: HTTP Request: GET https://data.binance.vision/data/futures/um/daily/metrics/BTCUSDT/BTCUSDT-metrics-2025-02-01.zip.CHECKSUM "HTTP/1.1 200 OK"
2026-09-27 22:37:54,577 [INFO] httpx: HTTP Request: GET https://data.binance.vision/data/futures/um/daily/metrics/BTCUSDT/BTCUSDT-metrics-2025-02-02.zip "HTTP/1.1 200 OK"
2026-09-27 22:37:56,995 [INFO] httpx: HTTP Request: GET https://data.binance.vision/data/futures/um/daily/metrics/BTCUSDT/BTCUSDT-metrics-2025-02-02.zip.CHECKSUM "HTTP/1.1 200 OK"
2026-09-27 22:37:57,795 [INFO] httpx: HTTP Request: GET https://data.binance.vision/data/futures/um/daily/metrics/BTCUSDT/BTCUSDT-metrics-2025-02-03.zip "HTTP/1.1 200 OK"
2026-09-27 22:37:58,583 [INFO] httpx: HTTP Request: GET https://data.binance.vision/data/futures/um/daily/metrics/BTCUSDT/BTCUSDT-metrics-2025-02-03.zip.CHECKSUM "HTTP/1.1 200 OK"
2026-09-27 22:37:59,397 [INFO] httpx: HTTP Request: GET https://data.binance.vision/data/futures/um/daily/metrics/BTCUSDT/BTCUSDT-metrics-2025-02-04.zip "HTTP/1.1 200 OK"
2026-09-27 22:38:00,196 [INFO] httpx: HTTP Request: GET https://data.binance.vision/data/futures/um/daily/metrics/BTCUSDT/BTCUSDT-metrics-2025-02-04.zip.CHECKSUM "HTTP/1.1 200 OK"
2026-09-27 22:38:01,046 [INFO] httpx: HTTP Request: GET https://data.binance.vision/data/futures/um/daily/metrics/BTCUSDT/BTCUSDT-metrics-2025-02-05.zip "HTTP/1.1 200 OK"
2026-09-27 22:38:01,838 [INFO] httpx: HTTP Request: GET https://data.binance.vision/data/futures/um/daily/metrics/BTCUSDT/BTCUSDT-metrics-2025-02-05.zip.CHECKSUM "HTTP/1.1 200 OK"
2026-09-27 22:38:02,142 [INFO] httpx: HTTP Request: GET https://data.binance.vision/data/futures/um/daily/metrics/BTCUSDT/BTCUSDT-metrics-2025-02-06.zip "HTTP/1.1 200 OK"
2026-09-27 22:38:02,919 [INFO] httpx: HTTP Request: GET https://data.binance.vision/data/futures/um/daily/metrics/BTCUSDT/BTCUSDT-metrics-2025-02-06.zip.CHECKSUM "HTTP/1.1 200 OK"
2026-09-27 22:38:03,690 [INFO] httpx: HTTP Request: GET https://data.binance.vision/data/futures/um/daily/metrics/BTCUSDT/BTCUSDT-metrics-2025-02-07.zip "HTTP/1.1 200 OK"
2026-09-27 22:38:04,468 [INFO] httpx: HTTP Request: GET https://data.binance.vision/data/futures/um/daily/metrics/BTCUSDT/BTCUSDT-metrics-2025-02-07.zip.CHECKSUM "HTTP/1.1 200 OK"
2026-09-27 22:38:05,261 [INFO] httpx: HTTP Request: GET https://data.binance.vision/data/futures/um/daily/metrics/BTCUSDT/BTCUSDT-metrics-2025-02-08.zip "HTTP/1.1 200 OK"
2026-09-27 22:38:06,019 [INFO] httpx: HTTP Request: GET https://data.binance.vision/data/futures/um/daily/metrics/BTCUSDT/BTCUSDT-metrics-2025-02-08.zip.CHECKSUM "HTTP/1.1 200 OK"
2026-09-27 22:38:06,800 [INFO] httpx: HTTP Request: GET https://data.binance.vision/data/futures/um/daily/metrics/BTCUSDT/BTCUSDT-metrics-2025-02-09.zip "HTTP/1.1 200 OK"
2026-09-27 22:38:07,567 [INFO] httpx: HTTP Request: GET https://data.binance.vision/data/futures/um/daily/metrics/BTCUSDT/BTCUSDT-metrics-2025-02-09.zip.CHECKSUM "HTTP/1.1 200 OK"
2026-09-27 22:38:08,341 [INFO] httpx: HTTP Request: GET https://data.binance.vision/data/futures/um/daily/metrics/BTCUSDT/BTCUSDT-metrics-2025-02-10.zip "HTTP/1.1 200 OK"
2026-09-27 22:38:09,089 [INFO] httpx: HTTP Request: GET https://data.binance.vision/data/futures/um/daily/metrics/BTCUSDT/BTCUSDT-metrics-2025-02-10.zip.CHECKSUM "HTTP/1.1 200 OK"
2026-09-27 22:38:09,849 [INFO] httpx: HTTP Request: GET https://data.binance.vision/data/futures/um/daily/metrics/BTCUSDT/BTCUSDT-metrics-2025-02-11.zip "HTTP/1.1 200 OK"
2026-09-27 22:38:10,618 [INFO] httpx: HTTP Request: GET https://data.binance.vision/data/futures/um/daily/metrics/BTCUSDT/BTCUSDT-metrics-2025-02-11.zip.CHECKSUM "HTTP/1.1 200 OK"
2026-09-27 22:38:11,395 [INFO] httpx: HTTP Request: GET https://data.binance.vision/data/futures/um/daily/metrics/BTCUSDT/BTCUSDT-metrics-2025-02-12.zip "HTTP/1.1 200 OK"
2026-09-27 22:38:11,676 [INFO] httpx: HTTP Request: GET https://data.binance.vision/data/futures/um/daily/metrics/BTCUSDT/BTCUSDT-metrics-2025-02-12.zip.CHECKSUM "HTTP/1.1 200 OK"
2026-09-27 22:38:12,455 [INFO] httpx: HTTP Request: GET https://data.binance.vision/data/futures/um/daily/metrics/BTCUSDT/BTCUSDT-metrics-2025-02-13.zip "HTTP/1.1 200 OK"
2026-09-27 22:38:12,734 [INFO] httpx: HTTP Request: GET https://data.binance.vision/data/futures/um/daily/metrics/BTCUSDT/BTCUSDT-metrics-2025-02-13.zip.CHECKSUM "HTTP/1.1 200 OK"
2026-09-27 22:38:13,508 [INFO] httpx: HTTP Request: GET https://data.binance.vision/data/futures/um/daily/metrics/BTCUSDT/BTCUSDT-metrics-2025-02-14.zip "HTTP/1.1 200 OK"
2026-09-27 22:38:14,263 [INFO] httpx: HTTP Request: GET https://data.binance.vision/data/futures/um/daily/metrics/BTCUSDT/BTCUSDT-metrics-2025-02-14.zip.CHECKSUM "HTTP/1.1 200 OK"
2026-09-27 22:38:14,541 [INFO] httpx: HTTP Request: GET https://data.binance.vision/data/futures/um/daily/metrics/BTCUSDT/BTCUSDT-metrics-2025-02-15.zip "HTTP/1.1 200 OK"
2026-09-27 22:38:15,306 [INFO] httpx: HTTP Request: GET https://data.binance.vision/data/futures/um/daily/metrics/BTCUSDT/BTCUSDT-metrics-2025-02-15.zip.CHECKSUM "HTTP/1.1 200 OK"
2026-09-27 22:38:16,084 [INFO] httpx: HTTP Request: GET https://data.binance.vision/data/futures/um/daily/metrics/BTCUSDT/BTCUSDT-metrics-2025-02-16.zip "HTTP/1.1 200 OK"
2026-09-27 22:38:16,848 [INFO] httpx: HTTP Request: GET https://data.binance.vision/data/futures/um/daily/metrics/BTCUSDT/BTCUSDT-metrics-2025-02-16.zip.CHECKSUM "HTTP/1.1 200 OK"
2026-09-27 22:38:17,606 [INFO] httpx: HTTP Request: GET https://data.binance.vision/data/futures/um/daily/metrics/BTCUSDT/BTCUSDT-metrics-2025-02-17.zip "HTTP/1.1 200 OK"
2026-09-27 22:38:18,391 [INFO] httpx: HTTP Request: GET https://data.binance.vision/data/futures/um/daily/metrics/BTCUSDT/BTCUSDT-metrics-2025-02-17.zip.CHECKSUM "HTTP/1.1 200 OK"
2026-09-27 22:38:19,149 [INFO] httpx: HTTP Request: GET https://data.binance.vision/data/futures/um/daily/metrics/BTCUSDT/BTCUSDT-metrics-2025-02-18.zip "HTTP/1.1 200 OK"
2026-09-27 22:38:19,895 [INFO] httpx: HTTP Request: GET https://data.binance.vision/data/futures/um/daily/metrics/BTCUSDT/BTCUSDT-metrics-2025-02-18.zip.CHECKSUM "HTTP/1.1 200 OK"
2026-09-27 22:38:20,651 [INFO] httpx: HTTP Request: GET https://data.binance.vision/data/futures/um/daily/metrics/BTCUSDT/BTCUSDT-metrics-2025-02-19.zip "HTTP/1.1 200 OK"
2026-09-27 22:38:21,416 [INFO] httpx: HTTP Request: GET https://data.binance.vision/data/futures/um/daily/metrics/BTCUSDT/BTCUSDT-metrics-2025-02-19.zip.CHECKSUM "HTTP/1.1 200 OK"
2026-09-27 22:38:22,201 [INFO] httpx: HTTP Request: GET https://data.binance.vision/data/futures/um/daily/metrics/BTCUSDT/BTCUSDT-metrics-2025-02-20.zip "HTTP/1.1 200 OK"
2026-09-27 22:38:22,961 [INFO] httpx: HTTP Request: GET https://data.binance.vision/data/futures/um/daily/metrics/BTCUSDT/BTCUSDT-metrics-2025-02-20.zip.CHECKSUM "HTTP/1.1 200 OK"
2026-09-27 22:38:23,750 [INFO] httpx: HTTP Request: GET https://data.binance.vision/data/futures/um/daily/metrics/BTCUSDT/BTCUSDT-metrics-2025-02-21.zip "HTTP/1.1 200 OK"
2026-09-27 22:38:24,533 [INFO] httpx: HTTP Request: GET https://data.binance.vision/data/futures/um/daily/metrics/BTCUSDT/BTCUSDT-metrics-2025-02-21.zip.CHECKSUM "HTTP/1.1 200 OK"
2026-09-27 22:38:25,321 [INFO] httpx: HTTP Request: GET https://data.binance.vision/data/futures/um/daily/metrics/BTCUSDT/BTCUSDT-metrics-2025-02-22.zip "HTTP/1.1 200 OK"
2026-09-27 22:38:26,094 [INFO] httpx: HTTP Request: GET https://data.binance.vision/data/futures/um/daily/metrics/BTCUSDT/BTCUSDT-metrics-2025-02-22.zip.CHECKSUM "HTTP/1.1 200 OK"
2026-09-27 22:38:26,892 [INFO] httpx: HTTP Request: GET https://data.binance.vision/data/futures/um/daily/metrics/BTCUSDT/BTCUSDT-metrics-2025-02-23.zip "HTTP/1.1 200 OK"
2026-09-27 22:38:27,169 [INFO] httpx: HTTP Request: GET https://data.binance.vision/data/futures/um/daily/metrics/BTCUSDT/BTCUSDT-metrics-2025-02-23.zip.CHECKSUM "HTTP/1.1 200 OK"
2026-09-27 22:38:27,956 [INFO] httpx: HTTP Request: GET https://data.binance.vision/data/futures/um/daily/metrics/BTCUSDT/BTCUSDT-metrics-2025-02-24.zip "HTTP/1.1 200 OK"
2026-09-27 22:38:28,240 [INFO] httpx: HTTP Request: GET https://data.binance.vision/data/futures/um/daily/metrics/BTCUSDT/BTCUSDT-metrics-2025-02-24.zip.CHECKSUM "HTTP/1.1 200 OK"
2026-09-27 22:38:29,030 [INFO] httpx: HTTP Request: GET https://data.binance.vision/data/futures/um/daily/metrics/BTCUSDT/BTCUSDT-metrics-2025-02-25.zip "HTTP/1.1 200 OK"
2026-09-27 22:38:31,116 [INFO] httpx: HTTP Request: GET https://data.binance.vision/data/futures/um/daily/metrics/BTCUSDT/BTCUSDT-metrics-2025-02-25.zip.CHECKSUM "HTTP/1.1 200 OK"
2026-09-27 22:38:31,430 [INFO] httpx: HTTP Request: GET https://data.binance.vision/data/futures/um/daily/metrics/BTCUSDT/BTCUSDT-metrics-2025-02-26.zip "HTTP/1.1 200 OK"
2026-09-27 22:38:31,725 [INFO] httpx: HTTP Request: GET https://data.binance.vision/data/futures/um/daily/metrics/BTCUSDT/BTCUSDT-metrics-2025-02-26.zip.CHECKSUM "HTTP/1.1 200 OK"
2026-09-27 22:38:32,544 [INFO] httpx: HTTP Request: GET https://data.binance.vision/data/futures/um/daily/metrics/BTCUSDT/BTCUSDT-metrics-2025-02-27.zip "HTTP/1.1 200 OK"
2026-09-27 22:38:33,340 [INFO] httpx: HTTP Request: GET https://data.binance.vision/data/futures/um/daily/metrics/BTCUSDT/BTCUSDT-metrics-2025-02-27.zip.CHECKSUM "HTTP/1.1 200 OK"
2026-09-27 22:38:34,165 [INFO] httpx: HTTP Request: GET https://data.binance.vision/data/futures/um/daily/metrics/BTCUSDT/BTCUSDT-metrics-2025-02-28.zip "HTTP/1.1 200 OK"
2026-09-27 22:38:34,464 [INFO] httpx: HTTP Request: GET https://data.binance.vision/data/futures/um/daily/metrics/BTCUSDT/BTCUSDT-metrics-2025-02-28.zip.CHECKSUM "HTTP/1.1 200 OK"
2026-09-27 22:38:34,776 [INFO] httpx: HTTP Request: GET https://data.binance.vision/data/futures/um/daily/metrics/BTCUSDT/BTCUSDT-metrics-2025-03-01.zip "HTTP/1.1 200 OK"
2026-09-27 22:38:35,386 [INFO] httpx: HTTP Request: GET https://data.binance.vision/data/futures/um/daily/metrics/BTCUSDT/BTCUSDT-metrics-2025-03-01.zip.CHECKSUM "HTTP/1.1 200 OK"
2026-09-27 22:38:35,929 [INFO] httpx: HTTP Request: GET https://data.binance.vision/data/futures/um/daily/metrics/BTCUSDT/BTCUSDT-metrics-2025-03-02.zip "HTTP/1.1 200 OK"
2026-09-27 22:38:36,743 [INFO] httpx: HTTP Request: GET https://data.binance.vision/data/futures/um/daily/metrics/BTCUSDT/BTCUSDT-metrics-2025-03-02.zip.CHECKSUM "HTTP/1.1 200 OK"
2026-09-27 22:38:37,309 [INFO] httpx: HTTP Request: GET https://data.binance.vision/data/futures/um/daily/metrics/BTCUSDT/BTCUSDT-metrics-2025-03-03.zip "HTTP/1.1 200 OK"
2026-09-27 22:38:38,077 [INFO] httpx: HTTP Request: GET https://data.binance.vision/data/futures/um/daily/metrics/BTCUSDT/BTCUSDT-metrics-2025-03-03.zip.CHECKSUM "HTTP/1.1 200 OK"
2026-09-27 22:38:38,866 [INFO] httpx: HTTP Request: GET https://data.binance.vision/data/futures/um/daily/metrics/BTCUSDT/BTCUSDT-metrics-2025-03-04.zip "HTTP/1.1 200 OK"
2026-09-27 22:38:39,644 [INFO] httpx: HTTP Request: GET https://data.binance.vision/data/futures/um/daily/metrics/BTCUSDT/BTCUSDT-metrics-2025-03-04.zip.CHECKSUM "HTTP/1.1 200 OK"
2026-09-27 22:38:40,426 [INFO] httpx: HTTP Request: GET https://data.binance.vision/data/futures/um/daily/metrics/BTCUSDT/BTCUSDT-metrics-2025-03-05.zip "HTTP/1.1 200 OK"
2026-09-27 22:38:41,189 [INFO] httpx: HTTP Request: GET https://data.binance.vision/data/futures/um/daily/metrics/BTCUSDT/BTCUSDT-metrics-2025-03-05.zip.CHECKSUM "HTTP/1.1 200 OK"
2026-09-27 22:38:41,961 [INFO] httpx: HTTP Request: GET https://data.binance.vision/data/futures/um/daily/metrics/BTCUSDT/BTCUSDT-metrics-2025-03-06.zip "HTTP/1.1 200 OK"
2026-09-27 22:38:42,725 [INFO] httpx: HTTP Request: GET https://data.binance.vision/data/futures/um/daily/metrics/BTCUSDT/BTCUSDT-metrics-2025-03-06.zip.CHECKSUM "HTTP/1.1 200 OK"
2026-09-27 22:38:43,508 [INFO] httpx: HTTP Request: GET https://data.binance.vision/data/futures/um/daily/metrics/BTCUSDT/BTCUSDT-metrics-2025-03-07.zip "HTTP/1.1 200 OK"
2026-09-27 22:38:44,262 [INFO] httpx: HTTP Request: GET https://data.binance.vision/data/futures/um/daily/metrics/BTCUSDT/BTCUSDT-metrics-2025-03-07.zip.CHECKSUM "HTTP/1.1 200 OK"
2026-09-27 22:38:45,023 [INFO] httpx: HTTP Request: GET https://data.binance.vision/data/futures/um/daily/metrics/BTCUSDT/BTCUSDT-metrics-2025-03-08.zip "HTTP/1.1 200 OK"
2026-09-27 22:38:45,785 [INFO] httpx: HTTP Request: GET https://data.binance.vision/data/futures/um/daily/metrics/BTCUSDT/BTCUSDT-metrics-2025-03-08.zip.CHECKSUM "HTTP/1.1 200 OK"
2026-09-27 22:38:46,563 [INFO] httpx: HTTP Request: GET https://data.binance.vision/data/futures/um/daily/metrics/BTCUSDT/BTCUSDT-metrics-2025-03-09.zip "HTTP/1.1 200 OK"
2026-09-27 22:38:47,303 [INFO] httpx: HTTP Request: GET https://data.binance.vision/data/futures/um/daily/metrics/BTCUSDT/BTCUSDT-metrics-2025-03-09.zip.CHECKSUM "HTTP/1.1 200 OK"
2026-09-27 22:38:48,048 [INFO] httpx: HTTP Request: GET https://data.binance.vision/data/futures/um/daily/metrics/BTCUSDT/BTCUSDT-metrics-2025-03-10.zip "HTTP/1.1 200 OK"
2026-09-27 22:38:48,767 [INFO] httpx: HTTP Request: GET https://data.binance.vision/data/futures/um/daily/metrics/BTCUSDT/BTCUSDT-metrics-2025-03-10.zip.CHECKSUM "HTTP/1.1 200 OK"
2026-09-27 22:38:49,517 [INFO] httpx: HTTP Request: GET https://data.binance.vision/data/futures/um/daily/metrics/BTCUSDT/BTCUSDT-metrics-2025-03-11.zip "HTTP/1.1 200 OK"
2026-09-27 22:38:50,259 [INFO] httpx: HTTP Request: GET https://data.binance.vision/data/futures/um/daily/metrics/BTCUSDT/BTCUSDT-metrics-2025-03-11.zip.CHECKSUM "HTTP/1.1 200 OK"
2026-09-27 22:38:51,019 [INFO] httpx: HTTP Request: GET https://data.binance.vision/data/futures/um/daily/metrics/BTCUSDT/BTCUSDT-metrics-2025-03-12.zip "HTTP/1.1 200 OK"
2026-09-27 22:38:51,743 [INFO] httpx: HTTP Request: GET https://data.binance.vision/data/futures/um/daily/metrics/BTCUSDT/BTCUSDT-metrics-2025-03-12.zip.CHECKSUM "HTTP/1.1 200 OK"
2026-09-27 22:38:52,475 [INFO] httpx: HTTP Request: GET https://data.binance.vision/data/futures/um/daily/metrics/BTCUSDT/BTCUSDT-metrics-2025-03-13.zip "HTTP/1.1 200 OK"
2026-09-27 22:38:53,256 [INFO] httpx: HTTP Request: GET https://data.binance.vision/data/futures/um/daily/metrics/BTCUSDT/BTCUSDT-metrics-2025-03-13.zip.CHECKSUM "HTTP/1.1 200 OK"
2026-09-27 22:38:54,057 [INFO] httpx: HTTP Request: GET https://data.binance.vision/data/futures/um/daily/metrics/BTCUSDT/BTCUSDT-metrics-2025-03-14.zip "HTTP/1.1 200 OK"
2026-09-27 22:38:54,826 [INFO] httpx: HTTP Request: GET https://data.binance.vision/data/futures/um/daily/metrics/BTCUSDT/BTCUSDT-metrics-2025-03-14.zip.CHECKSUM "HTTP/1.1 200 OK"
2026-09-27 22:38:55,121 [INFO] httpx: HTTP Request: GET https://data.binance.vision/data/futures/um/daily/metrics/BTCUSDT/BTCUSDT-metrics-2025-03-15.zip "HTTP/1.1 200 OK"
2026-09-27 22:38:55,905 [INFO] httpx: HTTP Request: GET https://data.binance.vision/data/futures/um/daily/metrics/BTCUSDT/BTCUSDT-metrics-2025-03-15.zip.CHECKSUM "HTTP/1.1 200 OK"
2026-09-27 22:38:56,700 [INFO] httpx: HTTP Request: GET https://data.binance.vision/data/futures/um/daily/metrics/BTCUSDT/BTCUSDT-metrics-2025-03-16.zip "HTTP/1.1 200 OK"
2026-09-27 22:38:57,463 [INFO] httpx: HTTP Request: GET https://data.binance.vision/data/futures/um/daily/metrics/BTCUSDT/BTCUSDT-metrics-2025-03-16.zip.CHECKSUM "HTTP/1.1 200 OK"
2026-09-27 22:38:58,241 [INFO] httpx: HTTP Request: GET https://data.binance.vision/data/futures/um/daily/metrics/BTCUSDT/BTCUSDT-metrics-2025-03-17.zip "HTTP/1.1 200 OK"
2026-09-27 22:38:59,017 [INFO] httpx: HTTP Request: GET https://data.binance.vision/data/futures/um/daily/metrics/BTCUSDT/BTCUSDT-metrics-2025-03-17.zip.CHECKSUM "HTTP/1.1 200 OK"
2026-09-27 22:38:59,820 [INFO] httpx: HTTP Request: GET https://data.binance.vision/data/futures/um/daily/metrics/BTCUSDT/BTCUSDT-metrics-2025-03-18.zip "HTTP/1.1 200 OK"
2026-09-27 22:39:00,590 [INFO] httpx: HTTP Request: GET https://data.binance.vision/data/futures/um/daily/metrics/BTCUSDT/BTCUSDT-metrics-2025-03-18.zip.CHECKSUM "HTTP/1.1 200 OK"
2026-09-27 22:39:01,364 [INFO] httpx: HTTP Request: GET https://data.binance.vision/data/futures/um/daily/metrics/BTCUSDT/BTCUSDT-metrics-2025-03-19.zip "HTTP/1.1 200 OK"
2026-09-27 22:39:02,135 [INFO] httpx: HTTP Request: GET https://data.binance.vision/data/futures/um/daily/metrics/BTCUSDT/BTCUSDT-metrics-2025-03-19.zip.CHECKSUM "HTTP/1.1 200 OK"
2026-09-27 22:39:02,937 [INFO] httpx: HTTP Request: GET https://data.binance.vision/data/futures/um/daily/metrics/BTCUSDT/BTCUSDT-metrics-2025-03-20.zip "HTTP/1.1 200 OK"
2026-09-27 22:39:05,579 [INFO] httpx: HTTP Request: GET https://data.binance.vision/data/futures/um/daily/metrics/BTCUSDT/BTCUSDT-metrics-2025-03-20.zip.CHECKSUM "HTTP/1.1 200 OK"
2026-09-27 22:39:06,414 [INFO] httpx: HTTP Request: GET https://data.binance.vision/data/futures/um/daily/metrics/BTCUSDT/BTCUSDT-metrics-2025-03-21.zip "HTTP/1.1 200 OK"
2026-09-27 22:39:07,230 [INFO] httpx: HTTP Request: GET https://data.binance.vision/data/futures/um/daily/metrics/BTCUSDT/BTCUSDT-metrics-2025-03-21.zip.CHECKSUM "HTTP/1.1 200 OK"
2026-09-27 22:39:08,074 [INFO] httpx: HTTP Request: GET https://data.binance.vision/data/futures/um/daily/metrics/BTCUSDT/BTCUSDT-metrics-2025-03-22.zip "HTTP/1.1 200 OK"
2026-09-27 22:39:08,841 [INFO] httpx: HTTP Request: GET https://data.binance.vision/data/futures/um/daily/metrics/BTCUSDT/BTCUSDT-metrics-2025-03-22.zip.CHECKSUM "HTTP/1.1 200 OK"
2026-09-27 22:39:09,616 [INFO] httpx: HTTP Request: GET https://data.binance.vision/data/futures/um/daily/metrics/BTCUSDT/BTCUSDT-metrics-2025-03-23.zip "HTTP/1.1 200 OK"
2026-09-27 22:39:10,378 [INFO] httpx: HTTP Request: GET https://data.binance.vision/data/futures/um/daily/metrics/BTCUSDT/BTCUSDT-metrics-2025-03-23.zip.CHECKSUM "HTTP/1.1 200 OK"
2026-09-27 22:39:11,171 [INFO] httpx: HTTP Request: GET https://data.binance.vision/data/futures/um/daily/metrics/BTCUSDT/BTCUSDT-metrics-2025-03-24.zip "HTTP/1.1 200 OK"
2026-09-27 22:39:11,947 [INFO] httpx: HTTP Request: GET https://data.binance.vision/data/futures/um/daily/metrics/BTCUSDT/BTCUSDT-metrics-2025-03-24.zip.CHECKSUM "HTTP/1.1 200 OK"
2026-09-27 22:39:12,720 [INFO] httpx: HTTP Request: GET https://data.binance.vision/data/futures/um/daily/metrics/BTCUSDT/BTCUSDT-metrics-2025-03-25.zip "HTTP/1.1 200 OK"
2026-09-27 22:39:13,468 [INFO] httpx: HTTP Request: GET https://data.binance.vision/data/futures/um/daily/metrics/BTCUSDT/BTCUSDT-metrics-2025-03-25.zip.CHECKSUM "HTTP/1.1 200 OK"
2026-09-27 22:39:14,218 [INFO] httpx: HTTP Request: GET https://data.binance.vision/data/futures/um/daily/metrics/BTCUSDT/BTCUSDT-metrics-2025-03-26.zip "HTTP/1.1 200 OK"
2026-09-27 22:39:14,968 [INFO] httpx: HTTP Request: GET https://data.binance.vision/data/futures/um/daily/metrics/BTCUSDT/BTCUSDT-metrics-2025-03-26.zip.CHECKSUM "HTTP/1.1 200 OK"
2026-09-27 22:39:15,717 [INFO] httpx: HTTP Request: GET https://data.binance.vision/data/futures/um/daily/metrics/BTCUSDT/BTCUSDT-metrics-2025-03-27.zip "HTTP/1.1 200 OK"
2026-09-27 22:39:16,456 [INFO] httpx: HTTP Request: GET https://data.binance.vision/data/futures/um/daily/metrics/BTCUSDT/BTCUSDT-metrics-2025-03-27.zip.CHECKSUM "HTTP/1.1 200 OK"
2026-09-27 22:39:17,219 [INFO] httpx: HTTP Request: GET https://data.binance.vision/data/futures/um/daily/metrics/BTCUSDT/BTCUSDT-metrics-2025-03-28.zip "HTTP/1.1 200 OK"
2026-09-27 22:39:17,969 [INFO] httpx: HTTP Request: GET https://data.binance.vision/data/futures/um/daily/metrics/BTCUSDT/BTCUSDT-metrics-2025-03-28.zip.CHECKSUM "HTTP/1.1 200 OK"
2026-09-27 22:39:18,714 [INFO] httpx: HTTP Request: GET https://data.binance.vision/data/futures/um/daily/metrics/BTCUSDT/BTCUSDT-metrics-2025-03-29.zip "HTTP/1.1 200 OK"
2026-09-27 22:39:19,447 [INFO] httpx: HTTP Request: GET https://data.binance.vision/data/futures/um/daily/metrics/BTCUSDT/BTCUSDT-metrics-2025-03-29.zip.CHECKSUM "HTTP/1.1 200 OK"
2026-09-27 22:39:20,206 [INFO] httpx: HTTP Request: GET https://data.binance.vision/data/futures/um/daily/metrics/BTCUSDT/BTCUSDT-metrics-2025-03-30.zip "HTTP/1.1 200 OK"
2026-09-27 22:39:20,962 [INFO] httpx: HTTP Request: GET https://data.binance.vision/data/futures/um/daily/metrics/BTCUSDT/BTCUSDT-metrics-2025-03-30.zip.CHECKSUM "HTTP/1.1 200 OK"
2026-09-27 22:39:21,744 [INFO] httpx: HTTP Request: GET https://data.binance.vision/data/futures/um/daily/metrics/BTCUSDT/BTCUSDT-metrics-2025-03-31.zip "HTTP/1.1 200 OK"
2026-09-27 22:39:22,503 [INFO] httpx: HTTP Request: GET https://data.binance.vision/data/futures/um/daily/metrics/BTCUSDT/BTCUSDT-metrics-2025-03-31.zip.CHECKSUM "HTTP/1.1 200 OK"
2026-09-27 22:39:23,267 [INFO] httpx: HTTP Request: GET https://data.binance.vision/data/futures/um/daily/metrics/BTCUSDT/BTCUSDT-metrics-2025-04-01.zip "HTTP/1.1 200 OK"
2026-09-27 22:39:24,034 [INFO] httpx: HTTP Request: GET https://data.binance.vision/data/futures/um/daily/metrics/BTCUSDT/BTCUSDT-metrics-2025-04-01.zip.CHECKSUM "HTTP/1.1 200 OK"
2026-09-27 22:39:24,324 [INFO] httpx: HTTP Request: GET https://data.binance.vision/data/futures/um/daily/metrics/BTCUSDT/BTCUSDT-metrics-2025-04-02.zip "HTTP/1.1 200 OK"
2026-09-27 22:39:25,094 [INFO] httpx: HTTP Request: GET https://data.binance.vision/data/futures/um/daily/metrics/BTCUSDT/BTCUSDT-metrics-2025-04-02.zip.CHECKSUM "HTTP/1.1 200 OK"
2026-09-27 22:39:25,868 [INFO] httpx: HTTP Request: GET https://data.binance.vision/data/futures/um/daily/metrics/BTCUSDT/BTCUSDT-metrics-2025-04-03.zip "HTTP/1.1 200 OK"
2026-09-27 22:39:26,615 [INFO] httpx: HTTP Request: GET https://data.binance.vision/data/futures/um/daily/metrics/BTCUSDT/BTCUSDT-metrics-2025-04-03.zip.CHECKSUM "HTTP/1.1 200 OK"
2026-09-27 22:39:27,395 [INFO] httpx: HTTP Request: GET https://data.binance.vision/data/futures/um/daily/metrics/BTCUSDT/BTCUSDT-metrics-2025-04-04.zip "HTTP/1.1 200 OK"
2026-09-27 22:39:28,153 [INFO] httpx: HTTP Request: GET https://data.binance.vision/data/futures/um/daily/metrics/BTCUSDT/BTCUSDT-metrics-2025-04-04.zip.CHECKSUM "HTTP/1.1 200 OK"
2026-09-27 22:39:28,917 [INFO] httpx: HTTP Request: GET https://data.binance.vision/data/futures/um/daily/metrics/BTCUSDT/BTCUSDT-metrics-2025-04-05.zip "HTTP/1.1 200 OK"
2026-09-27 22:39:29,692 [INFO] httpx: HTTP Request: GET https://data.binance.vision/data/futures/um/daily/metrics/BTCUSDT/BTCUSDT-metrics-2025-04-05.zip.CHECKSUM "HTTP/1.1 200 OK"
2026-09-27 22:39:29,992 [INFO] httpx: HTTP Request: GET https://data.binance.vision/data/futures/um/daily/metrics/BTCUSDT/BTCUSDT-metrics-2025-04-06.zip "HTTP/1.1 200 OK"
2026-09-27 22:39:30,762 [INFO] httpx: HTTP Request: GET https://data.binance.vision/data/futures/um/daily/metrics/BTCUSDT/BTCUSDT-metrics-2025-04-06.zip.CHECKSUM "HTTP/1.1 200 OK"
2026-09-27 22:39:31,538 [INFO] httpx: HTTP Request: GET https://data.binance.vision/data/futures/um/daily/metrics/BTCUSDT/BTCUSDT-metrics-2025-04-07.zip "HTTP/1.1 200 OK"
2026-09-27 22:39:32,321 [INFO] httpx: HTTP Request: GET https://data.binance.vision/data/futures/um/daily/metrics/BTCUSDT/BTCUSDT-metrics-2025-04-07.zip.CHECKSUM "HTTP/1.1 200 OK"
2026-09-27 22:39:33,117 [INFO] httpx: HTTP Request: GET https://data.binance.vision/data/futures/um/daily/metrics/BTCUSDT/BTCUSDT-metrics-2025-04-08.zip "HTTP/1.1 200 OK"
2026-09-27 22:39:33,892 [INFO] httpx: HTTP Request: GET https://data.binance.vision/data/futures/um/daily/metrics/BTCUSDT/BTCUSDT-metrics-2025-04-08.zip.CHECKSUM "HTTP/1.1 200 OK"
2026-09-27 22:39:34,664 [INFO] httpx: HTTP Request: GET https://data.binance.vision/data/futures/um/daily/metrics/BTCUSDT/BTCUSDT-metrics-2025-04-09.zip "HTTP/1.1 200 OK"
2026-09-27 22:39:35,451 [INFO] httpx: HTTP Request: GET https://data.binance.vision/data/futures/um/daily/metrics/BTCUSDT/BTCUSDT-metrics-2025-04-09.zip.CHECKSUM "HTTP/1.1 200 OK"
2026-09-27 22:39:36,243 [INFO] httpx: HTTP Request: GET https://data.binance.vision/data/futures/um/daily/metrics/BTCUSDT/BTCUSDT-metrics-2025-04-10.zip "HTTP/1.1 200 OK"
2026-09-27 22:39:37,023 [INFO] httpx: HTTP Request: GET https://data.binance.vision/data/futures/um/daily/metrics/BTCUSDT/BTCUSDT-metrics-2025-04-10.zip.CHECKSUM "HTTP/1.1 200 OK"
2026-09-27 22:39:39,718 [INFO] httpx: HTTP Request: GET https://data.binance.vision/data/futures/um/daily/metrics/BTCUSDT/BTCUSDT-metrics-2025-04-11.zip "HTTP/1.1 200 OK"
2026-09-27 22:39:40,552 [INFO] httpx: HTTP Request: GET https://data.binance.vision/data/futures/um/daily/metrics/BTCUSDT/BTCUSDT-metrics-2025-04-11.zip.CHECKSUM "HTTP/1.1 200 OK"
2026-09-27 22:39:41,396 [INFO] httpx: HTTP Request: GET https://data.binance.vision/data/futures/um/daily/metrics/BTCUSDT/BTCUSDT-metrics-2025-04-12.zip "HTTP/1.1 200 OK"
2026-09-27 22:39:42,228 [INFO] httpx: HTTP Request: GET https://data.binance.vision/data/futures/um/daily/metrics/BTCUSDT/BTCUSDT-metrics-2025-04-12.zip.CHECKSUM "HTTP/1.1 200 OK"
2026-09-27 22:39:43,026 [INFO] httpx: HTTP Request: GET https://data.binance.vision/data/futures/um/daily/metrics/BTCUSDT/BTCUSDT-metrics-2025-04-13.zip "HTTP/1.1 200 OK"
2026-09-27 22:39:43,792 [INFO] httpx: HTTP Request: GET https://data.binance.vision/data/futures/um/daily/metrics/BTCUSDT/BTCUSDT-metrics-2025-04-13.zip.CHECKSUM "HTTP/1.1 200 OK"
2026-09-27 22:39:44,087 [INFO] httpx: HTTP Request: GET https://data.binance.vision/data/futures/um/daily/metrics/BTCUSDT/BTCUSDT-metrics-2025-04-14.zip "HTTP/1.1 200 OK"
2026-09-27 22:39:44,854 [INFO] httpx: HTTP Request: GET https://data.binance.vision/data/futures/um/daily/metrics/BTCUSDT/BTCUSDT-metrics-2025-04-14.zip.CHECKSUM "HTTP/1.1 200 OK"
2026-09-27 22:39:45,654 [INFO] httpx: HTTP Request: GET https://data.binance.vision/data/futures/um/daily/metrics/BTCUSDT/BTCUSDT-metrics-2025-04-15.zip "HTTP/1.1 200 OK"
2026-09-27 22:39:46,421 [INFO] httpx: HTTP Request: GET https://data.binance.vision/data/futures/um/daily/metrics/BTCUSDT/BTCUSDT-metrics-2025-04-15.zip.CHECKSUM "HTTP/1.1 200 OK"
2026-09-27 22:39:47,194 [INFO] httpx: HTTP Request: GET https://data.binance.vision/data/futures/um/daily/metrics/BTCUSDT/BTCUSDT-metrics-2025-04-16.zip "HTTP/1.1 200 OK"
2026-09-27 22:39:47,952 [INFO] httpx: HTTP Request: GET https://data.binance.vision/data/futures/um/daily/metrics/BTCUSDT/BTCUSDT-metrics-2025-04-16.zip.CHECKSUM "HTTP/1.1 200 OK"
2026-09-27 22:39:48,714 [INFO] httpx: HTTP Request: GET https://data.binance.vision/data/futures/um/daily/metrics/BTCUSDT/BTCUSDT-metrics-2025-04-17.zip "HTTP/1.1 200 OK"
2026-09-27 22:39:49,463 [INFO] httpx: HTTP Request: GET https://data.binance.vision/data/futures/um/daily/metrics/BTCUSDT/BTCUSDT-metrics-2025-04-17.zip.CHECKSUM "HTTP/1.1 200 OK"
2026-09-27 22:39:50,213 [INFO] httpx: HTTP Request: GET https://data.binance.vision/data/futures/um/daily/metrics/BTCUSDT/BTCUSDT-metrics-2025-04-18.zip "HTTP/1.1 200 OK"
2026-09-27 22:39:50,963 [INFO] httpx: HTTP Request: GET https://data.binance.vision/data/futures/um/daily/metrics/BTCUSDT/BTCUSDT-metrics-2025-04-18.zip.CHECKSUM "HTTP/1.1 200 OK"
2026-09-27 22:39:51,244 [INFO] httpx: HTTP Request: GET https://data.binance.vision/data/futures/um/daily/metrics/BTCUSDT/BTCUSDT-metrics-2025-04-19.zip "HTTP/1.1 200 OK"
2026-09-27 22:39:51,992 [INFO] httpx: HTTP Request: GET https://data.binance.vision/data/futures/um/daily/metrics/BTCUSDT/BTCUSDT-metrics-2025-04-19.zip.CHECKSUM "HTTP/1.1 200 OK"
2026-09-27 22:39:52,751 [INFO] httpx: HTTP Request: GET https://data.binance.vision/data/futures/um/daily/metrics/BTCUSDT/BTCUSDT-metrics-2025-04-20.zip "HTTP/1.1 200 OK"
2026-09-27 22:39:53,507 [INFO] httpx: HTTP Request: GET https://data.binance.vision/data/futures/um/daily/metrics/BTCUSDT/BTCUSDT-metrics-2025-04-20.zip.CHECKSUM "HTTP/1.1 200 OK"
2026-09-27 22:39:54,283 [INFO] httpx: HTTP Request: GET https://data.binance.vision/data/futures/um/daily/metrics/BTCUSDT/BTCUSDT-metrics-2025-04-21.zip "HTTP/1.1 200 OK"
2026-09-27 22:39:55,034 [INFO] httpx: HTTP Request: GET https://data.binance.vision/data/futures/um/daily/metrics/BTCUSDT/BTCUSDT-metrics-2025-04-21.zip.CHECKSUM "HTTP/1.1 200 OK"
2026-09-27 22:39:55,795 [INFO] httpx: HTTP Request: GET https://data.binance.vision/data/futures/um/daily/metrics/BTCUSDT/BTCUSDT-metrics-2025-04-22.zip "HTTP/1.1 200 OK"
2026-09-27 22:39:56,545 [INFO] httpx: HTTP Request: GET https://data.binance.vision/data/futures/um/daily/metrics/BTCUSDT/BTCUSDT-metrics-2025-04-22.zip.CHECKSUM "HTTP/1.1 200 OK"
2026-09-27 22:39:57,309 [INFO] httpx: HTTP Request: GET https://data.binance.vision/data/futures/um/daily/metrics/BTCUSDT/BTCUSDT-metrics-2025-04-23.zip "HTTP/1.1 200 OK"
2026-09-27 22:39:58,058 [INFO] httpx: HTTP Request: GET https://data.binance.vision/data/futures/um/daily/metrics/BTCUSDT/BTCUSDT-metrics-2025-04-23.zip.CHECKSUM "HTTP/1.1 200 OK"
2026-09-27 22:39:58,814 [INFO] httpx: HTTP Request: GET https://data.binance.vision/data/futures/um/daily/metrics/BTCUSDT/BTCUSDT-metrics-2025-04-24.zip "HTTP/1.1 200 OK"
2026-09-27 22:39:59,554 [INFO] httpx: HTTP Request: GET https://data.binance.vision/data/futures/um/daily/metrics/BTCUSDT/BTCUSDT-metrics-2025-04-24.zip.CHECKSUM "HTTP/1.1 200 OK"
2026-09-27 22:40:00,340 [INFO] httpx: HTTP Request: GET https://data.binance.vision/data/futures/um/daily/metrics/BTCUSDT/BTCUSDT-metrics-2025-04-25.zip "HTTP/1.1 200 OK"
2026-09-27 22:40:01,090 [INFO] httpx: HTTP Request: GET https://data.binance.vision/data/futures/um/daily/metrics/BTCUSDT/BTCUSDT-metrics-2025-04-25.zip.CHECKSUM "HTTP/1.1 200 OK"
2026-09-27 22:40:01,838 [INFO] httpx: HTTP Request: GET https://data.binance.vision/data/futures/um/daily/metrics/BTCUSDT/BTCUSDT-metrics-2025-04-26.zip "HTTP/1.1 200 OK"
2026-09-27 22:40:02,582 [INFO] httpx: HTTP Request: GET https://data.binance.vision/data/futures/um/daily/metrics/BTCUSDT/BTCUSDT-metrics-2025-04-26.zip.CHECKSUM "HTTP/1.1 200 OK"
2026-09-27 22:40:03,372 [INFO] httpx: HTTP Request: GET https://data.binance.vision/data/futures/um/daily/metrics/BTCUSDT/BTCUSDT-metrics-2025-04-27.zip "HTTP/1.1 200 OK"
2026-09-27 22:40:04,154 [INFO] httpx: HTTP Request: GET https://data.binance.vision/data/futures/um/daily/metrics/BTCUSDT/BTCUSDT-metrics-2025-04-27.zip.CHECKSUM "HTTP/1.1 200 OK"
2026-09-27 22:40:04,948 [INFO] httpx: HTTP Request: GET https://data.binance.vision/data/futures/um/daily/metrics/BTCUSDT/BTCUSDT-metrics-2025-04-28.zip "HTTP/1.1 200 OK"
2026-09-27 22:40:05,724 [INFO] httpx: HTTP Request: GET https://data.binance.vision/data/futures/um/daily/metrics/BTCUSDT/BTCUSDT-metrics-2025-04-28.zip.CHECKSUM "HTTP/1.1 200 OK"
2026-09-27 22:40:06,518 [INFO] httpx: HTTP Request: GET https://data.binance.vision/data/futures/um/daily/metrics/BTCUSDT/BTCUSDT-metrics-2025-04-29.zip "HTTP/1.1 200 OK"
2026-09-27 22:40:07,300 [INFO] httpx: HTTP Request: GET https://data.binance.vision/data/futures/um/daily/metrics/BTCUSDT/BTCUSDT-metrics-2025-04-29.zip.CHECKSUM "HTTP/1.1 200 OK"
2026-09-27 22:40:08,101 [INFO] httpx: HTTP Request: GET https://data.binance.vision/data/futures/um/daily/metrics/BTCUSDT/BTCUSDT-metrics-2025-04-30.zip "HTTP/1.1 200 OK"
2026-09-27 22:40:08,876 [INFO] httpx: HTTP Request: GET https://data.binance.vision/data/futures/um/daily/metrics/BTCUSDT/BTCUSDT-metrics-2025-04-30.zip.CHECKSUM "HTTP/1.1 200 OK"
2026-09-27 22:40:09,661 [INFO] httpx: HTTP Request: GET https://data.binance.vision/data/futures/um/daily/metrics/BTCUSDT/BTCUSDT-metrics-2025-05-01.zip "HTTP/1.1 200 OK"
2026-09-27 22:40:10,435 [INFO] httpx: HTTP Request: GET https://data.binance.vision/data/futures/um/daily/metrics/BTCUSDT/BTCUSDT-metrics-2025-05-01.zip.CHECKSUM "HTTP/1.1 200 OK"
2026-09-27 22:40:11,243 [INFO] httpx: HTTP Request: GET https://data.binance.vision/data/futures/um/daily/metrics/BTCUSDT/BTCUSDT-metrics-2025-05-02.zip "HTTP/1.1 200 OK"
2026-09-27 22:40:13,891 [INFO] httpx: HTTP Request: GET https://data.binance.vision/data/futures/um/daily/metrics/BTCUSDT/BTCUSDT-metrics-2025-05-02.zip.CHECKSUM "HTTP/1.1 200 OK"
2026-09-27 22:40:14,728 [INFO] httpx: HTTP Request: GET https://data.binance.vision/data/futures/um/daily/metrics/BTCUSDT/BTCUSDT-metrics-2025-05-03.zip "HTTP/1.1 200 OK"
2026-09-27 22:40:15,562 [INFO] httpx: HTTP Request: GET https://data.binance.vision/data/futures/um/daily/metrics/BTCUSDT/BTCUSDT-metrics-2025-05-03.zip.CHECKSUM "HTTP/1.1 200 OK"
2026-09-27 22:40:16,388 [INFO] httpx: HTTP Request: GET https://data.binance.vision/data/futures/um/daily/metrics/BTCUSDT/BTCUSDT-metrics-2025-05-04.zip "HTTP/1.1 200 OK"
2026-09-27 22:40:17,163 [INFO] httpx: HTTP Request: GET https://data.binance.vision/data/futures/um/daily/metrics/BTCUSDT/BTCUSDT-metrics-2025-05-04.zip.CHECKSUM "HTTP/1.1 200 OK"
2026-09-27 22:40:17,946 [INFO] httpx: HTTP Request: GET https://data.binance.vision/data/futures/um/daily/metrics/BTCUSDT/BTCUSDT-metrics-2025-05-05.zip "HTTP/1.1 200 OK"
2026-09-27 22:40:18,710 [INFO] httpx: HTTP Request: GET https://data.binance.vision/data/futures/um/daily/metrics/BTCUSDT/BTCUSDT-metrics-2025-05-05.zip.CHECKSUM "HTTP/1.1 200 OK"
2026-09-27 22:40:19,473 [INFO] httpx: HTTP Request: GET https://data.binance.vision/data/futures/um/daily/metrics/BTCUSDT/BTCUSDT-metrics-2025-05-06.zip "HTTP/1.1 200 OK"
2026-09-27 22:40:20,243 [INFO] httpx: HTTP Request: GET https://data.binance.vision/data/futures/um/daily/metrics/BTCUSDT/BTCUSDT-metrics-2025-05-06.zip.CHECKSUM "HTTP/1.1 200 OK"
2026-09-27 22:40:20,997 [INFO] httpx: HTTP Request: GET https://data.binance.vision/data/futures/um/daily/metrics/BTCUSDT/BTCUSDT-metrics-2025-05-07.zip "HTTP/1.1 200 OK"
2026-09-27 22:40:21,727 [INFO] httpx: HTTP Request: GET https://data.binance.vision/data/futures/um/daily/metrics/BTCUSDT/BTCUSDT-metrics-2025-05-07.zip.CHECKSUM "HTTP/1.1 200 OK"
2026-09-27 22:40:22,480 [INFO] httpx: HTTP Request: GET https://data.binance.vision/data/futures/um/daily/metrics/BTCUSDT/BTCUSDT-metrics-2025-05-08.zip "HTTP/1.1 200 OK"
2026-09-27 22:40:23,229 [INFO] httpx: HTTP Request: GET https://data.binance.vision/data/futures/um/daily/metrics/BTCUSDT/BTCUSDT-metrics-2025-05-08.zip.CHECKSUM "HTTP/1.1 200 OK"
2026-09-27 22:40:23,998 [INFO] httpx: HTTP Request: GET https://data.binance.vision/data/futures/um/daily/metrics/BTCUSDT/BTCUSDT-metrics-2025-05-09.zip "HTTP/1.1 200 OK"
2026-09-27 22:40:24,744 [INFO] httpx: HTTP Request: GET https://data.binance.vision/data/futures/um/daily/metrics/BTCUSDT/BTCUSDT-metrics-2025-05-09.zip.CHECKSUM "HTTP/1.1 200 OK"
2026-09-27 22:40:25,497 [INFO] httpx: HTTP Request: GET https://data.binance.vision/data/futures/um/daily/metrics/BTCUSDT/BTCUSDT-metrics-2025-05-10.zip "HTTP/1.1 200 OK"
2026-09-27 22:40:26,246 [INFO] httpx: HTTP Request: GET https://data.binance.vision/data/futures/um/daily/metrics/BTCUSDT/BTCUSDT-metrics-2025-05-10.zip.CHECKSUM "HTTP/1.1 200 OK"
2026-09-27 22:40:27,004 [INFO] httpx: HTTP Request: GET https://data.binance.vision/data/futures/um/daily/metrics/BTCUSDT/BTCUSDT-metrics-2025-05-11.zip "HTTP/1.1 200 OK"
2026-09-27 22:40:27,746 [INFO] httpx: HTTP Request: GET https://data.binance.vision/data/futures/um/daily/metrics/BTCUSDT/BTCUSDT-metrics-2025-05-11.zip.CHECKSUM "HTTP/1.1 200 OK"
2026-09-27 22:40:28,516 [INFO] httpx: HTTP Request: GET https://data.binance.vision/data/futures/um/daily/metrics/BTCUSDT/BTCUSDT-metrics-2025-05-12.zip "HTTP/1.1 200 OK"
2026-09-27 22:40:29,265 [INFO] httpx: HTTP Request: GET https://data.binance.vision/data/futures/um/daily/metrics/BTCUSDT/BTCUSDT-metrics-2025-05-12.zip.CHECKSUM "HTTP/1.1 200 OK"
2026-09-27 22:40:30,050 [INFO] httpx: HTTP Request: GET https://data.binance.vision/data/futures/um/daily/metrics/BTCUSDT/BTCUSDT-metrics-2025-05-13.zip "HTTP/1.1 200 OK"
2026-09-27 22:40:30,802 [INFO] httpx: HTTP Request: GET https://data.binance.vision/data/futures/um/daily/metrics/BTCUSDT/BTCUSDT-metrics-2025-05-13.zip.CHECKSUM "HTTP/1.1 200 OK"
2026-09-27 22:40:31,579 [INFO] httpx: HTTP Request: GET https://data.binance.vision/data/futures/um/daily/metrics/BTCUSDT/BTCUSDT-metrics-2025-05-14.zip "HTTP/1.1 200 OK"
2026-09-27 22:40:32,335 [INFO] httpx: HTTP Request: GET https://data.binance.vision/data/futures/um/daily/metrics/BTCUSDT/BTCUSDT-metrics-2025-05-14.zip.CHECKSUM "HTTP/1.1 200 OK"
2026-09-27 22:40:33,122 [INFO] httpx: HTTP Request: GET https://data.binance.vision/data/futures/um/daily/metrics/BTCUSDT/BTCUSDT-metrics-2025-05-15.zip "HTTP/1.1 200 OK"
2026-09-27 22:40:33,887 [INFO] httpx: HTTP Request: GET https://data.binance.vision/data/futures/um/daily/metrics/BTCUSDT/BTCUSDT-metrics-2025-05-15.zip.CHECKSUM "HTTP/1.1 200 OK"
2026-09-27 22:40:34,653 [INFO] httpx: HTTP Request: GET https://data.binance.vision/data/futures/um/daily/metrics/BTCUSDT/BTCUSDT-metrics-2025-05-16.zip "HTTP/1.1 200 OK"
2026-09-27 22:40:35,406 [INFO] httpx: HTTP Request: GET https://data.binance.vision/data/futures/um/daily/metrics/BTCUSDT/BTCUSDT-metrics-2025-05-16.zip.CHECKSUM "HTTP/1.1 200 OK"
2026-09-27 22:40:36,226 [INFO] httpx: HTTP Request: GET https://data.binance.vision/data/futures/um/daily/metrics/BTCUSDT/BTCUSDT-metrics-2025-05-17.zip "HTTP/1.1 200 OK"
2026-09-27 22:40:37,004 [INFO] httpx: HTTP Request: GET https://data.binance.vision/data/futures/um/daily/metrics/BTCUSDT/BTCUSDT-metrics-2025-05-17.zip.CHECKSUM "HTTP/1.1 200 OK"
2026-09-27 22:40:37,306 [INFO] httpx: HTTP Request: GET https://data.binance.vision/data/futures/um/daily/metrics/BTCUSDT/BTCUSDT-metrics-2025-05-18.zip "HTTP/1.1 200 OK"
2026-09-27 22:40:38,089 [INFO] httpx: HTTP Request: GET https://data.binance.vision/data/futures/um/daily/metrics/BTCUSDT/BTCUSDT-metrics-2025-05-18.zip.CHECKSUM "HTTP/1.1 200 OK"
2026-09-27 22:40:38,867 [INFO] httpx: HTTP Request: GET https://data.binance.vision/data/futures/um/daily/metrics/BTCUSDT/BTCUSDT-metrics-2025-05-19.zip "HTTP/1.1 200 OK"
2026-09-27 22:40:39,649 [INFO] httpx: HTTP Request: GET https://data.binance.vision/data/futures/um/daily/metrics/BTCUSDT/BTCUSDT-metrics-2025-05-19.zip.CHECKSUM "HTTP/1.1 200 OK"
2026-09-27 22:40:40,442 [INFO] httpx: HTTP Request: GET https://data.binance.vision/data/futures/um/daily/metrics/BTCUSDT/BTCUSDT-metrics-2025-05-20.zip "HTTP/1.1 200 OK"
2026-09-27 22:40:41,206 [INFO] httpx: HTTP Request: GET https://data.binance.vision/data/futures/um/daily/metrics/BTCUSDT/BTCUSDT-metrics-2025-05-20.zip.CHECKSUM "HTTP/1.1 200 OK"
2026-09-27 22:40:42,001 [INFO] httpx: HTTP Request: GET https://data.binance.vision/data/futures/um/daily/metrics/BTCUSDT/BTCUSDT-metrics-2025-05-21.zip "HTTP/1.1 200 OK"
2026-09-27 22:40:42,764 [INFO] httpx: HTTP Request: GET https://data.binance.vision/data/futures/um/daily/metrics/BTCUSDT/BTCUSDT-metrics-2025-05-21.zip.CHECKSUM "HTTP/1.1 200 OK"
2026-09-27 22:40:43,570 [INFO] httpx: HTTP Request: GET https://data.binance.vision/data/futures/um/daily/metrics/BTCUSDT/BTCUSDT-metrics-2025-05-22.zip "HTTP/1.1 200 OK"
2026-09-27 22:40:43,869 [INFO] httpx: HTTP Request: GET https://data.binance.vision/data/futures/um/daily/metrics/BTCUSDT/BTCUSDT-metrics-2025-05-22.zip.CHECKSUM "HTTP/1.1 200 OK"
2026-09-27 22:40:44,688 [INFO] httpx: HTTP Request: GET https://data.binance.vision/data/futures/um/daily/metrics/BTCUSDT/BTCUSDT-metrics-2025-05-23.zip "HTTP/1.1 200 OK"
2026-09-27 22:40:45,505 [INFO] httpx: HTTP Request: GET https://data.binance.vision/data/futures/um/daily/metrics/BTCUSDT/BTCUSDT-metrics-2025-05-23.zip.CHECKSUM "HTTP/1.1 200 OK"
2026-09-27 22:40:48,156 [INFO] httpx: HTTP Request: GET https://data.binance.vision/data/futures/um/daily/metrics/BTCUSDT/BTCUSDT-metrics-2025-05-24.zip "HTTP/1.1 200 OK"
2026-09-27 22:40:48,989 [INFO] httpx: HTTP Request: GET https://data.binance.vision/data/futures/um/daily/metrics/BTCUSDT/BTCUSDT-metrics-2025-05-24.zip.CHECKSUM "HTTP/1.1 200 OK"
2026-09-27 22:40:49,827 [INFO] httpx: HTTP Request: GET https://data.binance.vision/data/futures/um/daily/metrics/BTCUSDT/BTCUSDT-metrics-2025-05-25.zip "HTTP/1.1 200 OK"
2026-09-27 22:40:50,592 [INFO] httpx: HTTP Request: GET https://data.binance.vision/data/futures/um/daily/metrics/BTCUSDT/BTCUSDT-metrics-2025-05-25.zip.CHECKSUM "HTTP/1.1 200 OK"
2026-09-27 22:40:51,376 [INFO] httpx: HTTP Request: GET https://data.binance.vision/data/futures/um/daily/metrics/BTCUSDT/BTCUSDT-metrics-2025-05-26.zip "HTTP/1.1 200 OK"
2026-09-27 22:40:52,130 [INFO] httpx: HTTP Request: GET https://data.binance.vision/data/futures/um/daily/metrics/BTCUSDT/BTCUSDT-metrics-2025-05-26.zip.CHECKSUM "HTTP/1.1 200 OK"
2026-09-27 22:40:52,927 [INFO] httpx: HTTP Request: GET https://data.binance.vision/data/futures/um/daily/metrics/BTCUSDT/BTCUSDT-metrics-2025-05-27.zip "HTTP/1.1 200 OK"
2026-09-27 22:40:53,687 [INFO] httpx: HTTP Request: GET https://data.binance.vision/data/futures/um/daily/metrics/BTCUSDT/BTCUSDT-metrics-2025-05-27.zip.CHECKSUM "HTTP/1.1 200 OK"
2026-09-27 22:40:54,469 [INFO] httpx: HTTP Request: GET https://data.binance.vision/data/futures/um/daily/metrics/BTCUSDT/BTCUSDT-metrics-2025-05-28.zip "HTTP/1.1 200 OK"
2026-09-27 22:40:55,234 [INFO] httpx: HTTP Request: GET https://data.binance.vision/data/futures/um/daily/metrics/BTCUSDT/BTCUSDT-metrics-2025-05-28.zip.CHECKSUM "HTTP/1.1 200 OK"
2026-09-27 22:40:55,974 [INFO] httpx: HTTP Request: GET https://data.binance.vision/data/futures/um/daily/metrics/BTCUSDT/BTCUSDT-metrics-2025-05-29.zip "HTTP/1.1 200 OK"
2026-09-27 22:40:56,711 [INFO] httpx: HTTP Request: GET https://data.binance.vision/data/futures/um/daily/metrics/BTCUSDT/BTCUSDT-metrics-2025-05-29.zip.CHECKSUM "HTTP/1.1 200 OK"
2026-09-27 22:40:57,463 [INFO] httpx: HTTP Request: GET https://data.binance.vision/data/futures/um/daily/metrics/BTCUSDT/BTCUSDT-metrics-2025-05-30.zip "HTTP/1.1 200 OK"
2026-09-27 22:40:58,202 [INFO] httpx: HTTP Request: GET https://data.binance.vision/data/futures/um/daily/metrics/BTCUSDT/BTCUSDT-metrics-2025-05-30.zip.CHECKSUM "HTTP/1.1 200 OK"
2026-09-27 22:40:58,486 [INFO] httpx: HTTP Request: GET https://data.binance.vision/data/futures/um/daily/metrics/BTCUSDT/BTCUSDT-metrics-2025-05-31.zip "HTTP/1.1 200 OK"
2026-09-27 22:40:59,218 [INFO] httpx: HTTP Request: GET https://data.binance.vision/data/futures/um/daily/metrics/BTCUSDT/BTCUSDT-metrics-2025-05-31.zip.CHECKSUM "HTTP/1.1 200 OK"
2026-09-27 22:40:59,963 [INFO] httpx: HTTP Request: GET https://data.binance.vision/data/futures/um/daily/metrics/BTCUSDT/BTCUSDT-metrics-2025-06-01.zip "HTTP/1.1 200 OK"
2026-09-27 22:41:00,734 [INFO] httpx: HTTP Request: GET https://data.binance.vision/data/futures/um/daily/metrics/BTCUSDT/BTCUSDT-metrics-2025-06-01.zip.CHECKSUM "HTTP/1.1 200 OK"
2026-09-27 22:41:01,495 [INFO] httpx: HTTP Request: GET https://data.binance.vision/data/futures/um/daily/metrics/BTCUSDT/BTCUSDT-metrics-2025-06-02.zip "HTTP/1.1 200 OK"
2026-09-27 22:41:02,237 [INFO] httpx: HTTP Request: GET https://data.binance.vision/data/futures/um/daily/metrics/BTCUSDT/BTCUSDT-metrics-2025-06-02.zip.CHECKSUM "HTTP/1.1 200 OK"
2026-09-27 22:41:03,039 [INFO] httpx: HTTP Request: GET https://data.binance.vision/data/futures/um/daily/metrics/BTCUSDT/BTCUSDT-metrics-2025-06-03.zip "HTTP/1.1 200 OK"
2026-09-27 22:41:03,807 [INFO] httpx: HTTP Request: GET https://data.binance.vision/data/futures/um/daily/metrics/BTCUSDT/BTCUSDT-metrics-2025-06-03.zip.CHECKSUM "HTTP/1.1 200 OK"
2026-09-27 22:41:04,583 [INFO] httpx: HTTP Request: GET https://data.binance.vision/data/futures/um/daily/metrics/BTCUSDT/BTCUSDT-metrics-2025-06-04.zip "HTTP/1.1 200 OK"
2026-09-27 22:41:05,351 [INFO] httpx: HTTP Request: GET https://data.binance.vision/data/futures/um/daily/metrics/BTCUSDT/BTCUSDT-metrics-2025-06-04.zip.CHECKSUM "HTTP/1.1 200 OK"
2026-09-27 22:41:06,180 [INFO] httpx: HTTP Request: GET https://data.binance.vision/data/futures/um/daily/metrics/BTCUSDT/BTCUSDT-metrics-2025-06-05.zip "HTTP/1.1 200 OK"
2026-09-27 22:41:06,939 [INFO] httpx: HTTP Request: GET https://data.binance.vision/data/futures/um/daily/metrics/BTCUSDT/BTCUSDT-metrics-2025-06-05.zip.CHECKSUM "HTTP/1.1 200 OK"
2026-09-27 22:41:07,725 [INFO] httpx: HTTP Request: GET https://data.binance.vision/data/futures/um/daily/metrics/BTCUSDT/BTCUSDT-metrics-2025-06-06.zip "HTTP/1.1 200 OK"
2026-09-27 22:41:08,530 [INFO] httpx: HTTP Request: GET https://data.binance.vision/data/futures/um/daily/metrics/BTCUSDT/BTCUSDT-metrics-2025-06-06.zip.CHECKSUM "HTTP/1.1 200 OK"
2026-09-27 22:41:09,493 [INFO] httpx: HTTP Request: GET https://data.binance.vision/data/futures/um/daily/metrics/BTCUSDT/BTCUSDT-metrics-2025-06-07.zip "HTTP/1.1 200 OK"
2026-09-27 22:41:09,793 [INFO] httpx: HTTP Request: GET https://data.binance.vision/data/futures/um/daily/metrics/BTCUSDT/BTCUSDT-metrics-2025-06-07.zip.CHECKSUM "HTTP/1.1 200 OK"
2026-09-27 22:41:10,581 [INFO] httpx: HTTP Request: GET https://data.binance.vision/data/futures/um/daily/metrics/BTCUSDT/BTCUSDT-metrics-2025-06-08.zip "HTTP/1.1 200 OK"
2026-09-27 22:41:11,410 [INFO] httpx: HTTP Request: GET https://data.binance.vision/data/futures/um/daily/metrics/BTCUSDT/BTCUSDT-metrics-2025-06-08.zip.CHECKSUM "HTTP/1.1 200 OK"
2026-09-27 22:41:12,187 [INFO] httpx: HTTP Request: GET https://data.binance.vision/data/futures/um/daily/metrics/BTCUSDT/BTCUSDT-metrics-2025-06-09.zip "HTTP/1.1 200 OK"
2026-09-27 22:41:12,987 [INFO] httpx: HTTP Request: GET https://data.binance.vision/data/futures/um/daily/metrics/BTCUSDT/BTCUSDT-metrics-2025-06-09.zip.CHECKSUM "HTTP/1.1 200 OK"
2026-09-27 22:41:13,810 [INFO] httpx: HTTP Request: GET https://data.binance.vision/data/futures/um/daily/metrics/BTCUSDT/BTCUSDT-metrics-2025-06-10.zip "HTTP/1.1 200 OK"
2026-09-27 22:41:14,608 [INFO] httpx: HTTP Request: GET https://data.binance.vision/data/futures/um/daily/metrics/BTCUSDT/BTCUSDT-metrics-2025-06-10.zip.CHECKSUM "HTTP/1.1 200 OK"
2026-09-27 22:41:15,428 [INFO] httpx: HTTP Request: GET https://data.binance.vision/data/futures/um/daily/metrics/BTCUSDT/BTCUSDT-metrics-2025-06-11.zip "HTTP/1.1 200 OK"
2026-09-27 22:41:16,232 [INFO] httpx: HTTP Request: GET https://data.binance.vision/data/futures/um/daily/metrics/BTCUSDT/BTCUSDT-metrics-2025-06-11.zip.CHECKSUM "HTTP/1.1 200 OK"
2026-09-27 22:41:17,048 [INFO] httpx: HTTP Request: GET https://data.binance.vision/data/futures/um/daily/metrics/BTCUSDT/BTCUSDT-metrics-2025-06-12.zip "HTTP/1.1 200 OK"
2026-09-27 22:41:17,868 [INFO] httpx: HTTP Request: GET https://data.binance.vision/data/futures/um/daily/metrics/BTCUSDT/BTCUSDT-metrics-2025-06-12.zip.CHECKSUM "HTTP/1.1 200 OK"
2026-09-27 22:41:18,659 [INFO] httpx: HTTP Request: GET https://data.binance.vision/data/futures/um/daily/metrics/BTCUSDT/BTCUSDT-metrics-2025-06-13.zip "HTTP/1.1 200 OK"
2026-09-27 22:41:19,469 [INFO] httpx: HTTP Request: GET https://data.binance.vision/data/futures/um/daily/metrics/BTCUSDT/BTCUSDT-metrics-2025-06-13.zip.CHECKSUM "HTTP/1.1 200 OK"
2026-09-27 22:41:22,120 [INFO] httpx: HTTP Request: GET https://data.binance.vision/data/futures/um/daily/metrics/BTCUSDT/BTCUSDT-metrics-2025-06-14.zip "HTTP/1.1 200 OK"
2026-09-27 22:41:22,930 [INFO] httpx: HTTP Request: GET https://data.binance.vision/data/futures/um/daily/metrics/BTCUSDT/BTCUSDT-metrics-2025-06-14.zip.CHECKSUM "HTTP/1.1 200 OK"
2026-09-27 22:41:23,760 [INFO] httpx: HTTP Request: GET https://data.binance.vision/data/futures/um/daily/metrics/BTCUSDT/BTCUSDT-metrics-2025-06-15.zip "HTTP/1.1 200 OK"
2026-09-27 22:41:24,556 [INFO] httpx: HTTP Request: GET https://data.binance.vision/data/futures/um/daily/metrics/BTCUSDT/BTCUSDT-metrics-2025-06-15.zip.CHECKSUM "HTTP/1.1 200 OK"
2026-09-27 22:41:25,349 [INFO] httpx: HTTP Request: GET https://data.binance.vision/data/futures/um/daily/metrics/BTCUSDT/BTCUSDT-metrics-2025-06-16.zip "HTTP/1.1 200 OK"
2026-09-27 22:41:26,113 [INFO] httpx: HTTP Request: GET https://data.binance.vision/data/futures/um/daily/metrics/BTCUSDT/BTCUSDT-metrics-2025-06-16.zip.CHECKSUM "HTTP/1.1 200 OK"
2026-09-27 22:41:26,894 [INFO] httpx: HTTP Request: GET https://data.binance.vision/data/futures/um/daily/metrics/BTCUSDT/BTCUSDT-metrics-2025-06-17.zip "HTTP/1.1 200 OK"
2026-09-27 22:41:27,663 [INFO] httpx: HTTP Request: GET https://data.binance.vision/data/futures/um/daily/metrics/BTCUSDT/BTCUSDT-metrics-2025-06-17.zip.CHECKSUM "HTTP/1.1 200 OK"
2026-09-27 22:41:28,448 [INFO] httpx: HTTP Request: GET https://data.binance.vision/data/futures/um/daily/metrics/BTCUSDT/BTCUSDT-metrics-2025-06-18.zip "HTTP/1.1 200 OK"
2026-09-27 22:41:29,210 [INFO] httpx: HTTP Request: GET https://data.binance.vision/data/futures/um/daily/metrics/BTCUSDT/BTCUSDT-metrics-2025-06-18.zip.CHECKSUM "HTTP/1.1 200 OK"
2026-09-27 22:41:29,984 [INFO] httpx: HTTP Request: GET https://data.binance.vision/data/futures/um/daily/metrics/BTCUSDT/BTCUSDT-metrics-2025-06-19.zip "HTTP/1.1 200 OK"
2026-09-27 22:41:30,738 [INFO] httpx: HTTP Request: GET https://data.binance.vision/data/futures/um/daily/metrics/BTCUSDT/BTCUSDT-metrics-2025-06-19.zip.CHECKSUM "HTTP/1.1 200 OK"
2026-09-27 22:41:31,489 [INFO] httpx: HTTP Request: GET https://data.binance.vision/data/futures/um/daily/metrics/BTCUSDT/BTCUSDT-metrics-2025-06-20.zip "HTTP/1.1 200 OK"
2026-09-27 22:41:31,762 [INFO] httpx: HTTP Request: GET https://data.binance.vision/data/futures/um/daily/metrics/BTCUSDT/BTCUSDT-metrics-2025-06-20.zip.CHECKSUM "HTTP/1.1 200 OK"
2026-09-27 22:41:32,532 [INFO] httpx: HTTP Request: GET https://data.binance.vision/data/futures/um/daily/metrics/BTCUSDT/BTCUSDT-metrics-2025-06-21.zip "HTTP/1.1 200 OK"
2026-09-27 22:41:33,284 [INFO] httpx: HTTP Request: GET https://data.binance.vision/data/futures/um/daily/metrics/BTCUSDT/BTCUSDT-metrics-2025-06-21.zip.CHECKSUM "HTTP/1.1 200 OK"
2026-09-27 22:41:34,035 [INFO] httpx: HTTP Request: GET https://data.binance.vision/data/futures/um/daily/metrics/BTCUSDT/BTCUSDT-metrics-2025-06-22.zip "HTTP/1.1 200 OK"
2026-09-27 22:41:34,772 [INFO] httpx: HTTP Request: GET https://data.binance.vision/data/futures/um/daily/metrics/BTCUSDT/BTCUSDT-metrics-2025-06-22.zip.CHECKSUM "HTTP/1.1 200 OK"
2026-09-27 22:41:35,535 [INFO] httpx: HTTP Request: GET https://data.binance.vision/data/futures/um/daily/metrics/BTCUSDT/BTCUSDT-metrics-2025-06-23.zip "HTTP/1.1 200 OK"
2026-09-27 22:41:36,288 [INFO] httpx: HTTP Request: GET https://data.binance.vision/data/futures/um/daily/metrics/BTCUSDT/BTCUSDT-metrics-2025-06-23.zip.CHECKSUM "HTTP/1.1 200 OK"
2026-09-27 22:41:37,053 [INFO] httpx: HTTP Request: GET https://data.binance.vision/data/futures/um/daily/metrics/BTCUSDT/BTCUSDT-metrics-2025-06-24.zip "HTTP/1.1 200 OK"
2026-09-27 22:41:37,805 [INFO] httpx: HTTP Request: GET https://data.binance.vision/data/futures/um/daily/metrics/BTCUSDT/BTCUSDT-metrics-2025-06-24.zip.CHECKSUM "HTTP/1.1 200 OK"
2026-09-27 22:41:38,573 [INFO] httpx: HTTP Request: GET https://data.binance.vision/data/futures/um/daily/metrics/BTCUSDT/BTCUSDT-metrics-2025-06-25.zip "HTTP/1.1 200 OK"
2026-09-27 22:41:39,339 [INFO] httpx: HTTP Request: GET https://data.binance.vision/data/futures/um/daily/metrics/BTCUSDT/BTCUSDT-metrics-2025-06-25.zip.CHECKSUM "HTTP/1.1 200 OK"
2026-09-27 22:41:40,100 [INFO] httpx: HTTP Request: GET https://data.binance.vision/data/futures/um/daily/metrics/BTCUSDT/BTCUSDT-metrics-2025-06-26.zip "HTTP/1.1 200 OK"
2026-09-27 22:41:40,854 [INFO] httpx: HTTP Request: GET https://data.binance.vision/data/futures/um/daily/metrics/BTCUSDT/BTCUSDT-metrics-2025-06-26.zip.CHECKSUM "HTTP/1.1 200 OK"
2026-09-27 22:41:41,634 [INFO] httpx: HTTP Request: GET https://data.binance.vision/data/futures/um/daily/metrics/BTCUSDT/BTCUSDT-metrics-2025-06-27.zip "HTTP/1.1 200 OK"
2026-09-27 22:41:42,391 [INFO] httpx: HTTP Request: GET https://data.binance.vision/data/futures/um/daily/metrics/BTCUSDT/BTCUSDT-metrics-2025-06-27.zip.CHECKSUM "HTTP/1.1 200 OK"
2026-09-27 22:41:43,890 [INFO] httpx: HTTP Request: GET https://data.binance.vision/data/futures/um/daily/metrics/BTCUSDT/BTCUSDT-metrics-2025-06-28.zip "HTTP/1.1 200 OK"
2026-09-27 22:41:44,644 [INFO] httpx: HTTP Request: GET https://data.binance.vision/data/futures/um/daily/metrics/BTCUSDT/BTCUSDT-metrics-2025-06-28.zip.CHECKSUM "HTTP/1.1 200 OK"
2026-09-27 22:41:45,491 [INFO] httpx: HTTP Request: GET https://data.binance.vision/data/futures/um/daily/metrics/BTCUSDT/BTCUSDT-metrics-2025-06-29.zip "HTTP/1.1 200 OK"
2026-09-27 22:41:46,276 [INFO] httpx: HTTP Request: GET https://data.binance.vision/data/futures/um/daily/metrics/BTCUSDT/BTCUSDT-metrics-2025-06-29.zip.CHECKSUM "HTTP/1.1 200 OK"
2026-09-27 22:41:47,065 [INFO] httpx: HTTP Request: GET https://data.binance.vision/data/futures/um/daily/metrics/BTCUSDT/BTCUSDT-metrics-2025-06-30.zip "HTTP/1.1 200 OK"
2026-09-27 22:41:47,843 [INFO] httpx: HTTP Request: GET https://data.binance.vision/data/futures/um/daily/metrics/BTCUSDT/BTCUSDT-metrics-2025-06-30.zip.CHECKSUM "HTTP/1.1 200 OK"
2026-09-27 22:41:48,633 [INFO] httpx: HTTP Request: GET https://data.binance.vision/data/futures/um/daily/metrics/BTCUSDT/BTCUSDT-metrics-2025-07-01.zip "HTTP/1.1 200 OK"
2026-09-27 22:41:49,419 [INFO] httpx: HTTP Request: GET https://data.binance.vision/data/futures/um/daily/metrics/BTCUSDT/BTCUSDT-metrics-2025-07-01.zip.CHECKSUM "HTTP/1.1 200 OK"
2026-09-27 22:41:50,210 [INFO] httpx: HTTP Request: GET https://data.binance.vision/data/futures/um/daily/metrics/BTCUSDT/BTCUSDT-metrics-2025-07-02.zip "HTTP/1.1 200 OK"
2026-09-27 22:41:50,981 [INFO] httpx: HTTP Request: GET https://data.binance.vision/data/futures/um/daily/metrics/BTCUSDT/BTCUSDT-metrics-2025-07-02.zip.CHECKSUM "HTTP/1.1 200 OK"
2026-09-27 22:41:51,772 [INFO] httpx: HTTP Request: GET https://data.binance.vision/data/futures/um/daily/metrics/BTCUSDT/BTCUSDT-metrics-2025-07-03.zip "HTTP/1.1 200 OK"
2026-09-27 22:41:52,554 [INFO] httpx: HTTP Request: GET https://data.binance.vision/data/futures/um/daily/metrics/BTCUSDT/BTCUSDT-metrics-2025-07-03.zip.CHECKSUM "HTTP/1.1 200 OK"
2026-09-27 22:41:53,382 [INFO] httpx: HTTP Request: GET https://data.binance.vision/data/futures/um/daily/metrics/BTCUSDT/BTCUSDT-metrics-2025-07-04.zip "HTTP/1.1 200 OK"
2026-09-27 22:41:56,025 [INFO] httpx: HTTP Request: GET https://data.binance.vision/data/futures/um/daily/metrics/BTCUSDT/BTCUSDT-metrics-2025-07-04.zip.CHECKSUM "HTTP/1.1 200 OK"
2026-09-27 22:41:56,858 [INFO] httpx: HTTP Request: GET https://data.binance.vision/data/futures/um/daily/metrics/BTCUSDT/BTCUSDT-metrics-2025-07-05.zip "HTTP/1.1 200 OK"
2026-09-27 22:41:57,676 [INFO] httpx: HTTP Request: GET https://data.binance.vision/data/futures/um/daily/metrics/BTCUSDT/BTCUSDT-metrics-2025-07-05.zip.CHECKSUM "HTTP/1.1 200 OK"
2026-09-27 22:41:58,492 [INFO] httpx: HTTP Request: GET https://data.binance.vision/data/futures/um/daily/metrics/BTCUSDT/BTCUSDT-metrics-2025-07-06.zip "HTTP/1.1 200 OK"
2026-09-27 22:41:59,269 [INFO] httpx: HTTP Request: GET https://data.binance.vision/data/futures/um/daily/metrics/BTCUSDT/BTCUSDT-metrics-2025-07-06.zip.CHECKSUM "HTTP/1.1 200 OK"
2026-09-27 22:42:00,053 [INFO] httpx: HTTP Request: GET https://data.binance.vision/data/futures/um/daily/metrics/BTCUSDT/BTCUSDT-metrics-2025-07-07.zip "HTTP/1.1 200 OK"
2026-09-27 22:42:00,822 [INFO] httpx: HTTP Request: GET https://data.binance.vision/data/futures/um/daily/metrics/BTCUSDT/BTCUSDT-metrics-2025-07-07.zip.CHECKSUM "HTTP/1.1 200 OK"
2026-09-27 22:42:01,594 [INFO] httpx: HTTP Request: GET https://data.binance.vision/data/futures/um/daily/metrics/BTCUSDT/BTCUSDT-metrics-2025-07-08.zip "HTTP/1.1 200 OK"
2026-09-27 22:42:02,353 [INFO] httpx: HTTP Request: GET https://data.binance.vision/data/futures/um/daily/metrics/BTCUSDT/BTCUSDT-metrics-2025-07-08.zip.CHECKSUM "HTTP/1.1 200 OK"
2026-09-27 22:42:03,090 [INFO] httpx: HTTP Request: GET https://data.binance.vision/data/futures/um/daily/metrics/BTCUSDT/BTCUSDT-metrics-2025-07-09.zip "HTTP/1.1 200 OK"
2026-09-27 22:42:03,823 [INFO] httpx: HTTP Request: GET https://data.binance.vision/data/futures/um/daily/metrics/BTCUSDT/BTCUSDT-metrics-2025-07-09.zip.CHECKSUM "HTTP/1.1 200 OK"
2026-09-27 22:42:04,567 [INFO] httpx: HTTP Request: GET https://data.binance.vision/data/futures/um/daily/metrics/BTCUSDT/BTCUSDT-metrics-2025-07-10.zip "HTTP/1.1 200 OK"
2026-09-27 22:42:05,320 [INFO] httpx: HTTP Request: GET https://data.binance.vision/data/futures/um/daily/metrics/BTCUSDT/BTCUSDT-metrics-2025-07-10.zip.CHECKSUM "HTTP/1.1 200 OK"
2026-09-27 22:42:06,071 [INFO] httpx: HTTP Request: GET https://data.binance.vision/data/futures/um/daily/metrics/BTCUSDT/BTCUSDT-metrics-2025-07-11.zip "HTTP/1.1 200 OK"
2026-09-27 22:42:06,811 [INFO] httpx: HTTP Request: GET https://data.binance.vision/data/futures/um/daily/metrics/BTCUSDT/BTCUSDT-metrics-2025-07-11.zip.CHECKSUM "HTTP/1.1 200 OK"
2026-09-27 22:42:07,572 [INFO] httpx: HTTP Request: GET https://data.binance.vision/data/futures/um/daily/metrics/BTCUSDT/BTCUSDT-metrics-2025-07-12.zip "HTTP/1.1 200 OK"
2026-09-27 22:42:08,320 [INFO] httpx: HTTP Request: GET https://data.binance.vision/data/futures/um/daily/metrics/BTCUSDT/BTCUSDT-metrics-2025-07-12.zip.CHECKSUM "HTTP/1.1 200 OK"
2026-09-27 22:42:09,074 [INFO] httpx: HTTP Request: GET https://data.binance.vision/data/futures/um/daily/metrics/BTCUSDT/BTCUSDT-metrics-2025-07-13.zip "HTTP/1.1 200 OK"
2026-09-27 22:42:09,348 [INFO] httpx: HTTP Request: GET https://data.binance.vision/data/futures/um/daily/metrics/BTCUSDT/BTCUSDT-metrics-2025-07-13.zip.CHECKSUM "HTTP/1.1 200 OK"
2026-09-27 22:42:10,098 [INFO] httpx: HTTP Request: GET https://data.binance.vision/data/futures/um/daily/metrics/BTCUSDT/BTCUSDT-metrics-2025-07-14.zip "HTTP/1.1 200 OK"
2026-09-27 22:42:10,850 [INFO] httpx: HTTP Request: GET https://data.binance.vision/data/futures/um/daily/metrics/BTCUSDT/BTCUSDT-metrics-2025-07-14.zip.CHECKSUM "HTTP/1.1 200 OK"
2026-09-27 22:42:11,620 [INFO] httpx: HTTP Request: GET https://data.binance.vision/data/futures/um/daily/metrics/BTCUSDT/BTCUSDT-metrics-2025-07-15.zip "HTTP/1.1 200 OK"
2026-09-27 22:42:12,387 [INFO] httpx: HTTP Request: GET https://data.binance.vision/data/futures/um/daily/metrics/BTCUSDT/BTCUSDT-metrics-2025-07-15.zip.CHECKSUM "HTTP/1.1 200 OK"
2026-09-27 22:42:13,169 [INFO] httpx: HTTP Request: GET https://data.binance.vision/data/futures/um/daily/metrics/BTCUSDT/BTCUSDT-metrics-2025-07-16.zip "HTTP/1.1 200 OK"
2026-09-27 22:42:13,448 [INFO] httpx: HTTP Request: GET https://data.binance.vision/data/futures/um/daily/metrics/BTCUSDT/BTCUSDT-metrics-2025-07-16.zip.CHECKSUM "HTTP/1.1 200 OK"
2026-09-27 22:42:14,232 [INFO] httpx: HTTP Request: GET https://data.binance.vision/data/futures/um/daily/metrics/BTCUSDT/BTCUSDT-metrics-2025-07-17.zip "HTTP/1.1 200 OK"
2026-09-27 22:42:15,002 [INFO] httpx: HTTP Request: GET https://data.binance.vision/data/futures/um/daily/metrics/BTCUSDT/BTCUSDT-metrics-2025-07-17.zip.CHECKSUM "HTTP/1.1 200 OK"
2026-09-27 22:42:15,783 [INFO] httpx: HTTP Request: GET https://data.binance.vision/data/futures/um/daily/metrics/BTCUSDT/BTCUSDT-metrics-2025-07-18.zip "HTTP/1.1 200 OK"
2026-09-27 22:42:16,548 [INFO] httpx: HTTP Request: GET https://data.binance.vision/data/futures/um/daily/metrics/BTCUSDT/BTCUSDT-metrics-2025-07-18.zip.CHECKSUM "HTTP/1.1 200 OK"
2026-09-27 22:42:17,325 [INFO] httpx: HTTP Request: GET https://data.binance.vision/data/futures/um/daily/metrics/BTCUSDT/BTCUSDT-metrics-2025-07-19.zip "HTTP/1.1 200 OK"
2026-09-27 22:42:18,101 [INFO] httpx: HTTP Request: GET https://data.binance.vision/data/futures/um/daily/metrics/BTCUSDT/BTCUSDT-metrics-2025-07-19.zip.CHECKSUM "HTTP/1.1 200 OK"
2026-09-27 22:42:18,880 [INFO] httpx: HTTP Request: GET https://data.binance.vision/data/futures/um/daily/metrics/BTCUSDT/BTCUSDT-metrics-2025-07-20.zip "HTTP/1.1 200 OK"
2026-09-27 22:42:19,162 [INFO] httpx: HTTP Request: GET https://data.binance.vision/data/futures/um/daily/metrics/BTCUSDT/BTCUSDT-metrics-2025-07-20.zip.CHECKSUM "HTTP/1.1 200 OK"
2026-09-27 22:42:19,955 [INFO] httpx: HTTP Request: GET https://data.binance.vision/data/futures/um/daily/metrics/BTCUSDT/BTCUSDT-metrics-2025-07-21.zip "HTTP/1.1 200 OK"
2026-09-27 22:42:20,726 [INFO] httpx: HTTP Request: GET https://data.binance.vision/data/futures/um/daily/metrics/BTCUSDT/BTCUSDT-metrics-2025-07-21.zip.CHECKSUM "HTTP/1.1 200 OK"
2026-09-27 22:42:21,497 [INFO] httpx: HTTP Request: GET https://data.binance.vision/data/futures/um/daily/metrics/BTCUSDT/BTCUSDT-metrics-2025-07-22.zip "HTTP/1.1 200 OK"
2026-09-27 22:42:22,265 [INFO] httpx: HTTP Request: GET https://data.binance.vision/data/futures/um/daily/metrics/BTCUSDT/BTCUSDT-metrics-2025-07-22.zip.CHECKSUM "HTTP/1.1 200 OK"
2026-09-27 22:42:23,041 [INFO] httpx: HTTP Request: GET https://data.binance.vision/data/futures/um/daily/metrics/BTCUSDT/BTCUSDT-metrics-2025-07-23.zip "HTTP/1.1 200 OK"
2026-09-27 22:42:23,822 [INFO] httpx: HTTP Request: GET https://data.binance.vision/data/futures/um/daily/metrics/BTCUSDT/BTCUSDT-metrics-2025-07-23.zip.CHECKSUM "HTTP/1.1 200 OK"
2026-09-27 22:42:24,609 [INFO] httpx: HTTP Request: GET https://data.binance.vision/data/futures/um/daily/metrics/BTCUSDT/BTCUSDT-metrics-2025-07-24.zip "HTTP/1.1 200 OK"
2026-09-27 22:42:25,404 [INFO] httpx: HTTP Request: GET https://data.binance.vision/data/futures/um/daily/metrics/BTCUSDT/BTCUSDT-metrics-2025-07-24.zip.CHECKSUM "HTTP/1.1 200 OK"
2026-09-27 22:42:26,187 [INFO] httpx: HTTP Request: GET https://data.binance.vision/data/futures/um/daily/metrics/BTCUSDT/BTCUSDT-metrics-2025-07-25.zip "HTTP/1.1 200 OK"
2026-09-27 22:42:26,987 [INFO] httpx: HTTP Request: GET https://data.binance.vision/data/futures/um/daily/metrics/BTCUSDT/BTCUSDT-metrics-2025-07-25.zip.CHECKSUM "HTTP/1.1 200 OK"
2026-09-27 22:42:29,630 [INFO] httpx: HTTP Request: GET https://data.binance.vision/data/futures/um/daily/metrics/BTCUSDT/BTCUSDT-metrics-2025-07-26.zip "HTTP/1.1 200 OK"
2026-09-27 22:42:30,462 [INFO] httpx: HTTP Request: GET https://data.binance.vision/data/futures/um/daily/metrics/BTCUSDT/BTCUSDT-metrics-2025-07-26.zip.CHECKSUM "HTTP/1.1 200 OK"
2026-09-27 22:42:31,294 [INFO] httpx: HTTP Request: GET https://data.binance.vision/data/futures/um/daily/metrics/BTCUSDT/BTCUSDT-metrics-2025-07-27.zip "HTTP/1.1 200 OK"
2026-09-27 22:42:32,109 [INFO] httpx: HTTP Request: GET https://data.binance.vision/data/futures/um/daily/metrics/BTCUSDT/BTCUSDT-metrics-2025-07-27.zip.CHECKSUM "HTTP/1.1 200 OK"
2026-09-27 22:42:32,901 [INFO] httpx: HTTP Request: GET https://data.binance.vision/data/futures/um/daily/metrics/BTCUSDT/BTCUSDT-metrics-2025-07-28.zip "HTTP/1.1 200 OK"
2026-09-27 22:42:33,667 [INFO] httpx: HTTP Request: GET https://data.binance.vision/data/futures/um/daily/metrics/BTCUSDT/BTCUSDT-metrics-2025-07-28.zip.CHECKSUM "HTTP/1.1 200 OK"
2026-09-27 22:42:34,461 [INFO] httpx: HTTP Request: GET https://data.binance.vision/data/futures/um/daily/metrics/BTCUSDT/BTCUSDT-metrics-2025-07-29.zip "HTTP/1.1 200 OK"
2026-09-27 22:42:35,224 [INFO] httpx: HTTP Request: GET https://data.binance.vision/data/futures/um/daily/metrics/BTCUSDT/BTCUSDT-metrics-2025-07-29.zip.CHECKSUM "HTTP/1.1 200 OK"
2026-09-27 22:42:35,991 [INFO] httpx: HTTP Request: GET https://data.binance.vision/data/futures/um/daily/metrics/BTCUSDT/BTCUSDT-metrics-2025-07-30.zip "HTTP/1.1 200 OK"
2026-09-27 22:42:36,742 [INFO] httpx: HTTP Request: GET https://data.binance.vision/data/futures/um/daily/metrics/BTCUSDT/BTCUSDT-metrics-2025-07-30.zip.CHECKSUM "HTTP/1.1 200 OK"
2026-09-27 22:42:37,490 [INFO] httpx: HTTP Request: GET https://data.binance.vision/data/futures/um/daily/metrics/BTCUSDT/BTCUSDT-metrics-2025-07-31.zip "HTTP/1.1 200 OK"
2026-09-27 22:42:38,231 [INFO] httpx: HTTP Request: GET https://data.binance.vision/data/futures/um/daily/metrics/BTCUSDT/BTCUSDT-metrics-2025-07-31.zip.CHECKSUM "HTTP/1.1 200 OK"
2026-09-27 22:42:38,991 [INFO] httpx: HTTP Request: GET https://data.binance.vision/data/futures/um/daily/metrics/BTCUSDT/BTCUSDT-metrics-2025-08-01.zip "HTTP/1.1 200 OK"
2026-09-27 22:42:39,719 [INFO] httpx: HTTP Request: GET https://data.binance.vision/data/futures/um/daily/metrics/BTCUSDT/BTCUSDT-metrics-2025-08-01.zip.CHECKSUM "HTTP/1.1 200 OK"
2026-09-27 22:42:40,006 [INFO] httpx: HTTP Request: GET https://data.binance.vision/data/futures/um/daily/metrics/BTCUSDT/BTCUSDT-metrics-2025-08-02.zip "HTTP/1.1 200 OK"
2026-09-27 22:42:40,769 [INFO] httpx: HTTP Request: GET https://data.binance.vision/data/futures/um/daily/metrics/BTCUSDT/BTCUSDT-metrics-2025-08-02.zip.CHECKSUM "HTTP/1.1 200 OK"
2026-09-27 22:42:41,523 [INFO] httpx: HTTP Request: GET https://data.binance.vision/data/futures/um/daily/metrics/BTCUSDT/BTCUSDT-metrics-2025-08-03.zip "HTTP/1.1 200 OK"
2026-09-27 22:42:42,277 [INFO] httpx: HTTP Request: GET https://data.binance.vision/data/futures/um/daily/metrics/BTCUSDT/BTCUSDT-metrics-2025-08-03.zip.CHECKSUM "HTTP/1.1 200 OK"
2026-09-27 22:42:43,021 [INFO] httpx: HTTP Request: GET https://data.binance.vision/data/futures/um/daily/metrics/BTCUSDT/BTCUSDT-metrics-2025-08-04.zip "HTTP/1.1 200 OK"
2026-09-27 22:42:43,764 [INFO] httpx: HTTP Request: GET https://data.binance.vision/data/futures/um/daily/metrics/BTCUSDT/BTCUSDT-metrics-2025-08-04.zip.CHECKSUM "HTTP/1.1 200 OK"
2026-09-27 22:42:44,533 [INFO] httpx: HTTP Request: GET https://data.binance.vision/data/futures/um/daily/metrics/BTCUSDT/BTCUSDT-metrics-2025-08-05.zip "HTTP/1.1 200 OK"
2026-09-27 22:42:45,296 [INFO] httpx: HTTP Request: GET https://data.binance.vision/data/futures/um/daily/metrics/BTCUSDT/BTCUSDT-metrics-2025-08-05.zip.CHECKSUM "HTTP/1.1 200 OK"
2026-09-27 22:42:46,075 [INFO] httpx: HTTP Request: GET https://data.binance.vision/data/futures/um/daily/metrics/BTCUSDT/BTCUSDT-metrics-2025-08-06.zip "HTTP/1.1 200 OK"
2026-09-27 22:42:46,832 [INFO] httpx: HTTP Request: GET https://data.binance.vision/data/futures/um/daily/metrics/BTCUSDT/BTCUSDT-metrics-2025-08-06.zip.CHECKSUM "HTTP/1.1 200 OK"
2026-09-27 22:42:47,620 [INFO] httpx: HTTP Request: GET https://data.binance.vision/data/futures/um/daily/metrics/BTCUSDT/BTCUSDT-metrics-2025-08-07.zip "HTTP/1.1 200 OK"
2026-09-27 22:42:48,389 [INFO] httpx: HTTP Request: GET https://data.binance.vision/data/futures/um/daily/metrics/BTCUSDT/BTCUSDT-metrics-2025-08-07.zip.CHECKSUM "HTTP/1.1 200 OK"
2026-09-27 22:42:49,168 [INFO] httpx: HTTP Request: GET https://data.binance.vision/data/futures/um/daily/metrics/BTCUSDT/BTCUSDT-metrics-2025-08-08.zip "HTTP/1.1 200 OK"
2026-09-27 22:42:49,925 [INFO] httpx: HTTP Request: GET https://data.binance.vision/data/futures/um/daily/metrics/BTCUSDT/BTCUSDT-metrics-2025-08-08.zip.CHECKSUM "HTTP/1.1 200 OK"
2026-09-27 22:42:50,708 [INFO] httpx: HTTP Request: GET https://data.binance.vision/data/futures/um/daily/metrics/BTCUSDT/BTCUSDT-metrics-2025-08-09.zip "HTTP/1.1 200 OK"
2026-09-27 22:42:51,550 [INFO] httpx: HTTP Request: GET https://data.binance.vision/data/futures/um/daily/metrics/BTCUSDT/BTCUSDT-metrics-2025-08-09.zip.CHECKSUM "HTTP/1.1 200 OK"
2026-09-27 22:42:52,357 [INFO] httpx: HTTP Request: GET https://data.binance.vision/data/futures/um/daily/metrics/BTCUSDT/BTCUSDT-metrics-2025-08-10.zip "HTTP/1.1 200 OK"
2026-09-27 22:42:53,126 [INFO] httpx: HTTP Request: GET https://data.binance.vision/data/futures/um/daily/metrics/BTCUSDT/BTCUSDT-metrics-2025-08-10.zip.CHECKSUM "HTTP/1.1 200 OK"
2026-09-27 22:42:53,914 [INFO] httpx: HTTP Request: GET https://data.binance.vision/data/futures/um/daily/metrics/BTCUSDT/BTCUSDT-metrics-2025-08-11.zip "HTTP/1.1 200 OK"
2026-09-27 22:42:54,700 [INFO] httpx: HTTP Request: GET https://data.binance.vision/data/futures/um/daily/metrics/BTCUSDT/BTCUSDT-metrics-2025-08-11.zip.CHECKSUM "HTTP/1.1 200 OK"
2026-09-27 22:42:55,504 [INFO] httpx: HTTP Request: GET https://data.binance.vision/data/futures/um/daily/metrics/BTCUSDT/BTCUSDT-metrics-2025-08-12.zip "HTTP/1.1 200 OK"
2026-09-27 22:42:56,287 [INFO] httpx: HTTP Request: GET https://data.binance.vision/data/futures/um/daily/metrics/BTCUSDT/BTCUSDT-metrics-2025-08-12.zip.CHECKSUM "HTTP/1.1 200 OK"
2026-09-27 22:42:57,064 [INFO] httpx: HTTP Request: GET https://data.binance.vision/data/futures/um/daily/metrics/BTCUSDT/BTCUSDT-metrics-2025-08-13.zip "HTTP/1.1 200 OK"
2026-09-27 22:42:57,885 [INFO] httpx: HTTP Request: GET https://data.binance.vision/data/futures/um/daily/metrics/BTCUSDT/BTCUSDT-metrics-2025-08-13.zip.CHECKSUM "HTTP/1.1 200 OK"
2026-09-27 22:42:58,757 [INFO] httpx: HTTP Request: GET https://data.binance.vision/data/futures/um/daily/metrics/BTCUSDT/BTCUSDT-metrics-2025-08-14.zip "HTTP/1.1 200 OK"
2026-09-27 22:42:59,538 [INFO] httpx: HTTP Request: GET https://data.binance.vision/data/futures/um/daily/metrics/BTCUSDT/BTCUSDT-metrics-2025-08-14.zip.CHECKSUM "HTTP/1.1 200 OK"
2026-09-27 22:42:59,843 [INFO] httpx: HTTP Request: GET https://data.binance.vision/data/futures/um/daily/metrics/BTCUSDT/BTCUSDT-metrics-2025-08-15.zip "HTTP/1.1 200 OK"
2026-09-27 22:43:00,642 [INFO] httpx: HTTP Request: GET https://data.binance.vision/data/futures/um/daily/metrics/BTCUSDT/BTCUSDT-metrics-2025-08-15.zip.CHECKSUM "HTTP/1.1 200 OK"
2026-09-27 22:43:01,480 [INFO] httpx: HTTP Request: GET https://data.binance.vision/data/futures/um/daily/metrics/BTCUSDT/BTCUSDT-metrics-2025-08-16.zip "HTTP/1.1 200 OK"
2026-09-27 22:43:04,114 [INFO] httpx: HTTP Request: GET https://data.binance.vision/data/futures/um/daily/metrics/BTCUSDT/BTCUSDT-metrics-2025-08-16.zip.CHECKSUM "HTTP/1.1 200 OK"
2026-09-27 22:43:04,976 [INFO] httpx: HTTP Request: GET https://data.binance.vision/data/futures/um/daily/metrics/BTCUSDT/BTCUSDT-metrics-2025-08-17.zip "HTTP/1.1 200 OK"
2026-09-27 22:43:05,795 [INFO] httpx: HTTP Request: GET https://data.binance.vision/data/futures/um/daily/metrics/BTCUSDT/BTCUSDT-metrics-2025-08-17.zip.CHECKSUM "HTTP/1.1 200 OK"
2026-09-27 22:43:06,088 [INFO] httpx: HTTP Request: GET https://data.binance.vision/data/futures/um/daily/metrics/BTCUSDT/BTCUSDT-metrics-2025-08-18.zip "HTTP/1.1 200 OK"
2026-09-27 22:43:06,864 [INFO] httpx: HTTP Request: GET https://data.binance.vision/data/futures/um/daily/metrics/BTCUSDT/BTCUSDT-metrics-2025-08-18.zip.CHECKSUM "HTTP/1.1 200 OK"
2026-09-27 22:43:07,664 [INFO] httpx: HTTP Request: GET https://data.binance.vision/data/futures/um/daily/metrics/BTCUSDT/BTCUSDT-metrics-2025-08-19.zip "HTTP/1.1 200 OK"
2026-09-27 22:43:08,432 [INFO] httpx: HTTP Request: GET https://data.binance.vision/data/futures/um/daily/metrics/BTCUSDT/BTCUSDT-metrics-2025-08-19.zip.CHECKSUM "HTTP/1.1 200 OK"
2026-09-27 22:43:09,218 [INFO] httpx: HTTP Request: GET https://data.binance.vision/data/futures/um/daily/metrics/BTCUSDT/BTCUSDT-metrics-2025-08-20.zip "HTTP/1.1 200 OK"
2026-09-27 22:43:09,975 [INFO] httpx: HTTP Request: GET https://data.binance.vision/data/futures/um/daily/metrics/BTCUSDT/BTCUSDT-metrics-2025-08-20.zip.CHECKSUM "HTTP/1.1 200 OK"
2026-09-27 22:43:10,731 [INFO] httpx: HTTP Request: GET https://data.binance.vision/data/futures/um/daily/metrics/BTCUSDT/BTCUSDT-metrics-2025-08-21.zip "HTTP/1.1 200 OK"
2026-09-27 22:43:11,474 [INFO] httpx: HTTP Request: GET https://data.binance.vision/data/futures/um/daily/metrics/BTCUSDT/BTCUSDT-metrics-2025-08-21.zip.CHECKSUM "HTTP/1.1 200 OK"
2026-09-27 22:43:12,232 [INFO] httpx: HTTP Request: GET https://data.binance.vision/data/futures/um/daily/metrics/BTCUSDT/BTCUSDT-metrics-2025-08-22.zip "HTTP/1.1 200 OK"
2026-09-27 22:43:12,974 [INFO] httpx: HTTP Request: GET https://data.binance.vision/data/futures/um/daily/metrics/BTCUSDT/BTCUSDT-metrics-2025-08-22.zip.CHECKSUM "HTTP/1.1 200 OK"
2026-09-27 22:43:13,723 [INFO] httpx: HTTP Request: GET https://data.binance.vision/data/futures/um/daily/metrics/BTCUSDT/BTCUSDT-metrics-2025-08-23.zip "HTTP/1.1 200 OK"
2026-09-27 22:43:14,466 [INFO] httpx: HTTP Request: GET https://data.binance.vision/data/futures/um/daily/metrics/BTCUSDT/BTCUSDT-metrics-2025-08-23.zip.CHECKSUM "HTTP/1.1 200 OK"
2026-09-27 22:43:15,226 [INFO] httpx: HTTP Request: GET https://data.binance.vision/data/futures/um/daily/metrics/BTCUSDT/BTCUSDT-metrics-2025-08-24.zip "HTTP/1.1 200 OK"
2026-09-27 22:43:15,979 [INFO] httpx: HTTP Request: GET https://data.binance.vision/data/futures/um/daily/metrics/BTCUSDT/BTCUSDT-metrics-2025-08-24.zip.CHECKSUM "HTTP/1.1 200 OK"
2026-09-27 22:43:16,726 [INFO] httpx: HTTP Request: GET https://data.binance.vision/data/futures/um/daily/metrics/BTCUSDT/BTCUSDT-metrics-2025-08-25.zip "HTTP/1.1 200 OK"
2026-09-27 22:43:17,459 [INFO] httpx: HTTP Request: GET https://data.binance.vision/data/futures/um/daily/metrics/BTCUSDT/BTCUSDT-metrics-2025-08-25.zip.CHECKSUM "HTTP/1.1 200 OK"
2026-09-27 22:43:18,206 [INFO] httpx: HTTP Request: GET https://data.binance.vision/data/futures/um/daily/metrics/BTCUSDT/BTCUSDT-metrics-2025-08-26.zip "HTTP/1.1 200 OK"
2026-09-27 22:43:18,979 [INFO] httpx: HTTP Request: GET https://data.binance.vision/data/futures/um/daily/metrics/BTCUSDT/BTCUSDT-metrics-2025-08-26.zip.CHECKSUM "HTTP/1.1 200 OK"
2026-09-27 22:43:19,752 [INFO] httpx: HTTP Request: GET https://data.binance.vision/data/futures/um/daily/metrics/BTCUSDT/BTCUSDT-metrics-2025-08-27.zip "HTTP/1.1 200 OK"
2026-09-27 22:43:20,515 [INFO] httpx: HTTP Request: GET https://data.binance.vision/data/futures/um/daily/metrics/BTCUSDT/BTCUSDT-metrics-2025-08-27.zip.CHECKSUM "HTTP/1.1 200 OK"
2026-09-27 22:43:21,287 [INFO] httpx: HTTP Request: GET https://data.binance.vision/data/futures/um/daily/metrics/BTCUSDT/BTCUSDT-metrics-2025-08-28.zip "HTTP/1.1 200 OK"
2026-09-27 22:43:22,078 [INFO] httpx: HTTP Request: GET https://data.binance.vision/data/futures/um/daily/metrics/BTCUSDT/BTCUSDT-metrics-2025-08-28.zip.CHECKSUM "HTTP/1.1 200 OK"
2026-09-27 22:43:22,862 [INFO] httpx: HTTP Request: GET https://data.binance.vision/data/futures/um/daily/metrics/BTCUSDT/BTCUSDT-metrics-2025-08-29.zip "HTTP/1.1 200 OK"
2026-09-27 22:43:23,622 [INFO] httpx: HTTP Request: GET https://data.binance.vision/data/futures/um/daily/metrics/BTCUSDT/BTCUSDT-metrics-2025-08-29.zip.CHECKSUM "HTTP/1.1 200 OK"
2026-09-27 22:43:24,413 [INFO] httpx: HTTP Request: GET https://data.binance.vision/data/futures/um/daily/metrics/BTCUSDT/BTCUSDT-metrics-2025-08-30.zip "HTTP/1.1 200 OK"
2026-09-27 22:43:25,173 [INFO] httpx: HTTP Request: GET https://data.binance.vision/data/futures/um/daily/metrics/BTCUSDT/BTCUSDT-metrics-2025-08-30.zip.CHECKSUM "HTTP/1.1 200 OK"
2026-09-27 22:43:25,948 [INFO] httpx: HTTP Request: GET https://data.binance.vision/data/futures/um/daily/metrics/BTCUSDT/BTCUSDT-metrics-2025-08-31.zip "HTTP/1.1 200 OK"
2026-09-27 22:43:26,712 [INFO] httpx: HTTP Request: GET https://data.binance.vision/data/futures/um/daily/metrics/BTCUSDT/BTCUSDT-metrics-2025-08-31.zip.CHECKSUM "HTTP/1.1 200 OK"
2026-09-27 22:43:27,506 [INFO] httpx: HTTP Request: GET https://data.binance.vision/data/futures/um/daily/metrics/BTCUSDT/BTCUSDT-metrics-2025-09-01.zip "HTTP/1.1 200 OK"
2026-09-27 22:43:28,341 [INFO] httpx: HTTP Request: GET https://data.binance.vision/data/futures/um/daily/metrics/BTCUSDT/BTCUSDT-metrics-2025-09-01.zip.CHECKSUM "HTTP/1.1 200 OK"
2026-09-27 22:43:29,147 [INFO] httpx: HTTP Request: GET https://data.binance.vision/data/futures/um/daily/metrics/BTCUSDT/BTCUSDT-metrics-2025-09-02.zip "HTTP/1.1 200 OK"
2026-09-27 22:43:29,969 [INFO] httpx: HTTP Request: GET https://data.binance.vision/data/futures/um/daily/metrics/BTCUSDT/BTCUSDT-metrics-2025-09-02.zip.CHECKSUM "HTTP/1.1 200 OK"
2026-09-27 22:43:30,779 [INFO] httpx: HTTP Request: GET https://data.binance.vision/data/futures/um/daily/metrics/BTCUSDT/BTCUSDT-metrics-2025-09-03.zip "HTTP/1.1 200 OK"
2026-09-27 22:43:31,565 [INFO] httpx: HTTP Request: GET https://data.binance.vision/data/futures/um/daily/metrics/BTCUSDT/BTCUSDT-metrics-2025-09-03.zip.CHECKSUM "HTTP/1.1 200 OK"
2026-09-27 22:43:32,438 [INFO] httpx: HTTP Request: GET https://data.binance.vision/data/futures/um/daily/metrics/BTCUSDT/BTCUSDT-metrics-2025-09-04.zip "HTTP/1.1 200 OK"
2026-09-27 22:43:33,219 [INFO] httpx: HTTP Request: GET https://data.binance.vision/data/futures/um/daily/metrics/BTCUSDT/BTCUSDT-metrics-2025-09-04.zip.CHECKSUM "HTTP/1.1 200 OK"
2026-09-27 22:43:34,030 [INFO] httpx: HTTP Request: GET https://data.binance.vision/data/futures/um/daily/metrics/BTCUSDT/BTCUSDT-metrics-2025-09-05.zip "HTTP/1.1 200 OK"
2026-09-27 22:43:34,856 [INFO] httpx: HTTP Request: GET https://data.binance.vision/data/futures/um/daily/metrics/BTCUSDT/BTCUSDT-metrics-2025-09-05.zip.CHECKSUM "HTTP/1.1 200 OK"
2026-09-27 22:43:35,709 [INFO] httpx: HTTP Request: GET https://data.binance.vision/data/futures/um/daily/metrics/BTCUSDT/BTCUSDT-metrics-2025-09-06.zip "HTTP/1.1 200 OK"
2026-09-27 22:43:38,350 [INFO] httpx: HTTP Request: GET https://data.binance.vision/data/futures/um/daily/metrics/BTCUSDT/BTCUSDT-metrics-2025-09-06.zip.CHECKSUM "HTTP/1.1 200 OK"
2026-09-27 22:43:39,227 [INFO] httpx: HTTP Request: GET https://data.binance.vision/data/futures/um/daily/metrics/BTCUSDT/BTCUSDT-metrics-2025-09-07.zip "HTTP/1.1 200 OK"
2026-09-27 22:43:40,005 [INFO] httpx: HTTP Request: GET https://data.binance.vision/data/futures/um/daily/metrics/BTCUSDT/BTCUSDT-metrics-2025-09-07.zip.CHECKSUM "HTTP/1.1 200 OK"
2026-09-27 22:43:40,868 [INFO] httpx: HTTP Request: GET https://data.binance.vision/data/futures/um/daily/metrics/BTCUSDT/BTCUSDT-metrics-2025-09-08.zip "HTTP/1.1 200 OK"
2026-09-27 22:43:41,663 [INFO] httpx: HTTP Request: GET https://data.binance.vision/data/futures/um/daily/metrics/BTCUSDT/BTCUSDT-metrics-2025-09-08.zip.CHECKSUM "HTTP/1.1 200 OK"
2026-09-27 22:43:42,462 [INFO] httpx: HTTP Request: GET https://data.binance.vision/data/futures/um/daily/metrics/BTCUSDT/BTCUSDT-metrics-2025-09-09.zip "HTTP/1.1 200 OK"
2026-09-27 22:43:43,363 [INFO] httpx: HTTP Request: GET https://data.binance.vision/data/futures/um/daily/metrics/BTCUSDT/BTCUSDT-metrics-2025-09-09.zip.CHECKSUM "HTTP/1.1 200 OK"
2026-09-27 22:43:44,327 [INFO] httpx: HTTP Request: GET https://data.binance.vision/data/futures/um/daily/metrics/BTCUSDT/BTCUSDT-metrics-2025-09-10.zip "HTTP/1.1 200 OK"
2026-09-27 22:43:45,106 [INFO] httpx: HTTP Request: GET https://data.binance.vision/data/futures/um/daily/metrics/BTCUSDT/BTCUSDT-metrics-2025-09-10.zip.CHECKSUM "HTTP/1.1 200 OK"
2026-09-27 22:43:45,874 [INFO] httpx: HTTP Request: GET https://data.binance.vision/data/futures/um/daily/metrics/BTCUSDT/BTCUSDT-metrics-2025-09-11.zip "HTTP/1.1 200 OK"
2026-09-27 22:43:46,625 [INFO] httpx: HTTP Request: GET https://data.binance.vision/data/futures/um/daily/metrics/BTCUSDT/BTCUSDT-metrics-2025-09-11.zip.CHECKSUM "HTTP/1.1 200 OK"
2026-09-27 22:43:47,405 [INFO] httpx: HTTP Request: GET https://data.binance.vision/data/futures/um/daily/metrics/BTCUSDT/BTCUSDT-metrics-2025-09-12.zip "HTTP/1.1 200 OK"
2026-09-27 22:43:48,140 [INFO] httpx: HTTP Request: GET https://data.binance.vision/data/futures/um/daily/metrics/BTCUSDT/BTCUSDT-metrics-2025-09-12.zip.CHECKSUM "HTTP/1.1 200 OK"
2026-09-27 22:43:48,882 [INFO] httpx: HTTP Request: GET https://data.binance.vision/data/futures/um/daily/metrics/BTCUSDT/BTCUSDT-metrics-2025-09-13.zip "HTTP/1.1 200 OK"
2026-09-27 22:43:49,621 [INFO] httpx: HTTP Request: GET https://data.binance.vision/data/futures/um/daily/metrics/BTCUSDT/BTCUSDT-metrics-2025-09-13.zip.CHECKSUM "HTTP/1.1 200 OK"
2026-09-27 22:43:50,368 [INFO] httpx: HTTP Request: GET https://data.binance.vision/data/futures/um/daily/metrics/BTCUSDT/BTCUSDT-metrics-2025-09-14.zip "HTTP/1.1 200 OK"
2026-09-27 22:43:51,096 [INFO] httpx: HTTP Request: GET https://data.binance.vision/data/futures/um/daily/metrics/BTCUSDT/BTCUSDT-metrics-2025-09-14.zip.CHECKSUM "HTTP/1.1 200 OK"
2026-09-27 22:43:51,876 [INFO] httpx: HTTP Request: GET https://data.binance.vision/data/futures/um/daily/metrics/BTCUSDT/BTCUSDT-metrics-2025-09-15.zip "HTTP/1.1 200 OK"
2026-09-27 22:43:52,646 [INFO] httpx: HTTP Request: GET https://data.binance.vision/data/futures/um/daily/metrics/BTCUSDT/BTCUSDT-metrics-2025-09-15.zip.CHECKSUM "HTTP/1.1 200 OK"
2026-09-27 22:43:53,440 [INFO] httpx: HTTP Request: GET https://data.binance.vision/data/futures/um/daily/metrics/BTCUSDT/BTCUSDT-metrics-2025-09-16.zip "HTTP/1.1 200 OK"
2026-09-27 22:43:54,206 [INFO] httpx: HTTP Request: GET https://data.binance.vision/data/futures/um/daily/metrics/BTCUSDT/BTCUSDT-metrics-2025-09-16.zip.CHECKSUM "HTTP/1.1 200 OK"
2026-09-27 22:43:54,509 [INFO] httpx: HTTP Request: GET https://data.binance.vision/data/futures/um/daily/metrics/BTCUSDT/BTCUSDT-metrics-2025-09-17.zip "HTTP/1.1 200 OK"
2026-09-27 22:43:55,275 [INFO] httpx: HTTP Request: GET https://data.binance.vision/data/futures/um/daily/metrics/BTCUSDT/BTCUSDT-metrics-2025-09-17.zip.CHECKSUM "HTTP/1.1 200 OK"
2026-09-27 22:43:55,572 [INFO] httpx: HTTP Request: GET https://data.binance.vision/data/futures/um/daily/metrics/BTCUSDT/BTCUSDT-metrics-2025-09-18.zip "HTTP/1.1 200 OK"
2026-09-27 22:43:56,341 [INFO] httpx: HTTP Request: GET https://data.binance.vision/data/futures/um/daily/metrics/BTCUSDT/BTCUSDT-metrics-2025-09-18.zip.CHECKSUM "HTTP/1.1 200 OK"
2026-09-27 22:43:57,130 [INFO] httpx: HTTP Request: GET https://data.binance.vision/data/futures/um/daily/metrics/BTCUSDT/BTCUSDT-metrics-2025-09-19.zip "HTTP/1.1 200 OK"
2026-09-27 22:43:57,905 [INFO] httpx: HTTP Request: GET https://data.binance.vision/data/futures/um/daily/metrics/BTCUSDT/BTCUSDT-metrics-2025-09-19.zip.CHECKSUM "HTTP/1.1 200 OK"
2026-09-27 22:43:58,703 [INFO] httpx: HTTP Request: GET https://data.binance.vision/data/futures/um/daily/metrics/BTCUSDT/BTCUSDT-metrics-2025-09-20.zip "HTTP/1.1 200 OK"
2026-09-27 22:43:59,478 [INFO] httpx: HTTP Request: GET https://data.binance.vision/data/futures/um/daily/metrics/BTCUSDT/BTCUSDT-metrics-2025-09-20.zip.CHECKSUM "HTTP/1.1 200 OK"
2026-09-27 22:44:00,258 [INFO] httpx: HTTP Request: GET https://data.binance.vision/data/futures/um/daily/metrics/BTCUSDT/BTCUSDT-metrics-2025-09-21.zip "HTTP/1.1 200 OK"
2026-09-27 22:44:01,023 [INFO] httpx: HTTP Request: GET https://data.binance.vision/data/futures/um/daily/metrics/BTCUSDT/BTCUSDT-metrics-2025-09-21.zip.CHECKSUM "HTTP/1.1 200 OK"
2026-09-27 22:44:01,818 [INFO] httpx: HTTP Request: GET https://data.binance.vision/data/futures/um/daily/metrics/BTCUSDT/BTCUSDT-metrics-2025-09-22.zip "HTTP/1.1 200 OK"
2026-09-27 22:44:02,587 [INFO] httpx: HTTP Request: GET https://data.binance.vision/data/futures/um/daily/metrics/BTCUSDT/BTCUSDT-metrics-2025-09-22.zip.CHECKSUM "HTTP/1.1 200 OK"
2026-09-27 22:44:03,369 [INFO] httpx: HTTP Request: GET https://data.binance.vision/data/futures/um/daily/metrics/BTCUSDT/BTCUSDT-metrics-2025-09-23.zip "HTTP/1.1 200 OK"
2026-09-27 22:44:03,647 [INFO] httpx: HTTP Request: GET https://data.binance.vision/data/futures/um/daily/metrics/BTCUSDT/BTCUSDT-metrics-2025-09-23.zip.CHECKSUM "HTTP/1.1 200 OK"
2026-09-27 22:44:04,437 [INFO] httpx: HTTP Request: GET https://data.binance.vision/data/futures/um/daily/metrics/BTCUSDT/BTCUSDT-metrics-2025-09-24.zip "HTTP/1.1 200 OK"
2026-09-27 22:44:05,202 [INFO] httpx: HTTP Request: GET https://data.binance.vision/data/futures/um/daily/metrics/BTCUSDT/BTCUSDT-metrics-2025-09-24.zip.CHECKSUM "HTTP/1.1 200 OK"
2026-09-27 22:44:05,492 [INFO] httpx: HTTP Request: GET https://data.binance.vision/data/futures/um/daily/metrics/BTCUSDT/BTCUSDT-metrics-2025-09-25.zip "HTTP/1.1 200 OK"
2026-09-27 22:44:06,266 [INFO] httpx: HTTP Request: GET https://data.binance.vision/data/futures/um/daily/metrics/BTCUSDT/BTCUSDT-metrics-2025-09-25.zip.CHECKSUM "HTTP/1.1 200 OK"
2026-09-27 22:44:07,051 [INFO] httpx: HTTP Request: GET https://data.binance.vision/data/futures/um/daily/metrics/BTCUSDT/BTCUSDT-metrics-2025-09-26.zip "HTTP/1.1 200 OK"
2026-09-27 22:44:07,843 [INFO] httpx: HTTP Request: GET https://data.binance.vision/data/futures/um/daily/metrics/BTCUSDT/BTCUSDT-metrics-2025-09-26.zip.CHECKSUM "HTTP/1.1 200 OK"
2026-09-27 22:44:08,627 [INFO] httpx: HTTP Request: GET https://data.binance.vision/data/futures/um/daily/metrics/BTCUSDT/BTCUSDT-metrics-2025-09-27.zip "HTTP/1.1 200 OK"
2026-09-27 22:44:08,955 [INFO] httpx: HTTP Request: GET https://data.binance.vision/data/futures/um/daily/metrics/BTCUSDT/BTCUSDT-metrics-2025-09-27.zip.CHECKSUM "HTTP/1.1 200 OK"
2026-09-27 22:44:09,277 [INFO] httpx: HTTP Request: GET https://data.binance.vision/data/futures/um/daily/metrics/BTCUSDT/BTCUSDT-metrics-2025-09-28.zip "HTTP/1.1 200 OK"
2026-09-27 22:44:12,034 [INFO] httpx: HTTP Request: GET https://data.binance.vision/data/futures/um/daily/metrics/BTCUSDT/BTCUSDT-metrics-2025-09-28.zip.CHECKSUM "HTTP/1.1 200 OK"
2026-09-27 22:44:12,817 [INFO] httpx: HTTP Request: GET https://data.binance.vision/data/futures/um/daily/metrics/BTCUSDT/BTCUSDT-metrics-2025-09-29.zip "HTTP/1.1 200 OK"
2026-09-27 22:44:13,586 [INFO] httpx: HTTP Request: GET https://data.binance.vision/data/futures/um/daily/metrics/BTCUSDT/BTCUSDT-metrics-2025-09-29.zip.CHECKSUM "HTTP/1.1 200 OK"
2026-09-27 22:44:14,386 [INFO] httpx: HTTP Request: GET https://data.binance.vision/data/futures/um/daily/metrics/BTCUSDT/BTCUSDT-metrics-2025-09-30.zip "HTTP/1.1 200 OK"
2026-09-27 22:44:15,161 [INFO] httpx: HTTP Request: GET https://data.binance.vision/data/futures/um/daily/metrics/BTCUSDT/BTCUSDT-metrics-2025-09-30.zip.CHECKSUM "HTTP/1.1 200 OK"
2026-09-27 22:44:15,455 [INFO] httpx: HTTP Request: GET https://data.binance.vision/data/futures/um/daily/metrics/BTCUSDT/BTCUSDT-metrics-2025-10-01.zip "HTTP/1.1 200 OK"
2026-09-27 22:44:16,225 [INFO] httpx: HTTP Request: GET https://data.binance.vision/data/futures/um/daily/metrics/BTCUSDT/BTCUSDT-metrics-2025-10-01.zip.CHECKSUM "HTTP/1.1 200 OK"
2026-09-27 22:44:17,028 [INFO] httpx: HTTP Request: GET https://data.binance.vision/data/futures/um/daily/metrics/BTCUSDT/BTCUSDT-metrics-2025-10-02.zip "HTTP/1.1 200 OK"
2026-09-27 22:44:17,809 [INFO] httpx: HTTP Request: GET https://data.binance.vision/data/futures/um/daily/metrics/BTCUSDT/BTCUSDT-metrics-2025-10-02.zip.CHECKSUM "HTTP/1.1 200 OK"
2026-09-27 22:44:18,594 [INFO] httpx: HTTP Request: GET https://data.binance.vision/data/futures/um/daily/metrics/BTCUSDT/BTCUSDT-metrics-2025-10-03.zip "HTTP/1.1 200 OK"
2026-09-27 22:44:19,354 [INFO] httpx: HTTP Request: GET https://data.binance.vision/data/futures/um/daily/metrics/BTCUSDT/BTCUSDT-metrics-2025-10-03.zip.CHECKSUM "HTTP/1.1 200 OK"
2026-09-27 22:44:21,129 [INFO] httpx: HTTP Request: GET https://data.binance.vision/data/futures/um/daily/metrics/BTCUSDT/BTCUSDT-metrics-2025-10-04.zip "HTTP/1.1 200 OK"
2026-09-27 22:44:21,889 [INFO] httpx: HTTP Request: GET https://data.binance.vision/data/futures/um/daily/metrics/BTCUSDT/BTCUSDT-metrics-2025-10-04.zip.CHECKSUM "HTTP/1.1 200 OK"
2026-09-27 22:44:23,067 [INFO] httpx: HTTP Request: GET https://data.binance.vision/data/futures/um/daily/metrics/BTCUSDT/BTCUSDT-metrics-2025-10-05.zip "HTTP/1.1 200 OK"
2026-09-27 22:44:23,844 [INFO] httpx: HTTP Request: GET https://data.binance.vision/data/futures/um/daily/metrics/BTCUSDT/BTCUSDT-metrics-2025-10-05.zip.CHECKSUM "HTTP/1.1 200 OK"
2026-09-27 22:44:24,620 [INFO] httpx: HTTP Request: GET https://data.binance.vision/data/futures/um/daily/metrics/BTCUSDT/BTCUSDT-metrics-2025-10-06.zip "HTTP/1.1 200 OK"
2026-09-27 22:44:25,379 [INFO] httpx: HTTP Request: GET https://data.binance.vision/data/futures/um/daily/metrics/BTCUSDT/BTCUSDT-metrics-2025-10-06.zip.CHECKSUM "HTTP/1.1 200 OK"
2026-09-27 22:44:26,241 [INFO] httpx: HTTP Request: GET https://data.binance.vision/data/futures/um/daily/metrics/BTCUSDT/BTCUSDT-metrics-2025-10-07.zip "HTTP/1.1 200 OK"
2026-09-27 22:44:27,002 [INFO] httpx: HTTP Request: GET https://data.binance.vision/data/futures/um/daily/metrics/BTCUSDT/BTCUSDT-metrics-2025-10-07.zip.CHECKSUM "HTTP/1.1 200 OK"
2026-09-27 22:44:27,791 [INFO] httpx: HTTP Request: GET https://data.binance.vision/data/futures/um/daily/metrics/BTCUSDT/BTCUSDT-metrics-2025-10-08.zip "HTTP/1.1 200 OK"
2026-09-27 22:44:28,555 [INFO] httpx: HTTP Request: GET https://data.binance.vision/data/futures/um/daily/metrics/BTCUSDT/BTCUSDT-metrics-2025-10-08.zip.CHECKSUM "HTTP/1.1 200 OK"
2026-09-27 22:44:29,335 [INFO] httpx: HTTP Request: GET https://data.binance.vision/data/futures/um/daily/metrics/BTCUSDT/BTCUSDT-metrics-2025-10-09.zip "HTTP/1.1 200 OK"
2026-09-27 22:44:30,099 [INFO] httpx: HTTP Request: GET https://data.binance.vision/data/futures/um/daily/metrics/BTCUSDT/BTCUSDT-metrics-2025-10-09.zip.CHECKSUM "HTTP/1.1 200 OK"
2026-09-27 22:44:30,388 [INFO] httpx: HTTP Request: GET https://data.binance.vision/data/futures/um/daily/metrics/BTCUSDT/BTCUSDT-metrics-2025-10-10.zip "HTTP/1.1 200 OK"
2026-09-27 22:44:31,157 [INFO] httpx: HTTP Request: GET https://data.binance.vision/data/futures/um/daily/metrics/BTCUSDT/BTCUSDT-metrics-2025-10-10.zip.CHECKSUM "HTTP/1.1 200 OK"
2026-09-27 22:44:31,961 [INFO] httpx: HTTP Request: GET https://data.binance.vision/data/futures/um/daily/metrics/BTCUSDT/BTCUSDT-metrics-2025-10-11.zip "HTTP/1.1 200 OK"
2026-09-27 22:44:32,750 [INFO] httpx: HTTP Request: GET https://data.binance.vision/data/futures/um/daily/metrics/BTCUSDT/BTCUSDT-metrics-2025-10-11.zip.CHECKSUM "HTTP/1.1 200 OK"
2026-09-27 22:44:33,598 [INFO] httpx: HTTP Request: GET https://data.binance.vision/data/futures/um/daily/metrics/BTCUSDT/BTCUSDT-metrics-2025-10-12.zip "HTTP/1.1 200 OK"
2026-09-27 22:44:34,358 [INFO] httpx: HTTP Request: GET https://data.binance.vision/data/futures/um/daily/metrics/BTCUSDT/BTCUSDT-metrics-2025-10-12.zip.CHECKSUM "HTTP/1.1 200 OK"
2026-09-27 22:44:34,642 [INFO] httpx: HTTP Request: GET https://data.binance.vision/data/futures/um/daily/metrics/BTCUSDT/BTCUSDT-metrics-2025-10-13.zip "HTTP/1.1 200 OK"
2026-09-27 22:44:35,403 [INFO] httpx: HTTP Request: GET https://data.binance.vision/data/futures/um/daily/metrics/BTCUSDT/BTCUSDT-metrics-2025-10-13.zip.CHECKSUM "HTTP/1.1 200 OK"
2026-09-27 22:44:36,188 [INFO] httpx: HTTP Request: GET https://data.binance.vision/data/futures/um/daily/metrics/BTCUSDT/BTCUSDT-metrics-2025-10-14.zip "HTTP/1.1 200 OK"
2026-09-27 22:44:36,969 [INFO] httpx: HTTP Request: GET https://data.binance.vision/data/futures/um/daily/metrics/BTCUSDT/BTCUSDT-metrics-2025-10-14.zip.CHECKSUM "HTTP/1.1 200 OK"
2026-09-27 22:44:37,744 [INFO] httpx: HTTP Request: GET https://data.binance.vision/data/futures/um/daily/metrics/BTCUSDT/BTCUSDT-metrics-2025-10-15.zip "HTTP/1.1 200 OK"
2026-09-27 22:44:38,505 [INFO] httpx: HTTP Request: GET https://data.binance.vision/data/futures/um/daily/metrics/BTCUSDT/BTCUSDT-metrics-2025-10-15.zip.CHECKSUM "HTTP/1.1 200 OK"
2026-09-27 22:44:39,282 [INFO] httpx: HTTP Request: GET https://data.binance.vision/data/futures/um/daily/metrics/BTCUSDT/BTCUSDT-metrics-2025-10-16.zip "HTTP/1.1 200 OK"
2026-09-27 22:44:40,062 [INFO] httpx: HTTP Request: GET https://data.binance.vision/data/futures/um/daily/metrics/BTCUSDT/BTCUSDT-metrics-2025-10-16.zip.CHECKSUM "HTTP/1.1 200 OK"
2026-09-27 22:44:40,833 [INFO] httpx: HTTP Request: GET https://data.binance.vision/data/futures/um/daily/metrics/BTCUSDT/BTCUSDT-metrics-2025-10-17.zip "HTTP/1.1 200 OK"
2026-09-27 22:44:41,597 [INFO] httpx: HTTP Request: GET https://data.binance.vision/data/futures/um/daily/metrics/BTCUSDT/BTCUSDT-metrics-2025-10-17.zip.CHECKSUM "HTTP/1.1 200 OK"
2026-09-27 22:44:42,385 [INFO] httpx: HTTP Request: GET https://data.binance.vision/data/futures/um/daily/metrics/BTCUSDT/BTCUSDT-metrics-2025-10-18.zip "HTTP/1.1 200 OK"
2026-09-27 22:44:43,227 [INFO] httpx: HTTP Request: GET https://data.binance.vision/data/futures/um/daily/metrics/BTCUSDT/BTCUSDT-metrics-2025-10-18.zip.CHECKSUM "HTTP/1.1 200 OK"
2026-09-27 22:44:44,000 [INFO] httpx: HTTP Request: GET https://data.binance.vision/data/futures/um/daily/metrics/BTCUSDT/BTCUSDT-metrics-2025-10-19.zip "HTTP/1.1 200 OK"
2026-09-27 22:44:46,569 [INFO] httpx: HTTP Request: GET https://data.binance.vision/data/futures/um/daily/metrics/BTCUSDT/BTCUSDT-metrics-2025-10-19.zip.CHECKSUM "HTTP/1.1 200 OK"
2026-09-27 22:44:47,353 [INFO] httpx: HTTP Request: GET https://data.binance.vision/data/futures/um/daily/metrics/BTCUSDT/BTCUSDT-metrics-2025-10-20.zip "HTTP/1.1 200 OK"
2026-09-27 22:44:48,135 [INFO] httpx: HTTP Request: GET https://data.binance.vision/data/futures/um/daily/metrics/BTCUSDT/BTCUSDT-metrics-2025-10-20.zip.CHECKSUM "HTTP/1.1 200 OK"
2026-09-27 22:44:48,923 [INFO] httpx: HTTP Request: GET https://data.binance.vision/data/futures/um/daily/metrics/BTCUSDT/BTCUSDT-metrics-2025-10-21.zip "HTTP/1.1 200 OK"
2026-09-27 22:44:49,701 [INFO] httpx: HTTP Request: GET https://data.binance.vision/data/futures/um/daily/metrics/BTCUSDT/BTCUSDT-metrics-2025-10-21.zip.CHECKSUM "HTTP/1.1 200 OK"
2026-09-27 22:44:50,489 [INFO] httpx: HTTP Request: GET https://data.binance.vision/data/futures/um/daily/metrics/BTCUSDT/BTCUSDT-metrics-2025-10-22.zip "HTTP/1.1 200 OK"
2026-09-27 22:44:51,267 [INFO] httpx: HTTP Request: GET https://data.binance.vision/data/futures/um/daily/metrics/BTCUSDT/BTCUSDT-metrics-2025-10-22.zip.CHECKSUM "HTTP/1.1 200 OK"
2026-09-27 22:44:52,052 [INFO] httpx: HTTP Request: GET https://data.binance.vision/data/futures/um/daily/metrics/BTCUSDT/BTCUSDT-metrics-2025-10-23.zip "HTTP/1.1 200 OK"
2026-09-27 22:44:52,820 [INFO] httpx: HTTP Request: GET https://data.binance.vision/data/futures/um/daily/metrics/BTCUSDT/BTCUSDT-metrics-2025-10-23.zip.CHECKSUM "HTTP/1.1 200 OK"
2026-09-27 22:44:53,597 [INFO] httpx: HTTP Request: GET https://data.binance.vision/data/futures/um/daily/metrics/BTCUSDT/BTCUSDT-metrics-2025-10-24.zip "HTTP/1.1 200 OK"
2026-09-27 22:44:54,371 [INFO] httpx: HTTP Request: GET https://data.binance.vision/data/futures/um/daily/metrics/BTCUSDT/BTCUSDT-metrics-2025-10-24.zip.CHECKSUM "HTTP/1.1 200 OK"
2026-09-27 22:44:54,661 [INFO] httpx: HTTP Request: GET https://data.binance.vision/data/futures/um/daily/metrics/BTCUSDT/BTCUSDT-metrics-2025-10-25.zip "HTTP/1.1 200 OK"
2026-09-27 22:44:55,436 [INFO] httpx: HTTP Request: GET https://data.binance.vision/data/futures/um/daily/metrics/BTCUSDT/BTCUSDT-metrics-2025-10-25.zip.CHECKSUM "HTTP/1.1 200 OK"
2026-09-27 22:44:56,228 [INFO] httpx: HTTP Request: GET https://data.binance.vision/data/futures/um/daily/metrics/BTCUSDT/BTCUSDT-metrics-2025-10-26.zip "HTTP/1.1 200 OK"
2026-09-27 22:44:57,002 [INFO] httpx: HTTP Request: GET https://data.binance.vision/data/futures/um/daily/metrics/BTCUSDT/BTCUSDT-metrics-2025-10-26.zip.CHECKSUM "HTTP/1.1 200 OK"
2026-09-27 22:44:57,788 [INFO] httpx: HTTP Request: GET https://data.binance.vision/data/futures/um/daily/metrics/BTCUSDT/BTCUSDT-metrics-2025-10-27.zip "HTTP/1.1 200 OK"
2026-09-27 22:44:58,553 [INFO] httpx: HTTP Request: GET https://data.binance.vision/data/futures/um/daily/metrics/BTCUSDT/BTCUSDT-metrics-2025-10-27.zip.CHECKSUM "HTTP/1.1 200 OK"
2026-09-27 22:44:59,330 [INFO] httpx: HTTP Request: GET https://data.binance.vision/data/futures/um/daily/metrics/BTCUSDT/BTCUSDT-metrics-2025-10-28.zip "HTTP/1.1 200 OK"
2026-09-27 22:45:00,102 [INFO] httpx: HTTP Request: GET https://data.binance.vision/data/futures/um/daily/metrics/BTCUSDT/BTCUSDT-metrics-2025-10-28.zip.CHECKSUM "HTTP/1.1 200 OK"
2026-09-27 22:45:00,878 [INFO] httpx: HTTP Request: GET https://data.binance.vision/data/futures/um/daily/metrics/BTCUSDT/BTCUSDT-metrics-2025-10-29.zip "HTTP/1.1 200 OK"
2026-09-27 22:45:01,689 [INFO] httpx: HTTP Request: GET https://data.binance.vision/data/futures/um/daily/metrics/BTCUSDT/BTCUSDT-metrics-2025-10-29.zip.CHECKSUM "HTTP/1.1 200 OK"
2026-09-27 22:45:02,515 [INFO] httpx: HTTP Request: GET https://data.binance.vision/data/futures/um/daily/metrics/BTCUSDT/BTCUSDT-metrics-2025-10-30.zip "HTTP/1.1 200 OK"
2026-09-27 22:45:03,294 [INFO] httpx: HTTP Request: GET https://data.binance.vision/data/futures/um/daily/metrics/BTCUSDT/BTCUSDT-metrics-2025-10-30.zip.CHECKSUM "HTTP/1.1 200 OK"
2026-09-27 22:45:04,075 [INFO] httpx: HTTP Request: GET https://data.binance.vision/data/futures/um/daily/metrics/BTCUSDT/BTCUSDT-metrics-2025-10-31.zip "HTTP/1.1 200 OK"
2026-09-27 22:45:04,855 [INFO] httpx: HTTP Request: GET https://data.binance.vision/data/futures/um/daily/metrics/BTCUSDT/BTCUSDT-metrics-2025-10-31.zip.CHECKSUM "HTTP/1.1 200 OK"
2026-09-27 22:45:05,630 [INFO] httpx: HTTP Request: GET https://data.binance.vision/data/futures/um/daily/metrics/BTCUSDT/BTCUSDT-metrics-2025-11-01.zip "HTTP/1.1 200 OK"
2026-09-27 22:45:06,395 [INFO] httpx: HTTP Request: GET https://data.binance.vision/data/futures/um/daily/metrics/BTCUSDT/BTCUSDT-metrics-2025-11-01.zip.CHECKSUM "HTTP/1.1 200 OK"
2026-09-27 22:45:07,173 [INFO] httpx: HTTP Request: GET https://data.binance.vision/data/futures/um/daily/metrics/BTCUSDT/BTCUSDT-metrics-2025-11-02.zip "HTTP/1.1 200 OK"
2026-09-27 22:45:07,939 [INFO] httpx: HTTP Request: GET https://data.binance.vision/data/futures/um/daily/metrics/BTCUSDT/BTCUSDT-metrics-2025-11-02.zip.CHECKSUM "HTTP/1.1 200 OK"
2026-09-27 22:45:08,711 [INFO] httpx: HTTP Request: GET https://data.binance.vision/data/futures/um/daily/metrics/BTCUSDT/BTCUSDT-metrics-2025-11-03.zip "HTTP/1.1 200 OK"
2026-09-27 22:45:09,506 [INFO] httpx: HTTP Request: GET https://data.binance.vision/data/futures/um/daily/metrics/BTCUSDT/BTCUSDT-metrics-2025-11-03.zip.CHECKSUM "HTTP/1.1 200 OK"
2026-09-27 22:45:10,313 [INFO] httpx: HTTP Request: GET https://data.binance.vision/data/futures/um/daily/metrics/BTCUSDT/BTCUSDT-metrics-2025-11-04.zip "HTTP/1.1 200 OK"
2026-09-27 22:45:11,100 [INFO] httpx: HTTP Request: GET https://data.binance.vision/data/futures/um/daily/metrics/BTCUSDT/BTCUSDT-metrics-2025-11-04.zip.CHECKSUM "HTTP/1.1 200 OK"
2026-09-27 22:45:11,878 [INFO] httpx: HTTP Request: GET https://data.binance.vision/data/futures/um/daily/metrics/BTCUSDT/BTCUSDT-metrics-2025-11-05.zip "HTTP/1.1 200 OK"
2026-09-27 22:45:12,653 [INFO] httpx: HTTP Request: GET https://data.binance.vision/data/futures/um/daily/metrics/BTCUSDT/BTCUSDT-metrics-2025-11-05.zip.CHECKSUM "HTTP/1.1 200 OK"
2026-09-27 22:45:13,445 [INFO] httpx: HTTP Request: GET https://data.binance.vision/data/futures/um/daily/metrics/BTCUSDT/BTCUSDT-metrics-2025-11-06.zip "HTTP/1.1 200 OK"
2026-09-27 22:45:14,222 [INFO] httpx: HTTP Request: GET https://data.binance.vision/data/futures/um/daily/metrics/BTCUSDT/BTCUSDT-metrics-2025-11-06.zip.CHECKSUM "HTTP/1.1 200 OK"
2026-09-27 22:45:15,027 [INFO] httpx: HTTP Request: GET https://data.binance.vision/data/futures/um/daily/metrics/BTCUSDT/BTCUSDT-metrics-2025-11-07.zip "HTTP/1.1 200 OK"
2026-09-27 22:45:15,789 [INFO] httpx: HTTP Request: GET https://data.binance.vision/data/futures/um/daily/metrics/BTCUSDT/BTCUSDT-metrics-2025-11-07.zip.CHECKSUM "HTTP/1.1 200 OK"
2026-09-27 22:45:16,574 [INFO] httpx: HTTP Request: GET https://data.binance.vision/data/futures/um/daily/metrics/BTCUSDT/BTCUSDT-metrics-2025-11-08.zip "HTTP/1.1 200 OK"
2026-09-27 22:45:17,371 [INFO] httpx: HTTP Request: GET https://data.binance.vision/data/futures/um/daily/metrics/BTCUSDT/BTCUSDT-metrics-2025-11-08.zip.CHECKSUM "HTTP/1.1 200 OK"
2026-09-27 22:45:18,167 [INFO] httpx: HTTP Request: GET https://data.binance.vision/data/futures/um/daily/metrics/BTCUSDT/BTCUSDT-metrics-2025-11-09.zip "HTTP/1.1 200 OK"
2026-09-27 22:45:20,687 [INFO] httpx: HTTP Request: GET https://data.binance.vision/data/futures/um/daily/metrics/BTCUSDT/BTCUSDT-metrics-2025-11-09.zip.CHECKSUM "HTTP/1.1 200 OK"
2026-09-27 22:45:21,476 [INFO] httpx: HTTP Request: GET https://data.binance.vision/data/futures/um/daily/metrics/BTCUSDT/BTCUSDT-metrics-2025-11-10.zip "HTTP/1.1 200 OK"
2026-09-27 22:45:22,240 [INFO] httpx: HTTP Request: GET https://data.binance.vision/data/futures/um/daily/metrics/BTCUSDT/BTCUSDT-metrics-2025-11-10.zip.CHECKSUM "HTTP/1.1 200 OK"
2026-09-27 22:45:23,016 [INFO] httpx: HTTP Request: GET https://data.binance.vision/data/futures/um/daily/metrics/BTCUSDT/BTCUSDT-metrics-2025-11-11.zip "HTTP/1.1 200 OK"
2026-09-27 22:45:23,814 [INFO] httpx: HTTP Request: GET https://data.binance.vision/data/futures/um/daily/metrics/BTCUSDT/BTCUSDT-metrics-2025-11-11.zip.CHECKSUM "HTTP/1.1 200 OK"
2026-09-27 22:45:24,584 [INFO] httpx: HTTP Request: GET https://data.binance.vision/data/futures/um/daily/metrics/BTCUSDT/BTCUSDT-metrics-2025-11-12.zip "HTTP/1.1 200 OK"
2026-09-27 22:45:25,362 [INFO] httpx: HTTP Request: GET https://data.binance.vision/data/futures/um/daily/metrics/BTCUSDT/BTCUSDT-metrics-2025-11-12.zip.CHECKSUM "HTTP/1.1 200 OK"
2026-09-27 22:45:26,147 [INFO] httpx: HTTP Request: GET https://data.binance.vision/data/futures/um/daily/metrics/BTCUSDT/BTCUSDT-metrics-2025-11-13.zip "HTTP/1.1 200 OK"
2026-09-27 22:45:26,439 [INFO] httpx: HTTP Request: GET https://data.binance.vision/data/futures/um/daily/metrics/BTCUSDT/BTCUSDT-metrics-2025-11-13.zip.CHECKSUM "HTTP/1.1 200 OK"
2026-09-27 22:45:27,210 [INFO] httpx: HTTP Request: GET https://data.binance.vision/data/futures/um/daily/metrics/BTCUSDT/BTCUSDT-metrics-2025-11-14.zip "HTTP/1.1 200 OK"
2026-09-27 22:45:27,985 [INFO] httpx: HTTP Request: GET https://data.binance.vision/data/futures/um/daily/metrics/BTCUSDT/BTCUSDT-metrics-2025-11-14.zip.CHECKSUM "HTTP/1.1 200 OK"
2026-09-27 22:45:28,757 [INFO] httpx: HTTP Request: GET https://data.binance.vision/data/futures/um/daily/metrics/BTCUSDT/BTCUSDT-metrics-2025-11-15.zip "HTTP/1.1 200 OK"
2026-09-27 22:45:29,524 [INFO] httpx: HTTP Request: GET https://data.binance.vision/data/futures/um/daily/metrics/BTCUSDT/BTCUSDT-metrics-2025-11-15.zip.CHECKSUM "HTTP/1.1 200 OK"
2026-09-27 22:45:30,319 [INFO] httpx: HTTP Request: GET https://data.binance.vision/data/futures/um/daily/metrics/BTCUSDT/BTCUSDT-metrics-2025-11-16.zip "HTTP/1.1 200 OK"
2026-09-27 22:45:30,607 [INFO] httpx: HTTP Request: GET https://data.binance.vision/data/futures/um/daily/metrics/BTCUSDT/BTCUSDT-metrics-2025-11-16.zip.CHECKSUM "HTTP/1.1 200 OK"
2026-09-27 22:45:30,895 [INFO] httpx: HTTP Request: GET https://data.binance.vision/data/futures/um/daily/metrics/BTCUSDT/BTCUSDT-metrics-2025-11-17.zip "HTTP/1.1 200 OK"
2026-09-27 22:45:31,656 [INFO] httpx: HTTP Request: GET https://data.binance.vision/data/futures/um/daily/metrics/BTCUSDT/BTCUSDT-metrics-2025-11-17.zip.CHECKSUM "HTTP/1.1 200 OK"
2026-09-27 22:45:32,437 [INFO] httpx: HTTP Request: GET https://data.binance.vision/data/futures/um/daily/metrics/BTCUSDT/BTCUSDT-metrics-2025-11-18.zip "HTTP/1.1 200 OK"
2026-09-27 22:45:33,191 [INFO] httpx: HTTP Request: GET https://data.binance.vision/data/futures/um/daily/metrics/BTCUSDT/BTCUSDT-metrics-2025-11-18.zip.CHECKSUM "HTTP/1.1 200 OK"
2026-09-27 22:45:33,968 [INFO] httpx: HTTP Request: GET https://data.binance.vision/data/futures/um/daily/metrics/BTCUSDT/BTCUSDT-metrics-2025-11-19.zip "HTTP/1.1 200 OK"
2026-09-27 22:45:34,730 [INFO] httpx: HTTP Request: GET https://data.binance.vision/data/futures/um/daily/metrics/BTCUSDT/BTCUSDT-metrics-2025-11-19.zip.CHECKSUM "HTTP/1.1 200 OK"
2026-09-27 22:45:35,500 [INFO] httpx: HTTP Request: GET https://data.binance.vision/data/futures/um/daily/metrics/BTCUSDT/BTCUSDT-metrics-2025-11-20.zip "HTTP/1.1 200 OK"
2026-09-27 22:45:36,272 [INFO] httpx: HTTP Request: GET https://data.binance.vision/data/futures/um/daily/metrics/BTCUSDT/BTCUSDT-metrics-2025-11-20.zip.CHECKSUM "HTTP/1.1 200 OK"
2026-09-27 22:45:37,046 [INFO] httpx: HTTP Request: GET https://data.binance.vision/data/futures/um/daily/metrics/BTCUSDT/BTCUSDT-metrics-2025-11-21.zip "HTTP/1.1 200 OK"
2026-09-27 22:45:37,811 [INFO] httpx: HTTP Request: GET https://data.binance.vision/data/futures/um/daily/metrics/BTCUSDT/BTCUSDT-metrics-2025-11-21.zip.CHECKSUM "HTTP/1.1 200 OK"
2026-09-27 22:45:38,582 [INFO] httpx: HTTP Request: GET https://data.binance.vision/data/futures/um/daily/metrics/BTCUSDT/BTCUSDT-metrics-2025-11-22.zip "HTTP/1.1 200 OK"
2026-09-27 22:45:39,348 [INFO] httpx: HTTP Request: GET https://data.binance.vision/data/futures/um/daily/metrics/BTCUSDT/BTCUSDT-metrics-2025-11-22.zip.CHECKSUM "HTTP/1.1 200 OK"
2026-09-27 22:45:40,137 [INFO] httpx: HTTP Request: GET https://data.binance.vision/data/futures/um/daily/metrics/BTCUSDT/BTCUSDT-metrics-2025-11-23.zip "HTTP/1.1 200 OK"
2026-09-27 22:45:40,927 [INFO] httpx: HTTP Request: GET https://data.binance.vision/data/futures/um/daily/metrics/BTCUSDT/BTCUSDT-metrics-2025-11-23.zip.CHECKSUM "HTTP/1.1 200 OK"
2026-09-27 22:45:41,692 [INFO] httpx: HTTP Request: GET https://data.binance.vision/data/futures/um/daily/metrics/BTCUSDT/BTCUSDT-metrics-2025-11-24.zip "HTTP/1.1 200 OK"
2026-09-27 22:45:42,468 [INFO] httpx: HTTP Request: GET https://data.binance.vision/data/futures/um/daily/metrics/BTCUSDT/BTCUSDT-metrics-2025-11-24.zip.CHECKSUM "HTTP/1.1 200 OK"
2026-09-27 22:45:43,250 [INFO] httpx: HTTP Request: GET https://data.binance.vision/data/futures/um/daily/metrics/BTCUSDT/BTCUSDT-metrics-2025-11-25.zip "HTTP/1.1 200 OK"
2026-09-27 22:45:44,015 [INFO] httpx: HTTP Request: GET https://data.binance.vision/data/futures/um/daily/metrics/BTCUSDT/BTCUSDT-metrics-2025-11-25.zip.CHECKSUM "HTTP/1.1 200 OK"
2026-09-27 22:45:44,830 [INFO] httpx: HTTP Request: GET https://data.binance.vision/data/futures/um/daily/metrics/BTCUSDT/BTCUSDT-metrics-2025-11-26.zip "HTTP/1.1 200 OK"
2026-09-27 22:45:45,600 [INFO] httpx: HTTP Request: GET https://data.binance.vision/data/futures/um/daily/metrics/BTCUSDT/BTCUSDT-metrics-2025-11-26.zip.CHECKSUM "HTTP/1.1 200 OK"
2026-09-27 22:45:46,381 [INFO] httpx: HTTP Request: GET https://data.binance.vision/data/futures/um/daily/metrics/BTCUSDT/BTCUSDT-metrics-2025-11-27.zip "HTTP/1.1 200 OK"
2026-09-27 22:45:47,147 [INFO] httpx: HTTP Request: GET https://data.binance.vision/data/futures/um/daily/metrics/BTCUSDT/BTCUSDT-metrics-2025-11-27.zip.CHECKSUM "HTTP/1.1 200 OK"
2026-09-27 22:45:47,926 [INFO] httpx: HTTP Request: GET https://data.binance.vision/data/futures/um/daily/metrics/BTCUSDT/BTCUSDT-metrics-2025-11-28.zip "HTTP/1.1 200 OK"
2026-09-27 22:45:48,702 [INFO] httpx: HTTP Request: GET https://data.binance.vision/data/futures/um/daily/metrics/BTCUSDT/BTCUSDT-metrics-2025-11-28.zip.CHECKSUM "HTTP/1.1 200 OK"
2026-09-27 22:45:49,523 [INFO] httpx: HTTP Request: GET https://data.binance.vision/data/futures/um/daily/metrics/BTCUSDT/BTCUSDT-metrics-2025-11-29.zip "HTTP/1.1 200 OK"
2026-09-27 22:45:50,290 [INFO] httpx: HTTP Request: GET https://data.binance.vision/data/futures/um/daily/metrics/BTCUSDT/BTCUSDT-metrics-2025-11-29.zip.CHECKSUM "HTTP/1.1 200 OK"
2026-09-27 22:45:51,085 [INFO] httpx: HTTP Request: GET https://data.binance.vision/data/futures/um/daily/metrics/BTCUSDT/BTCUSDT-metrics-2025-11-30.zip "HTTP/1.1 200 OK"
2026-09-27 22:45:51,899 [INFO] httpx: HTTP Request: GET https://data.binance.vision/data/futures/um/daily/metrics/BTCUSDT/BTCUSDT-metrics-2025-11-30.zip.CHECKSUM "HTTP/1.1 200 OK"
2026-09-27 22:45:54,432 [INFO] httpx: HTTP Request: GET https://data.binance.vision/data/futures/um/daily/metrics/BTCUSDT/BTCUSDT-metrics-2025-12-01.zip "HTTP/1.1 200 OK"
2026-09-27 22:45:55,195 [INFO] httpx: HTTP Request: GET https://data.binance.vision/data/futures/um/daily/metrics/BTCUSDT/BTCUSDT-metrics-2025-12-01.zip.CHECKSUM "HTTP/1.1 200 OK"
2026-09-27 22:45:55,972 [INFO] httpx: HTTP Request: GET https://data.binance.vision/data/futures/um/daily/metrics/BTCUSDT/BTCUSDT-metrics-2025-12-02.zip "HTTP/1.1 200 OK"
2026-09-27 22:45:56,743 [INFO] httpx: HTTP Request: GET https://data.binance.vision/data/futures/um/daily/metrics/BTCUSDT/BTCUSDT-metrics-2025-12-02.zip.CHECKSUM "HTTP/1.1 200 OK"
2026-09-27 22:45:57,525 [INFO] httpx: HTTP Request: GET https://data.binance.vision/data/futures/um/daily/metrics/BTCUSDT/BTCUSDT-metrics-2025-12-03.zip "HTTP/1.1 200 OK"
2026-09-27 22:45:58,296 [INFO] httpx: HTTP Request: GET https://data.binance.vision/data/futures/um/daily/metrics/BTCUSDT/BTCUSDT-metrics-2025-12-03.zip.CHECKSUM "HTTP/1.1 200 OK"
2026-09-27 22:45:59,066 [INFO] httpx: HTTP Request: GET https://data.binance.vision/data/futures/um/daily/metrics/BTCUSDT/BTCUSDT-metrics-2025-12-04.zip "HTTP/1.1 200 OK"
2026-09-27 22:45:59,837 [INFO] httpx: HTTP Request: GET https://data.binance.vision/data/futures/um/daily/metrics/BTCUSDT/BTCUSDT-metrics-2025-12-04.zip.CHECKSUM "HTTP/1.1 200 OK"
2026-09-27 22:46:00,622 [INFO] httpx: HTTP Request: GET https://data.binance.vision/data/futures/um/daily/metrics/BTCUSDT/BTCUSDT-metrics-2025-12-05.zip "HTTP/1.1 200 OK"
2026-09-27 22:46:01,390 [INFO] httpx: HTTP Request: GET https://data.binance.vision/data/futures/um/daily/metrics/BTCUSDT/BTCUSDT-metrics-2025-12-05.zip.CHECKSUM "HTTP/1.1 200 OK"
2026-09-27 22:46:02,173 [INFO] httpx: HTTP Request: GET https://data.binance.vision/data/futures/um/daily/metrics/BTCUSDT/BTCUSDT-metrics-2025-12-06.zip "HTTP/1.1 200 OK"
2026-09-27 22:46:02,952 [INFO] httpx: HTTP Request: GET https://data.binance.vision/data/futures/um/daily/metrics/BTCUSDT/BTCUSDT-metrics-2025-12-06.zip.CHECKSUM "HTTP/1.1 200 OK"
2026-09-27 22:46:03,724 [INFO] httpx: HTTP Request: GET https://data.binance.vision/data/futures/um/daily/metrics/BTCUSDT/BTCUSDT-metrics-2025-12-07.zip "HTTP/1.1 200 OK"
2026-09-27 22:46:04,495 [INFO] httpx: HTTP Request: GET https://data.binance.vision/data/futures/um/daily/metrics/BTCUSDT/BTCUSDT-metrics-2025-12-07.zip.CHECKSUM "HTTP/1.1 200 OK"
2026-09-27 22:46:04,790 [INFO] httpx: HTTP Request: GET https://data.binance.vision/data/futures/um/daily/metrics/BTCUSDT/BTCUSDT-metrics-2025-12-08.zip "HTTP/1.1 200 OK"
2026-09-27 22:46:05,558 [INFO] httpx: HTTP Request: GET https://data.binance.vision/data/futures/um/daily/metrics/BTCUSDT/BTCUSDT-metrics-2025-12-08.zip.CHECKSUM "HTTP/1.1 200 OK"
2026-09-27 22:46:06,338 [INFO] httpx: HTTP Request: GET https://data.binance.vision/data/futures/um/daily/metrics/BTCUSDT/BTCUSDT-metrics-2025-12-09.zip "HTTP/1.1 200 OK"
2026-09-27 22:46:07,105 [INFO] httpx: HTTP Request: GET https://data.binance.vision/data/futures/um/daily/metrics/BTCUSDT/BTCUSDT-metrics-2025-12-09.zip.CHECKSUM "HTTP/1.1 200 OK"
2026-09-27 22:46:07,875 [INFO] httpx: HTTP Request: GET https://data.binance.vision/data/futures/um/daily/metrics/BTCUSDT/BTCUSDT-metrics-2025-12-10.zip "HTTP/1.1 200 OK"
2026-09-27 22:46:08,640 [INFO] httpx: HTTP Request: GET https://data.binance.vision/data/futures/um/daily/metrics/BTCUSDT/BTCUSDT-metrics-2025-12-10.zip.CHECKSUM "HTTP/1.1 200 OK"
2026-09-27 22:46:09,419 [INFO] httpx: HTTP Request: GET https://data.binance.vision/data/futures/um/daily/metrics/BTCUSDT/BTCUSDT-metrics-2025-12-11.zip "HTTP/1.1 200 OK"
2026-09-27 22:46:10,188 [INFO] httpx: HTTP Request: GET https://data.binance.vision/data/futures/um/daily/metrics/BTCUSDT/BTCUSDT-metrics-2025-12-11.zip.CHECKSUM "HTTP/1.1 200 OK"
2026-09-27 22:46:10,973 [INFO] httpx: HTTP Request: GET https://data.binance.vision/data/futures/um/daily/metrics/BTCUSDT/BTCUSDT-metrics-2025-12-12.zip "HTTP/1.1 200 OK"
2026-09-27 22:46:11,733 [INFO] httpx: HTTP Request: GET https://data.binance.vision/data/futures/um/daily/metrics/BTCUSDT/BTCUSDT-metrics-2025-12-12.zip.CHECKSUM "HTTP/1.1 200 OK"
2026-09-27 22:46:12,529 [INFO] httpx: HTTP Request: GET https://data.binance.vision/data/futures/um/daily/metrics/BTCUSDT/BTCUSDT-metrics-2025-12-13.zip "HTTP/1.1 200 OK"
2026-09-27 22:46:13,291 [INFO] httpx: HTTP Request: GET https://data.binance.vision/data/futures/um/daily/metrics/BTCUSDT/BTCUSDT-metrics-2025-12-13.zip.CHECKSUM "HTTP/1.1 200 OK"
2026-09-27 22:46:14,057 [INFO] httpx: HTTP Request: GET https://data.binance.vision/data/futures/um/daily/metrics/BTCUSDT/BTCUSDT-metrics-2025-12-14.zip "HTTP/1.1 200 OK"
2026-09-27 22:46:14,823 [INFO] httpx: HTTP Request: GET https://data.binance.vision/data/futures/um/daily/metrics/BTCUSDT/BTCUSDT-metrics-2025-12-14.zip.CHECKSUM "HTTP/1.1 200 OK"
2026-09-27 22:46:15,113 [INFO] httpx: HTTP Request: GET https://data.binance.vision/data/futures/um/daily/metrics/BTCUSDT/BTCUSDT-metrics-2025-12-15.zip "HTTP/1.1 200 OK"
2026-09-27 22:46:15,886 [INFO] httpx: HTTP Request: GET https://data.binance.vision/data/futures/um/daily/metrics/BTCUSDT/BTCUSDT-metrics-2025-12-15.zip.CHECKSUM "HTTP/1.1 200 OK"
2026-09-27 22:46:16,679 [INFO] httpx: HTTP Request: GET https://data.binance.vision/data/futures/um/daily/metrics/BTCUSDT/BTCUSDT-metrics-2025-12-16.zip "HTTP/1.1 200 OK"
2026-09-27 22:46:17,464 [INFO] httpx: HTTP Request: GET https://data.binance.vision/data/futures/um/daily/metrics/BTCUSDT/BTCUSDT-metrics-2025-12-16.zip.CHECKSUM "HTTP/1.1 200 OK"
2026-09-27 22:46:18,253 [INFO] httpx: HTTP Request: GET https://data.binance.vision/data/futures/um/daily/metrics/BTCUSDT/BTCUSDT-metrics-2025-12-17.zip "HTTP/1.1 200 OK"
2026-09-27 22:46:19,040 [INFO] httpx: HTTP Request: GET https://data.binance.vision/data/futures/um/daily/metrics/BTCUSDT/BTCUSDT-metrics-2025-12-17.zip.CHECKSUM "HTTP/1.1 200 OK"
2026-09-27 22:46:19,815 [INFO] httpx: HTTP Request: GET https://data.binance.vision/data/futures/um/daily/metrics/BTCUSDT/BTCUSDT-metrics-2025-12-18.zip "HTTP/1.1 200 OK"
2026-09-27 22:46:20,580 [INFO] httpx: HTTP Request: GET https://data.binance.vision/data/futures/um/daily/metrics/BTCUSDT/BTCUSDT-metrics-2025-12-18.zip.CHECKSUM "HTTP/1.1 200 OK"
2026-09-27 22:46:21,365 [INFO] httpx: HTTP Request: GET https://data.binance.vision/data/futures/um/daily/metrics/BTCUSDT/BTCUSDT-metrics-2025-12-19.zip "HTTP/1.1 200 OK"
2026-09-27 22:46:22,142 [INFO] httpx: HTTP Request: GET https://data.binance.vision/data/futures/um/daily/metrics/BTCUSDT/BTCUSDT-metrics-2025-12-19.zip.CHECKSUM "HTTP/1.1 200 OK"
2026-09-27 22:46:22,922 [INFO] httpx: HTTP Request: GET https://data.binance.vision/data/futures/um/daily/metrics/BTCUSDT/BTCUSDT-metrics-2025-12-20.zip "HTTP/1.1 200 OK"
2026-09-27 22:46:23,690 [INFO] httpx: HTTP Request: GET https://data.binance.vision/data/futures/um/daily/metrics/BTCUSDT/BTCUSDT-metrics-2025-12-20.zip.CHECKSUM "HTTP/1.1 200 OK"
2026-09-27 22:46:24,474 [INFO] httpx: HTTP Request: GET https://data.binance.vision/data/futures/um/daily/metrics/BTCUSDT/BTCUSDT-metrics-2025-12-21.zip "HTTP/1.1 200 OK"
2026-09-27 22:46:25,241 [INFO] httpx: HTTP Request: GET https://data.binance.vision/data/futures/um/daily/metrics/BTCUSDT/BTCUSDT-metrics-2025-12-21.zip.CHECKSUM "HTTP/1.1 200 OK"
2026-09-27 22:46:26,018 [INFO] httpx: HTTP Request: GET https://data.binance.vision/data/futures/um/daily/metrics/BTCUSDT/BTCUSDT-metrics-2025-12-22.zip "HTTP/1.1 200 OK"
2026-09-27 22:46:28,574 [INFO] httpx: HTTP Request: GET https://data.binance.vision/data/futures/um/daily/metrics/BTCUSDT/BTCUSDT-metrics-2025-12-22.zip.CHECKSUM "HTTP/1.1 200 OK"
2026-09-27 22:46:29,366 [INFO] httpx: HTTP Request: GET https://data.binance.vision/data/futures/um/daily/metrics/BTCUSDT/BTCUSDT-metrics-2025-12-23.zip "HTTP/1.1 200 OK"
2026-09-27 22:46:30,141 [INFO] httpx: HTTP Request: GET https://data.binance.vision/data/futures/um/daily/metrics/BTCUSDT/BTCUSDT-metrics-2025-12-23.zip.CHECKSUM "HTTP/1.1 200 OK"
2026-09-27 22:46:30,440 [INFO] httpx: HTTP Request: GET https://data.binance.vision/data/futures/um/daily/metrics/BTCUSDT/BTCUSDT-metrics-2025-12-24.zip "HTTP/1.1 200 OK"
2026-09-27 22:46:31,205 [INFO] httpx: HTTP Request: GET https://data.binance.vision/data/futures/um/daily/metrics/BTCUSDT/BTCUSDT-metrics-2025-12-24.zip.CHECKSUM "HTTP/1.1 200 OK"
2026-09-27 22:46:31,969 [INFO] httpx: HTTP Request: GET https://data.binance.vision/data/futures/um/daily/metrics/BTCUSDT/BTCUSDT-metrics-2025-12-25.zip "HTTP/1.1 200 OK"
2026-09-27 22:46:32,726 [INFO] httpx: HTTP Request: GET https://data.binance.vision/data/futures/um/daily/metrics/BTCUSDT/BTCUSDT-metrics-2025-12-25.zip.CHECKSUM "HTTP/1.1 200 OK"
2026-09-27 22:46:33,495 [INFO] httpx: HTTP Request: GET https://data.binance.vision/data/futures/um/daily/metrics/BTCUSDT/BTCUSDT-metrics-2025-12-26.zip "HTTP/1.1 200 OK"
2026-09-27 22:46:34,271 [INFO] httpx: HTTP Request: GET https://data.binance.vision/data/futures/um/daily/metrics/BTCUSDT/BTCUSDT-metrics-2025-12-26.zip.CHECKSUM "HTTP/1.1 200 OK"
2026-09-27 22:46:35,034 [INFO] httpx: HTTP Request: GET https://data.binance.vision/data/futures/um/daily/metrics/BTCUSDT/BTCUSDT-metrics-2025-12-27.zip "HTTP/1.1 200 OK"
2026-09-27 22:46:35,808 [INFO] httpx: HTTP Request: GET https://data.binance.vision/data/futures/um/daily/metrics/BTCUSDT/BTCUSDT-metrics-2025-12-27.zip.CHECKSUM "HTTP/1.1 200 OK"
2026-09-27 22:46:36,582 [INFO] httpx: HTTP Request: GET https://data.binance.vision/data/futures/um/daily/metrics/BTCUSDT/BTCUSDT-metrics-2025-12-28.zip "HTTP/1.1 200 OK"
2026-09-27 22:46:37,352 [INFO] httpx: HTTP Request: GET https://data.binance.vision/data/futures/um/daily/metrics/BTCUSDT/BTCUSDT-metrics-2025-12-28.zip.CHECKSUM "HTTP/1.1 200 OK"
2026-09-27 22:46:38,160 [INFO] httpx: HTTP Request: GET https://data.binance.vision/data/futures/um/daily/metrics/BTCUSDT/BTCUSDT-metrics-2025-12-29.zip "HTTP/1.1 200 OK"
2026-09-27 22:46:39,013 [INFO] httpx: HTTP Request: GET https://data.binance.vision/data/futures/um/daily/metrics/BTCUSDT/BTCUSDT-metrics-2025-12-29.zip.CHECKSUM "HTTP/1.1 200 OK"
2026-09-27 22:46:39,811 [INFO] httpx: HTTP Request: GET https://data.binance.vision/data/futures/um/daily/metrics/BTCUSDT/BTCUSDT-metrics-2025-12-30.zip "HTTP/1.1 200 OK"
2026-09-27 22:46:40,568 [INFO] httpx: HTTP Request: GET https://data.binance.vision/data/futures/um/daily/metrics/BTCUSDT/BTCUSDT-metrics-2025-12-30.zip.CHECKSUM "HTTP/1.1 200 OK"
2026-09-27 22:46:41,345 [INFO] httpx: HTTP Request: GET https://data.binance.vision/data/futures/um/daily/metrics/BTCUSDT/BTCUSDT-metrics-2025-12-31.zip "HTTP/1.1 200 OK"
2026-09-27 22:46:42,114 [INFO] httpx: HTTP Request: GET https://data.binance.vision/data/futures/um/daily/metrics/BTCUSDT/BTCUSDT-metrics-2025-12-31.zip.CHECKSUM "HTTP/1.1 200 OK"
2026-09-27 22:46:42,887 [INFO] httpx: HTTP Request: GET https://data.binance.vision/data/futures/um/daily/metrics/BTCUSDT/BTCUSDT-metrics-2026-01-01.zip "HTTP/1.1 200 OK"
2026-09-27 22:46:43,649 [INFO] httpx: HTTP Request: GET https://data.binance.vision/data/futures/um/daily/metrics/BTCUSDT/BTCUSDT-metrics-2026-01-01.zip.CHECKSUM "HTTP/1.1 200 OK"
2026-09-27 22:46:44,424 [INFO] httpx: HTTP Request: GET https://data.binance.vision/data/futures/um/daily/metrics/BTCUSDT/BTCUSDT-metrics-2026-01-02.zip "HTTP/1.1 200 OK"
2026-09-27 22:46:45,190 [INFO] httpx: HTTP Request: GET https://data.binance.vision/data/futures/um/daily/metrics/BTCUSDT/BTCUSDT-metrics-2026-01-02.zip.CHECKSUM "HTTP/1.1 200 OK"
2026-09-27 22:46:45,959 [INFO] httpx: HTTP Request: GET https://data.binance.vision/data/futures/um/daily/metrics/BTCUSDT/BTCUSDT-metrics-2026-01-03.zip "HTTP/1.1 200 OK"
2026-09-27 22:46:46,238 [INFO] httpx: HTTP Request: GET https://data.binance.vision/data/futures/um/daily/metrics/BTCUSDT/BTCUSDT-metrics-2026-01-03.zip.CHECKSUM "HTTP/1.1 200 OK"
2026-09-27 22:46:47,018 [INFO] httpx: HTTP Request: GET https://data.binance.vision/data/futures/um/daily/metrics/BTCUSDT/BTCUSDT-metrics-2026-01-04.zip "HTTP/1.1 200 OK"
2026-09-27 22:46:47,780 [INFO] httpx: HTTP Request: GET https://data.binance.vision/data/futures/um/daily/metrics/BTCUSDT/BTCUSDT-metrics-2026-01-04.zip.CHECKSUM "HTTP/1.1 200 OK"
2026-09-27 22:46:48,598 [INFO] httpx: HTTP Request: GET https://data.binance.vision/data/futures/um/daily/metrics/BTCUSDT/BTCUSDT-metrics-2026-01-05.zip "HTTP/1.1 200 OK"
2026-09-27 22:46:49,373 [INFO] httpx: HTTP Request: GET https://data.binance.vision/data/futures/um/daily/metrics/BTCUSDT/BTCUSDT-metrics-2026-01-05.zip.CHECKSUM "HTTP/1.1 200 OK"
2026-09-27 22:46:50,167 [INFO] httpx: HTTP Request: GET https://data.binance.vision/data/futures/um/daily/metrics/BTCUSDT/BTCUSDT-metrics-2026-01-06.zip "HTTP/1.1 200 OK"
2026-09-27 22:46:50,943 [INFO] httpx: HTTP Request: GET https://data.binance.vision/data/futures/um/daily/metrics/BTCUSDT/BTCUSDT-metrics-2026-01-06.zip.CHECKSUM "HTTP/1.1 200 OK"
2026-09-27 22:46:51,718 [INFO] httpx: HTTP Request: GET https://data.binance.vision/data/futures/um/daily/metrics/BTCUSDT/BTCUSDT-metrics-2026-01-07.zip "HTTP/1.1 200 OK"
2026-09-27 22:46:52,480 [INFO] httpx: HTTP Request: GET https://data.binance.vision/data/futures/um/daily/metrics/BTCUSDT/BTCUSDT-metrics-2026-01-07.zip.CHECKSUM "HTTP/1.1 200 OK"
2026-09-27 22:46:53,257 [INFO] httpx: HTTP Request: GET https://data.binance.vision/data/futures/um/daily/metrics/BTCUSDT/BTCUSDT-metrics-2026-01-08.zip "HTTP/1.1 200 OK"
2026-09-27 22:46:54,063 [INFO] httpx: HTTP Request: GET https://data.binance.vision/data/futures/um/daily/metrics/BTCUSDT/BTCUSDT-metrics-2026-01-08.zip.CHECKSUM "HTTP/1.1 200 OK"
2026-09-27 22:46:54,850 [INFO] httpx: HTTP Request: GET https://data.binance.vision/data/futures/um/daily/metrics/BTCUSDT/BTCUSDT-metrics-2026-01-09.zip "HTTP/1.1 200 OK"
2026-09-27 22:46:55,621 [INFO] httpx: HTTP Request: GET https://data.binance.vision/data/futures/um/daily/metrics/BTCUSDT/BTCUSDT-metrics-2026-01-09.zip.CHECKSUM "HTTP/1.1 200 OK"
2026-09-27 22:46:56,385 [INFO] httpx: HTTP Request: GET https://data.binance.vision/data/futures/um/daily/metrics/BTCUSDT/BTCUSDT-metrics-2026-01-10.zip "HTTP/1.1 200 OK"
2026-09-27 22:46:57,161 [INFO] httpx: HTTP Request: GET https://data.binance.vision/data/futures/um/daily/metrics/BTCUSDT/BTCUSDT-metrics-2026-01-10.zip.CHECKSUM "HTTP/1.1 200 OK"
2026-09-27 22:46:57,942 [INFO] httpx: HTTP Request: GET https://data.binance.vision/data/futures/um/daily/metrics/BTCUSDT/BTCUSDT-metrics-2026-01-11.zip "HTTP/1.1 200 OK"
2026-09-27 22:46:58,708 [INFO] httpx: HTTP Request: GET https://data.binance.vision/data/futures/um/daily/metrics/BTCUSDT/BTCUSDT-metrics-2026-01-11.zip.CHECKSUM "HTTP/1.1 200 OK"
2026-09-27 22:46:59,483 [INFO] httpx: HTTP Request: GET https://data.binance.vision/data/futures/um/daily/metrics/BTCUSDT/BTCUSDT-metrics-2026-01-12.zip "HTTP/1.1 200 OK"
2026-09-27 22:47:00,255 [INFO] httpx: HTTP Request: GET https://data.binance.vision/data/futures/um/daily/metrics/BTCUSDT/BTCUSDT-metrics-2026-01-12.zip.CHECKSUM "HTTP/1.1 200 OK"
2026-09-27 22:47:02,787 [INFO] httpx: HTTP Request: GET https://data.binance.vision/data/futures/um/daily/metrics/BTCUSDT/BTCUSDT-metrics-2026-01-13.zip "HTTP/1.1 200 OK"
2026-09-27 22:47:03,544 [INFO] httpx: HTTP Request: GET https://data.binance.vision/data/futures/um/daily/metrics/BTCUSDT/BTCUSDT-metrics-2026-01-13.zip.CHECKSUM "HTTP/1.1 200 OK"
2026-09-27 22:47:04,335 [INFO] httpx: HTTP Request: GET https://data.binance.vision/data/futures/um/daily/metrics/BTCUSDT/BTCUSDT-metrics-2026-01-14.zip "HTTP/1.1 200 OK"
2026-09-27 22:47:05,113 [INFO] httpx: HTTP Request: GET https://data.binance.vision/data/futures/um/daily/metrics/BTCUSDT/BTCUSDT-metrics-2026-01-14.zip.CHECKSUM "HTTP/1.1 200 OK"
2026-09-27 22:47:05,879 [INFO] httpx: HTTP Request: GET https://data.binance.vision/data/futures/um/daily/metrics/BTCUSDT/BTCUSDT-metrics-2026-01-15.zip "HTTP/1.1 200 OK"
2026-09-27 22:47:06,653 [INFO] httpx: HTTP Request: GET https://data.binance.vision/data/futures/um/daily/metrics/BTCUSDT/BTCUSDT-metrics-2026-01-15.zip.CHECKSUM "HTTP/1.1 200 OK"
2026-09-27 22:47:07,442 [INFO] httpx: HTTP Request: GET https://data.binance.vision/data/futures/um/daily/metrics/BTCUSDT/BTCUSDT-metrics-2026-01-16.zip "HTTP/1.1 200 OK"
2026-09-27 22:47:08,213 [INFO] httpx: HTTP Request: GET https://data.binance.vision/data/futures/um/daily/metrics/BTCUSDT/BTCUSDT-metrics-2026-01-16.zip.CHECKSUM "HTTP/1.1 200 OK"
2026-09-27 22:47:08,976 [INFO] httpx: HTTP Request: GET https://data.binance.vision/data/futures/um/daily/metrics/BTCUSDT/BTCUSDT-metrics-2026-01-17.zip "HTTP/1.1 200 OK"
2026-09-27 22:47:09,748 [INFO] httpx: HTTP Request: GET https://data.binance.vision/data/futures/um/daily/metrics/BTCUSDT/BTCUSDT-metrics-2026-01-17.zip.CHECKSUM "HTTP/1.1 200 OK"
2026-09-27 22:47:10,525 [INFO] httpx: HTTP Request: GET https://data.binance.vision/data/futures/um/daily/metrics/BTCUSDT/BTCUSDT-metrics-2026-01-18.zip "HTTP/1.1 200 OK"
2026-09-27 22:47:11,284 [INFO] httpx: HTTP Request: GET https://data.binance.vision/data/futures/um/daily/metrics/BTCUSDT/BTCUSDT-metrics-2026-01-18.zip.CHECKSUM "HTTP/1.1 200 OK"
2026-09-27 22:47:11,580 [INFO] httpx: HTTP Request: GET https://data.binance.vision/data/futures/um/daily/metrics/BTCUSDT/BTCUSDT-metrics-2026-01-19.zip "HTTP/1.1 200 OK"
2026-09-27 22:47:12,344 [INFO] httpx: HTTP Request: GET https://data.binance.vision/data/futures/um/daily/metrics/BTCUSDT/BTCUSDT-metrics-2026-01-19.zip.CHECKSUM "HTTP/1.1 200 OK"
2026-09-27 22:47:13,128 [INFO] httpx: HTTP Request: GET https://data.binance.vision/data/futures/um/daily/metrics/BTCUSDT/BTCUSDT-metrics-2026-01-20.zip "HTTP/1.1 200 OK"
2026-09-27 22:47:13,904 [INFO] httpx: HTTP Request: GET https://data.binance.vision/data/futures/um/daily/metrics/BTCUSDT/BTCUSDT-metrics-2026-01-20.zip.CHECKSUM "HTTP/1.1 200 OK"
2026-09-27 22:47:14,705 [INFO] httpx: HTTP Request: GET https://data.binance.vision/data/futures/um/daily/metrics/BTCUSDT/BTCUSDT-metrics-2026-01-21.zip "HTTP/1.1 200 OK"
2026-09-27 22:47:15,486 [INFO] httpx: HTTP Request: GET https://data.binance.vision/data/futures/um/daily/metrics/BTCUSDT/BTCUSDT-metrics-2026-01-21.zip.CHECKSUM "HTTP/1.1 200 OK"
2026-09-27 22:47:15,775 [INFO] httpx: HTTP Request: GET https://data.binance.vision/data/futures/um/daily/metrics/BTCUSDT/BTCUSDT-metrics-2026-01-22.zip "HTTP/1.1 200 OK"
2026-09-27 22:47:16,545 [INFO] httpx: HTTP Request: GET https://data.binance.vision/data/futures/um/daily/metrics/BTCUSDT/BTCUSDT-metrics-2026-01-22.zip.CHECKSUM "HTTP/1.1 200 OK"
2026-09-27 22:47:17,324 [INFO] httpx: HTTP Request: GET https://data.binance.vision/data/futures/um/daily/metrics/BTCUSDT/BTCUSDT-metrics-2026-01-23.zip "HTTP/1.1 200 OK"
2026-09-27 22:47:18,100 [INFO] httpx: HTTP Request: GET https://data.binance.vision/data/futures/um/daily/metrics/BTCUSDT/BTCUSDT-metrics-2026-01-23.zip.CHECKSUM "HTTP/1.1 200 OK"
2026-09-27 22:47:18,876 [INFO] httpx: HTTP Request: GET https://data.binance.vision/data/futures/um/daily/metrics/BTCUSDT/BTCUSDT-metrics-2026-01-24.zip "HTTP/1.1 200 OK"
2026-09-27 22:47:19,154 [INFO] httpx: HTTP Request: GET https://data.binance.vision/data/futures/um/daily/metrics/BTCUSDT/BTCUSDT-metrics-2026-01-24.zip.CHECKSUM "HTTP/1.1 200 OK"
2026-09-27 22:47:19,946 [INFO] httpx: HTTP Request: GET https://data.binance.vision/data/futures/um/daily/metrics/BTCUSDT/BTCUSDT-metrics-2026-01-25.zip "HTTP/1.1 200 OK"
2026-09-27 22:47:20,734 [INFO] httpx: HTTP Request: GET https://data.binance.vision/data/futures/um/daily/metrics/BTCUSDT/BTCUSDT-metrics-2026-01-25.zip.CHECKSUM "HTTP/1.1 200 OK"
2026-09-27 22:47:21,039 [INFO] httpx: HTTP Request: GET https://data.binance.vision/data/futures/um/daily/metrics/BTCUSDT/BTCUSDT-metrics-2026-01-26.zip "HTTP/1.1 200 OK"
2026-09-27 22:47:21,810 [INFO] httpx: HTTP Request: GET https://data.binance.vision/data/futures/um/daily/metrics/BTCUSDT/BTCUSDT-metrics-2026-01-26.zip.CHECKSUM "HTTP/1.1 200 OK"
2026-09-27 22:47:22,585 [INFO] httpx: HTTP Request: GET https://data.binance.vision/data/futures/um/daily/metrics/BTCUSDT/BTCUSDT-metrics-2026-01-27.zip "HTTP/1.1 200 OK"
2026-09-27 22:47:23,378 [INFO] httpx: HTTP Request: GET https://data.binance.vision/data/futures/um/daily/metrics/BTCUSDT/BTCUSDT-metrics-2026-01-27.zip.CHECKSUM "HTTP/1.1 200 OK"
2026-09-27 22:47:24,206 [INFO] httpx: HTTP Request: GET https://data.binance.vision/data/futures/um/daily/metrics/BTCUSDT/BTCUSDT-metrics-2026-01-28.zip "HTTP/1.1 200 OK"
2026-09-27 22:47:24,977 [INFO] httpx: HTTP Request: GET https://data.binance.vision/data/futures/um/daily/metrics/BTCUSDT/BTCUSDT-metrics-2026-01-28.zip.CHECKSUM "HTTP/1.1 200 OK"
2026-09-27 22:47:25,770 [INFO] httpx: HTTP Request: GET https://data.binance.vision/data/futures/um/daily/metrics/BTCUSDT/BTCUSDT-metrics-2026-01-29.zip "HTTP/1.1 200 OK"
2026-09-27 22:47:26,543 [INFO] httpx: HTTP Request: GET https://data.binance.vision/data/futures/um/daily/metrics/BTCUSDT/BTCUSDT-metrics-2026-01-29.zip.CHECKSUM "HTTP/1.1 200 OK"
2026-09-27 22:47:27,338 [INFO] httpx: HTTP Request: GET https://data.binance.vision/data/futures/um/daily/metrics/BTCUSDT/BTCUSDT-metrics-2026-01-30.zip "HTTP/1.1 200 OK"
2026-09-27 22:47:28,100 [INFO] httpx: HTTP Request: GET https://data.binance.vision/data/futures/um/daily/metrics/BTCUSDT/BTCUSDT-metrics-2026-01-30.zip.CHECKSUM "HTTP/1.1 200 OK"
2026-09-27 22:47:28,870 [INFO] httpx: HTTP Request: GET https://data.binance.vision/data/futures/um/daily/metrics/BTCUSDT/BTCUSDT-metrics-2026-01-31.zip "HTTP/1.1 200 OK"
2026-09-27 22:47:29,636 [INFO] httpx: HTTP Request: GET https://data.binance.vision/data/futures/um/daily/metrics/BTCUSDT/BTCUSDT-metrics-2026-01-31.zip.CHECKSUM "HTTP/1.1 200 OK"
2026-09-27 22:47:29,939 [INFO] httpx: HTTP Request: GET https://data.binance.vision/data/futures/um/daily/metrics/BTCUSDT/BTCUSDT-metrics-2026-02-01.zip "HTTP/1.1 200 OK"
2026-09-27 22:47:30,713 [INFO] httpx: HTTP Request: GET https://data.binance.vision/data/futures/um/daily/metrics/BTCUSDT/BTCUSDT-metrics-2026-02-01.zip.CHECKSUM "HTTP/1.1 200 OK"
2026-09-27 22:47:31,491 [INFO] httpx: HTTP Request: GET https://data.binance.vision/data/futures/um/daily/metrics/BTCUSDT/BTCUSDT-metrics-2026-02-02.zip "HTTP/1.1 200 OK"
2026-09-27 22:47:32,267 [INFO] httpx: HTTP Request: GET https://data.binance.vision/data/futures/um/daily/metrics/BTCUSDT/BTCUSDT-metrics-2026-02-02.zip.CHECKSUM "HTTP/1.1 200 OK"
2026-09-27 22:47:33,038 [INFO] httpx: HTTP Request: GET https://data.binance.vision/data/futures/um/daily/metrics/BTCUSDT/BTCUSDT-metrics-2026-02-03.zip "HTTP/1.1 200 OK"
2026-09-27 22:47:33,316 [INFO] httpx: HTTP Request: GET https://data.binance.vision/data/futures/um/daily/metrics/BTCUSDT/BTCUSDT-metrics-2026-02-03.zip.CHECKSUM "HTTP/1.1 200 OK"
2026-09-27 22:47:34,103 [INFO] httpx: HTTP Request: GET https://data.binance.vision/data/futures/um/daily/metrics/BTCUSDT/BTCUSDT-metrics-2026-02-04.zip "HTTP/1.1 200 OK"
2026-09-27 22:47:36,639 [INFO] httpx: HTTP Request: GET https://data.binance.vision/data/futures/um/daily/metrics/BTCUSDT/BTCUSDT-metrics-2026-02-04.zip.CHECKSUM "HTTP/1.1 200 OK"
2026-09-27 22:47:36,933 [INFO] httpx: HTTP Request: GET https://data.binance.vision/data/futures/um/daily/metrics/BTCUSDT/BTCUSDT-metrics-2026-02-05.zip "HTTP/1.1 200 OK"
2026-09-27 22:47:37,291 [INFO] httpx: HTTP Request: GET https://data.binance.vision/data/futures/um/daily/metrics/BTCUSDT/BTCUSDT-metrics-2026-02-05.zip.CHECKSUM "HTTP/1.1 200 OK"
2026-09-27 22:47:38,088 [INFO] httpx: HTTP Request: GET https://data.binance.vision/data/futures/um/daily/metrics/BTCUSDT/BTCUSDT-metrics-2026-02-06.zip "HTTP/1.1 200 OK"
2026-09-27 22:47:38,849 [INFO] httpx: HTTP Request: GET https://data.binance.vision/data/futures/um/daily/metrics/BTCUSDT/BTCUSDT-metrics-2026-02-06.zip.CHECKSUM "HTTP/1.1 200 OK"
2026-09-27 22:47:39,616 [INFO] httpx: HTTP Request: GET https://data.binance.vision/data/futures/um/daily/metrics/BTCUSDT/BTCUSDT-metrics-2026-02-07.zip "HTTP/1.1 200 OK"
2026-09-27 22:47:40,385 [INFO] httpx: HTTP Request: GET https://data.binance.vision/data/futures/um/daily/metrics/BTCUSDT/BTCUSDT-metrics-2026-02-07.zip.CHECKSUM "HTTP/1.1 200 OK"
2026-09-27 22:47:41,158 [INFO] httpx: HTTP Request: GET https://data.binance.vision/data/futures/um/daily/metrics/BTCUSDT/BTCUSDT-metrics-2026-02-08.zip "HTTP/1.1 200 OK"
2026-09-27 22:47:41,916 [INFO] httpx: HTTP Request: GET https://data.binance.vision/data/futures/um/daily/metrics/BTCUSDT/BTCUSDT-metrics-2026-02-08.zip.CHECKSUM "HTTP/1.1 200 OK"
2026-09-27 22:47:42,699 [INFO] httpx: HTTP Request: GET https://data.binance.vision/data/futures/um/daily/metrics/BTCUSDT/BTCUSDT-metrics-2026-02-09.zip "HTTP/1.1 200 OK"
2026-09-27 22:47:43,468 [INFO] httpx: HTTP Request: GET https://data.binance.vision/data/futures/um/daily/metrics/BTCUSDT/BTCUSDT-metrics-2026-02-09.zip.CHECKSUM "HTTP/1.1 200 OK"
2026-09-27 22:47:43,749 [INFO] httpx: HTTP Request: GET https://data.binance.vision/data/futures/um/daily/metrics/BTCUSDT/BTCUSDT-metrics-2026-02-10.zip "HTTP/1.1 200 OK"
2026-09-27 22:47:44,516 [INFO] httpx: HTTP Request: GET https://data.binance.vision/data/futures/um/daily/metrics/BTCUSDT/BTCUSDT-metrics-2026-02-10.zip.CHECKSUM "HTTP/1.1 200 OK"
2026-09-27 22:47:45,301 [INFO] httpx: HTTP Request: GET https://data.binance.vision/data/futures/um/daily/metrics/BTCUSDT/BTCUSDT-metrics-2026-02-11.zip "HTTP/1.1 200 OK"
2026-09-27 22:47:46,067 [INFO] httpx: HTTP Request: GET https://data.binance.vision/data/futures/um/daily/metrics/BTCUSDT/BTCUSDT-metrics-2026-02-11.zip.CHECKSUM "HTTP/1.1 200 OK"
2026-09-27 22:47:46,844 [INFO] httpx: HTTP Request: GET https://data.binance.vision/data/futures/um/daily/metrics/BTCUSDT/BTCUSDT-metrics-2026-02-12.zip "HTTP/1.1 200 OK"
2026-09-27 22:47:47,600 [INFO] httpx: HTTP Request: GET https://data.binance.vision/data/futures/um/daily/metrics/BTCUSDT/BTCUSDT-metrics-2026-02-12.zip.CHECKSUM "HTTP/1.1 200 OK"
2026-09-27 22:47:48,394 [INFO] httpx: HTTP Request: GET https://data.binance.vision/data/futures/um/daily/metrics/BTCUSDT/BTCUSDT-metrics-2026-02-13.zip "HTTP/1.1 200 OK"
2026-09-27 22:47:49,166 [INFO] httpx: HTTP Request: GET https://data.binance.vision/data/futures/um/daily/metrics/BTCUSDT/BTCUSDT-metrics-2026-02-13.zip.CHECKSUM "HTTP/1.1 200 OK"
2026-09-27 22:47:49,970 [INFO] httpx: HTTP Request: GET https://data.binance.vision/data/futures/um/daily/metrics/BTCUSDT/BTCUSDT-metrics-2026-02-14.zip "HTTP/1.1 200 OK"
2026-09-27 22:47:50,253 [INFO] httpx: HTTP Request: GET https://data.binance.vision/data/futures/um/daily/metrics/BTCUSDT/BTCUSDT-metrics-2026-02-14.zip.CHECKSUM "HTTP/1.1 200 OK"
2026-09-27 22:47:51,031 [INFO] httpx: HTTP Request: GET https://data.binance.vision/data/futures/um/daily/metrics/BTCUSDT/BTCUSDT-metrics-2026-02-15.zip "HTTP/1.1 200 OK"
2026-09-27 22:47:51,807 [INFO] httpx: HTTP Request: GET https://data.binance.vision/data/futures/um/daily/metrics/BTCUSDT/BTCUSDT-metrics-2026-02-15.zip.CHECKSUM "HTTP/1.1 200 OK"
2026-09-27 22:47:52,592 [INFO] httpx: HTTP Request: GET https://data.binance.vision/data/futures/um/daily/metrics/BTCUSDT/BTCUSDT-metrics-2026-02-16.zip "HTTP/1.1 200 OK"
2026-09-27 22:47:53,353 [INFO] httpx: HTTP Request: GET https://data.binance.vision/data/futures/um/daily/metrics/BTCUSDT/BTCUSDT-metrics-2026-02-16.zip.CHECKSUM "HTTP/1.1 200 OK"
2026-09-27 22:47:54,132 [INFO] httpx: HTTP Request: GET https://data.binance.vision/data/futures/um/daily/metrics/BTCUSDT/BTCUSDT-metrics-2026-02-17.zip "HTTP/1.1 200 OK"
2026-09-27 22:47:54,906 [INFO] httpx: HTTP Request: GET https://data.binance.vision/data/futures/um/daily/metrics/BTCUSDT/BTCUSDT-metrics-2026-02-17.zip.CHECKSUM "HTTP/1.1 200 OK"
2026-09-27 22:47:55,704 [INFO] httpx: HTTP Request: GET https://data.binance.vision/data/futures/um/daily/metrics/BTCUSDT/BTCUSDT-metrics-2026-02-18.zip "HTTP/1.1 200 OK"
2026-09-27 22:47:56,494 [INFO] httpx: HTTP Request: GET https://data.binance.vision/data/futures/um/daily/metrics/BTCUSDT/BTCUSDT-metrics-2026-02-18.zip.CHECKSUM "HTTP/1.1 200 OK"
2026-09-27 22:47:57,294 [INFO] httpx: HTTP Request: GET https://data.binance.vision/data/futures/um/daily/metrics/BTCUSDT/BTCUSDT-metrics-2026-02-19.zip "HTTP/1.1 200 OK"
2026-09-27 22:47:58,074 [INFO] httpx: HTTP Request: GET https://data.binance.vision/data/futures/um/daily/metrics/BTCUSDT/BTCUSDT-metrics-2026-02-19.zip.CHECKSUM "HTTP/1.1 200 OK"
2026-09-27 22:47:58,878 [INFO] httpx: HTTP Request: GET https://data.binance.vision/data/futures/um/daily/metrics/BTCUSDT/BTCUSDT-metrics-2026-02-20.zip "HTTP/1.1 200 OK"
2026-09-27 22:47:59,665 [INFO] httpx: HTTP Request: GET https://data.binance.vision/data/futures/um/daily/metrics/BTCUSDT/BTCUSDT-metrics-2026-02-20.zip.CHECKSUM "HTTP/1.1 200 OK"
2026-09-27 22:48:00,475 [INFO] httpx: HTTP Request: GET https://data.binance.vision/data/futures/um/daily/metrics/BTCUSDT/BTCUSDT-metrics-2026-02-21.zip "HTTP/1.1 200 OK"
2026-09-27 22:48:01,240 [INFO] httpx: HTTP Request: GET https://data.binance.vision/data/futures/um/daily/metrics/BTCUSDT/BTCUSDT-metrics-2026-02-21.zip.CHECKSUM "HTTP/1.1 200 OK"
2026-09-27 22:48:02,023 [INFO] httpx: HTTP Request: GET https://data.binance.vision/data/futures/um/daily/metrics/BTCUSDT/BTCUSDT-metrics-2026-02-22.zip "HTTP/1.1 200 OK"
2026-09-27 22:48:02,781 [INFO] httpx: HTTP Request: GET https://data.binance.vision/data/futures/um/daily/metrics/BTCUSDT/BTCUSDT-metrics-2026-02-22.zip.CHECKSUM "HTTP/1.1 200 OK"
2026-09-27 22:48:03,557 [INFO] httpx: HTTP Request: GET https://data.binance.vision/data/futures/um/daily/metrics/BTCUSDT/BTCUSDT-metrics-2026-02-23.zip "HTTP/1.1 200 OK"
2026-09-27 22:48:04,322 [INFO] httpx: HTTP Request: GET https://data.binance.vision/data/futures/um/daily/metrics/BTCUSDT/BTCUSDT-metrics-2026-02-23.zip.CHECKSUM "HTTP/1.1 200 OK"
2026-09-27 22:48:05,104 [INFO] httpx: HTTP Request: GET https://data.binance.vision/data/futures/um/daily/metrics/BTCUSDT/BTCUSDT-metrics-2026-02-24.zip "HTTP/1.1 200 OK"
2026-09-27 22:48:05,877 [INFO] httpx: HTTP Request: GET https://data.binance.vision/data/futures/um/daily/metrics/BTCUSDT/BTCUSDT-metrics-2026-02-24.zip.CHECKSUM "HTTP/1.1 200 OK"
2026-09-27 22:48:06,668 [INFO] httpx: HTTP Request: GET https://data.binance.vision/data/futures/um/daily/metrics/BTCUSDT/BTCUSDT-metrics-2026-02-25.zip "HTTP/1.1 200 OK"
2026-09-27 22:48:07,430 [INFO] httpx: HTTP Request: GET https://data.binance.vision/data/futures/um/daily/metrics/BTCUSDT/BTCUSDT-metrics-2026-02-25.zip.CHECKSUM "HTTP/1.1 200 OK"
2026-09-27 22:48:08,210 [INFO] httpx: HTTP Request: GET https://data.binance.vision/data/futures/um/daily/metrics/BTCUSDT/BTCUSDT-metrics-2026-02-26.zip "HTTP/1.1 200 OK"
2026-09-27 22:48:10,738 [INFO] httpx: HTTP Request: GET https://data.binance.vision/data/futures/um/daily/metrics/BTCUSDT/BTCUSDT-metrics-2026-02-26.zip.CHECKSUM "HTTP/1.1 200 OK"
2026-09-27 22:48:11,028 [INFO] httpx: HTTP Request: GET https://data.binance.vision/data/futures/um/daily/metrics/BTCUSDT/BTCUSDT-metrics-2026-02-27.zip "HTTP/1.1 200 OK"
2026-09-27 22:48:11,801 [INFO] httpx: HTTP Request: GET https://data.binance.vision/data/futures/um/daily/metrics/BTCUSDT/BTCUSDT-metrics-2026-02-27.zip.CHECKSUM "HTTP/1.1 200 OK"
2026-09-27 22:48:12,087 [INFO] httpx: HTTP Request: GET https://data.binance.vision/data/futures/um/daily/metrics/BTCUSDT/BTCUSDT-metrics-2026-02-28.zip "HTTP/1.1 200 OK"
2026-09-27 22:48:12,848 [INFO] httpx: HTTP Request: GET https://data.binance.vision/data/futures/um/daily/metrics/BTCUSDT/BTCUSDT-metrics-2026-02-28.zip.CHECKSUM "HTTP/1.1 200 OK"
2026-09-27 22:48:13,626 [INFO] httpx: HTTP Request: GET https://data.binance.vision/data/futures/um/daily/metrics/BTCUSDT/BTCUSDT-metrics-2026-03-01.zip "HTTP/1.1 200 OK"
2026-09-27 22:48:14,397 [INFO] httpx: HTTP Request: GET https://data.binance.vision/data/futures/um/daily/metrics/BTCUSDT/BTCUSDT-metrics-2026-03-01.zip.CHECKSUM "HTTP/1.1 200 OK"
2026-09-27 22:48:15,217 [INFO] httpx: HTTP Request: GET https://data.binance.vision/data/futures/um/daily/metrics/BTCUSDT/BTCUSDT-metrics-2026-03-02.zip "HTTP/1.1 200 OK"
2026-09-27 22:48:15,496 [INFO] httpx: HTTP Request: GET https://data.binance.vision/data/futures/um/daily/metrics/BTCUSDT/BTCUSDT-metrics-2026-03-02.zip.CHECKSUM "HTTP/1.1 200 OK"
2026-09-27 22:48:16,281 [INFO] httpx: HTTP Request: GET https://data.binance.vision/data/futures/um/daily/metrics/BTCUSDT/BTCUSDT-metrics-2026-03-03.zip "HTTP/1.1 200 OK"
2026-09-27 22:48:17,060 [INFO] httpx: HTTP Request: GET https://data.binance.vision/data/futures/um/daily/metrics/BTCUSDT/BTCUSDT-metrics-2026-03-03.zip.CHECKSUM "HTTP/1.1 200 OK"
2026-09-27 22:48:17,837 [INFO] httpx: HTTP Request: GET https://data.binance.vision/data/futures/um/daily/metrics/BTCUSDT/BTCUSDT-metrics-2026-03-04.zip "HTTP/1.1 200 OK"
2026-09-27 22:48:18,119 [INFO] httpx: HTTP Request: GET https://data.binance.vision/data/futures/um/daily/metrics/BTCUSDT/BTCUSDT-metrics-2026-03-04.zip.CHECKSUM "HTTP/1.1 200 OK"
2026-09-27 22:48:18,914 [INFO] httpx: HTTP Request: GET https://data.binance.vision/data/futures/um/daily/metrics/BTCUSDT/BTCUSDT-metrics-2026-03-05.zip "HTTP/1.1 200 OK"
2026-09-27 22:48:19,678 [INFO] httpx: HTTP Request: GET https://data.binance.vision/data/futures/um/daily/metrics/BTCUSDT/BTCUSDT-metrics-2026-03-05.zip.CHECKSUM "HTTP/1.1 200 OK"
2026-09-27 22:48:20,442 [INFO] httpx: HTTP Request: GET https://data.binance.vision/data/futures/um/daily/metrics/BTCUSDT/BTCUSDT-metrics-2026-03-06.zip "HTTP/1.1 200 OK"
2026-09-27 22:48:21,215 [INFO] httpx: HTTP Request: GET https://data.binance.vision/data/futures/um/daily/metrics/BTCUSDT/BTCUSDT-metrics-2026-03-06.zip.CHECKSUM "HTTP/1.1 200 OK"
2026-09-27 22:48:21,995 [INFO] httpx: HTTP Request: GET https://data.binance.vision/data/futures/um/daily/metrics/BTCUSDT/BTCUSDT-metrics-2026-03-07.zip "HTTP/1.1 200 OK"
2026-09-27 22:48:22,755 [INFO] httpx: HTTP Request: GET https://data.binance.vision/data/futures/um/daily/metrics/BTCUSDT/BTCUSDT-metrics-2026-03-07.zip.CHECKSUM "HTTP/1.1 200 OK"
2026-09-27 22:48:23,528 [INFO] httpx: HTTP Request: GET https://data.binance.vision/data/futures/um/daily/metrics/BTCUSDT/BTCUSDT-metrics-2026-03-08.zip "HTTP/1.1 200 OK"
2026-09-27 22:48:24,299 [INFO] httpx: HTTP Request: GET https://data.binance.vision/data/futures/um/daily/metrics/BTCUSDT/BTCUSDT-metrics-2026-03-08.zip.CHECKSUM "HTTP/1.1 200 OK"
2026-09-27 22:48:25,083 [INFO] httpx: HTTP Request: GET https://data.binance.vision/data/futures/um/daily/metrics/BTCUSDT/BTCUSDT-metrics-2026-03-09.zip "HTTP/1.1 200 OK"
2026-09-27 22:48:25,841 [INFO] httpx: HTTP Request: GET https://data.binance.vision/data/futures/um/daily/metrics/BTCUSDT/BTCUSDT-metrics-2026-03-09.zip.CHECKSUM "HTTP/1.1 200 OK"
2026-09-27 22:48:26,633 [INFO] httpx: HTTP Request: GET https://data.binance.vision/data/futures/um/daily/metrics/BTCUSDT/BTCUSDT-metrics-2026-03-10.zip "HTTP/1.1 200 OK"
2026-09-27 22:48:27,412 [INFO] httpx: HTTP Request: GET https://data.binance.vision/data/futures/um/daily/metrics/BTCUSDT/BTCUSDT-metrics-2026-03-10.zip.CHECKSUM "HTTP/1.1 200 OK"
2026-09-27 22:48:28,190 [INFO] httpx: HTTP Request: GET https://data.binance.vision/data/futures/um/daily/metrics/BTCUSDT/BTCUSDT-metrics-2026-03-11.zip "HTTP/1.1 200 OK"
2026-09-27 22:48:28,955 [INFO] httpx: HTTP Request: GET https://data.binance.vision/data/futures/um/daily/metrics/BTCUSDT/BTCUSDT-metrics-2026-03-11.zip.CHECKSUM "HTTP/1.1 200 OK"
2026-09-27 22:48:29,729 [INFO] httpx: HTTP Request: GET https://data.binance.vision/data/futures/um/daily/metrics/BTCUSDT/BTCUSDT-metrics-2026-03-12.zip "HTTP/1.1 200 OK"
2026-09-27 22:48:30,492 [INFO] httpx: HTTP Request: GET https://data.binance.vision/data/futures/um/daily/metrics/BTCUSDT/BTCUSDT-metrics-2026-03-12.zip.CHECKSUM "HTTP/1.1 200 OK"
2026-09-27 22:48:31,295 [INFO] httpx: HTTP Request: GET https://data.binance.vision/data/futures/um/daily/metrics/BTCUSDT/BTCUSDT-metrics-2026-03-13.zip "HTTP/1.1 200 OK"
2026-09-27 22:48:32,053 [INFO] httpx: HTTP Request: GET https://data.binance.vision/data/futures/um/daily/metrics/BTCUSDT/BTCUSDT-metrics-2026-03-13.zip.CHECKSUM "HTTP/1.1 200 OK"
2026-09-27 22:48:32,824 [INFO] httpx: HTTP Request: GET https://data.binance.vision/data/futures/um/daily/metrics/BTCUSDT/BTCUSDT-metrics-2026-03-14.zip "HTTP/1.1 200 OK"
2026-09-27 22:48:33,597 [INFO] httpx: HTTP Request: GET https://data.binance.vision/data/futures/um/daily/metrics/BTCUSDT/BTCUSDT-metrics-2026-03-14.zip.CHECKSUM "HTTP/1.1 200 OK"
2026-09-27 22:48:34,370 [INFO] httpx: HTTP Request: GET https://data.binance.vision/data/futures/um/daily/metrics/BTCUSDT/BTCUSDT-metrics-2026-03-15.zip "HTTP/1.1 200 OK"
2026-09-27 22:48:34,649 [INFO] httpx: HTTP Request: GET https://data.binance.vision/data/futures/um/daily/metrics/BTCUSDT/BTCUSDT-metrics-2026-03-15.zip.CHECKSUM "HTTP/1.1 200 OK"
2026-09-27 22:48:35,429 [INFO] httpx: HTTP Request: GET https://data.binance.vision/data/futures/um/daily/metrics/BTCUSDT/BTCUSDT-metrics-2026-03-16.zip "HTTP/1.1 200 OK"
2026-09-27 22:48:36,212 [INFO] httpx: HTTP Request: GET https://data.binance.vision/data/futures/um/daily/metrics/BTCUSDT/BTCUSDT-metrics-2026-03-16.zip.CHECKSUM "HTTP/1.1 200 OK"
2026-09-27 22:48:37,010 [INFO] httpx: HTTP Request: GET https://data.binance.vision/data/futures/um/daily/metrics/BTCUSDT/BTCUSDT-metrics-2026-03-17.zip "HTTP/1.1 200 OK"
2026-09-27 22:48:37,780 [INFO] httpx: HTTP Request: GET https://data.binance.vision/data/futures/um/daily/metrics/BTCUSDT/BTCUSDT-metrics-2026-03-17.zip.CHECKSUM "HTTP/1.1 200 OK"
2026-09-27 22:48:38,558 [INFO] httpx: HTTP Request: GET https://data.binance.vision/data/futures/um/daily/metrics/BTCUSDT/BTCUSDT-metrics-2026-03-18.zip "HTTP/1.1 200 OK"
2026-09-27 22:48:39,323 [INFO] httpx: HTTP Request: GET https://data.binance.vision/data/futures/um/daily/metrics/BTCUSDT/BTCUSDT-metrics-2026-03-18.zip.CHECKSUM "HTTP/1.1 200 OK"
2026-09-27 22:48:40,104 [INFO] httpx: HTTP Request: GET https://data.binance.vision/data/futures/um/daily/metrics/BTCUSDT/BTCUSDT-metrics-2026-03-19.zip "HTTP/1.1 200 OK"
2026-09-27 22:48:40,863 [INFO] httpx: HTTP Request: GET https://data.binance.vision/data/futures/um/daily/metrics/BTCUSDT/BTCUSDT-metrics-2026-03-19.zip.CHECKSUM "HTTP/1.1 200 OK"
2026-09-27 22:48:41,633 [INFO] httpx: HTTP Request: GET https://data.binance.vision/data/futures/um/daily/metrics/BTCUSDT/BTCUSDT-metrics-2026-03-20.zip "HTTP/1.1 200 OK"
2026-09-27 22:48:42,398 [INFO] httpx: HTTP Request: GET https://data.binance.vision/data/futures/um/daily/metrics/BTCUSDT/BTCUSDT-metrics-2026-03-20.zip.CHECKSUM "HTTP/1.1 200 OK"
2026-09-27 22:48:44,930 [INFO] httpx: HTTP Request: GET https://data.binance.vision/data/futures/um/daily/metrics/BTCUSDT/BTCUSDT-metrics-2026-03-21.zip "HTTP/1.1 200 OK"
2026-09-27 22:48:45,712 [INFO] httpx: HTTP Request: GET https://data.binance.vision/data/futures/um/daily/metrics/BTCUSDT/BTCUSDT-metrics-2026-03-21.zip.CHECKSUM "HTTP/1.1 200 OK"
2026-09-27 22:48:46,479 [INFO] httpx: HTTP Request: GET https://data.binance.vision/data/futures/um/daily/metrics/BTCUSDT/BTCUSDT-metrics-2026-03-22.zip "HTTP/1.1 200 OK"
2026-09-27 22:48:47,249 [INFO] httpx: HTTP Request: GET https://data.binance.vision/data/futures/um/daily/metrics/BTCUSDT/BTCUSDT-metrics-2026-03-22.zip.CHECKSUM "HTTP/1.1 200 OK"
2026-09-27 22:48:48,055 [INFO] httpx: HTTP Request: GET https://data.binance.vision/data/futures/um/daily/metrics/BTCUSDT/BTCUSDT-metrics-2026-03-23.zip "HTTP/1.1 200 OK"
2026-09-27 22:48:48,876 [INFO] httpx: HTTP Request: GET https://data.binance.vision/data/futures/um/daily/metrics/BTCUSDT/BTCUSDT-metrics-2026-03-23.zip.CHECKSUM "HTTP/1.1 200 OK"
2026-09-27 22:48:49,672 [INFO] httpx: HTTP Request: GET https://data.binance.vision/data/futures/um/daily/metrics/BTCUSDT/BTCUSDT-metrics-2026-03-24.zip "HTTP/1.1 200 OK"
2026-09-27 22:48:49,957 [INFO] httpx: HTTP Request: GET https://data.binance.vision/data/futures/um/daily/metrics/BTCUSDT/BTCUSDT-metrics-2026-03-24.zip.CHECKSUM "HTTP/1.1 200 OK"
2026-09-27 22:48:50,735 [INFO] httpx: HTTP Request: GET https://data.binance.vision/data/futures/um/daily/metrics/BTCUSDT/BTCUSDT-metrics-2026-03-25.zip "HTTP/1.1 200 OK"
2026-09-27 22:48:51,021 [INFO] httpx: HTTP Request: GET https://data.binance.vision/data/futures/um/daily/metrics/BTCUSDT/BTCUSDT-metrics-2026-03-25.zip.CHECKSUM "HTTP/1.1 200 OK"
2026-09-27 22:48:51,805 [INFO] httpx: HTTP Request: GET https://data.binance.vision/data/futures/um/daily/metrics/BTCUSDT/BTCUSDT-metrics-2026-03-26.zip "HTTP/1.1 200 OK"
2026-09-27 22:48:52,572 [INFO] httpx: HTTP Request: GET https://data.binance.vision/data/futures/um/daily/metrics/BTCUSDT/BTCUSDT-metrics-2026-03-26.zip.CHECKSUM "HTTP/1.1 200 OK"
2026-09-27 22:48:53,379 [INFO] httpx: HTTP Request: GET https://data.binance.vision/data/futures/um/daily/metrics/BTCUSDT/BTCUSDT-metrics-2026-03-27.zip "HTTP/1.1 200 OK"
2026-09-27 22:48:53,677 [INFO] httpx: HTTP Request: GET https://data.binance.vision/data/futures/um/daily/metrics/BTCUSDT/BTCUSDT-metrics-2026-03-27.zip.CHECKSUM "HTTP/1.1 200 OK"
2026-09-27 22:48:53,980 [INFO] httpx: HTTP Request: GET https://data.binance.vision/data/futures/um/daily/metrics/BTCUSDT/BTCUSDT-metrics-2026-03-28.zip "HTTP/1.1 200 OK"
2026-09-27 22:48:54,758 [INFO] httpx: HTTP Request: GET https://data.binance.vision/data/futures/um/daily/metrics/BTCUSDT/BTCUSDT-metrics-2026-03-28.zip.CHECKSUM "HTTP/1.1 200 OK"
2026-09-27 22:48:55,532 [INFO] httpx: HTTP Request: GET https://data.binance.vision/data/futures/um/daily/metrics/BTCUSDT/BTCUSDT-metrics-2026-03-29.zip "HTTP/1.1 200 OK"
2026-09-27 22:48:56,303 [INFO] httpx: HTTP Request: GET https://data.binance.vision/data/futures/um/daily/metrics/BTCUSDT/BTCUSDT-metrics-2026-03-29.zip.CHECKSUM "HTTP/1.1 200 OK"
2026-09-27 22:48:57,087 [INFO] httpx: HTTP Request: GET https://data.binance.vision/data/futures/um/daily/metrics/BTCUSDT/BTCUSDT-metrics-2026-03-30.zip "HTTP/1.1 200 OK"
2026-09-27 22:48:57,851 [INFO] httpx: HTTP Request: GET https://data.binance.vision/data/futures/um/daily/metrics/BTCUSDT/BTCUSDT-metrics-2026-03-30.zip.CHECKSUM "HTTP/1.1 200 OK"
2026-09-27 22:48:58,616 [INFO] httpx: HTTP Request: GET https://data.binance.vision/data/futures/um/daily/metrics/BTCUSDT/BTCUSDT-metrics-2026-03-31.zip "HTTP/1.1 200 OK"
2026-09-27 22:48:59,391 [INFO] httpx: HTTP Request: GET https://data.binance.vision/data/futures/um/daily/metrics/BTCUSDT/BTCUSDT-metrics-2026-03-31.zip.CHECKSUM "HTTP/1.1 200 OK"
2026-09-27 22:49:00,176 [INFO] httpx: HTTP Request: GET https://data.binance.vision/data/futures/um/daily/metrics/BTCUSDT/BTCUSDT-metrics-2026-04-01.zip "HTTP/1.1 200 OK"
2026-09-27 22:49:00,947 [INFO] httpx: HTTP Request: GET https://data.binance.vision/data/futures/um/daily/metrics/BTCUSDT/BTCUSDT-metrics-2026-04-01.zip.CHECKSUM "HTTP/1.1 200 OK"
2026-09-27 22:49:01,720 [INFO] httpx: HTTP Request: GET https://data.binance.vision/data/futures/um/daily/metrics/BTCUSDT/BTCUSDT-metrics-2026-04-02.zip "HTTP/1.1 200 OK"
2026-09-27 22:49:02,494 [INFO] httpx: HTTP Request: GET https://data.binance.vision/data/futures/um/daily/metrics/BTCUSDT/BTCUSDT-metrics-2026-04-02.zip.CHECKSUM "HTTP/1.1 200 OK"
2026-09-27 22:49:03,371 [INFO] httpx: HTTP Request: GET https://data.binance.vision/data/futures/um/daily/metrics/BTCUSDT/BTCUSDT-metrics-2026-04-03.zip "HTTP/1.1 200 OK"
2026-09-27 22:49:04,135 [INFO] httpx: HTTP Request: GET https://data.binance.vision/data/futures/um/daily/metrics/BTCUSDT/BTCUSDT-metrics-2026-04-03.zip.CHECKSUM "HTTP/1.1 200 OK"
2026-09-27 22:49:04,931 [INFO] httpx: HTTP Request: GET https://data.binance.vision/data/futures/um/daily/metrics/BTCUSDT/BTCUSDT-metrics-2026-04-04.zip "HTTP/1.1 200 OK"
2026-09-27 22:49:05,736 [INFO] httpx: HTTP Request: GET https://data.binance.vision/data/futures/um/daily/metrics/BTCUSDT/BTCUSDT-metrics-2026-04-04.zip.CHECKSUM "HTTP/1.1 200 OK"
2026-09-27 22:49:06,524 [INFO] httpx: HTTP Request: GET https://data.binance.vision/data/futures/um/daily/metrics/BTCUSDT/BTCUSDT-metrics-2026-04-05.zip "HTTP/1.1 200 OK"
2026-09-27 22:49:07,285 [INFO] httpx: HTTP Request: GET https://data.binance.vision/data/futures/um/daily/metrics/BTCUSDT/BTCUSDT-metrics-2026-04-05.zip.CHECKSUM "HTTP/1.1 200 OK"
2026-09-27 22:49:08,054 [INFO] httpx: HTTP Request: GET https://data.binance.vision/data/futures/um/daily/metrics/BTCUSDT/BTCUSDT-metrics-2026-04-06.zip "HTTP/1.1 200 OK"
2026-09-27 22:49:08,829 [INFO] httpx: HTTP Request: GET https://data.binance.vision/data/futures/um/daily/metrics/BTCUSDT/BTCUSDT-metrics-2026-04-06.zip.CHECKSUM "HTTP/1.1 200 OK"
2026-09-27 22:49:09,644 [INFO] httpx: HTTP Request: GET https://data.binance.vision/data/futures/um/daily/metrics/BTCUSDT/BTCUSDT-metrics-2026-04-07.zip "HTTP/1.1 200 OK"
2026-09-27 22:49:10,406 [INFO] httpx: HTTP Request: GET https://data.binance.vision/data/futures/um/daily/metrics/BTCUSDT/BTCUSDT-metrics-2026-04-07.zip.CHECKSUM "HTTP/1.1 200 OK"
2026-09-27 22:49:11,207 [INFO] httpx: HTTP Request: GET https://data.binance.vision/data/futures/um/daily/metrics/BTCUSDT/BTCUSDT-metrics-2026-04-08.zip "HTTP/1.1 200 OK"
2026-09-27 22:49:11,973 [INFO] httpx: HTTP Request: GET https://data.binance.vision/data/futures/um/daily/metrics/BTCUSDT/BTCUSDT-metrics-2026-04-08.zip.CHECKSUM "HTTP/1.1 200 OK"
2026-09-27 22:49:12,773 [INFO] httpx: HTTP Request: GET https://data.binance.vision/data/futures/um/daily/metrics/BTCUSDT/BTCUSDT-metrics-2026-04-09.zip "HTTP/1.1 200 OK"
2026-09-27 22:49:13,529 [INFO] httpx: HTTP Request: GET https://data.binance.vision/data/futures/um/daily/metrics/BTCUSDT/BTCUSDT-metrics-2026-04-09.zip.CHECKSUM "HTTP/1.1 200 OK"
2026-09-27 22:49:13,815 [INFO] httpx: HTTP Request: GET https://data.binance.vision/data/futures/um/daily/metrics/BTCUSDT/BTCUSDT-metrics-2026-04-10.zip "HTTP/1.1 200 OK"
2026-09-27 22:49:14,589 [INFO] httpx: HTTP Request: GET https://data.binance.vision/data/futures/um/daily/metrics/BTCUSDT/BTCUSDT-metrics-2026-04-10.zip.CHECKSUM "HTTP/1.1 200 OK"
2026-09-27 22:49:15,365 [INFO] httpx: HTTP Request: GET https://data.binance.vision/data/futures/um/daily/metrics/BTCUSDT/BTCUSDT-metrics-2026-04-11.zip "HTTP/1.1 200 OK"
2026-09-27 22:49:16,150 [INFO] httpx: HTTP Request: GET https://data.binance.vision/data/futures/um/daily/metrics/BTCUSDT/BTCUSDT-metrics-2026-04-11.zip.CHECKSUM "HTTP/1.1 200 OK"
2026-09-27 22:49:18,730 [INFO] httpx: HTTP Request: GET https://data.binance.vision/data/futures/um/daily/metrics/BTCUSDT/BTCUSDT-metrics-2026-04-12.zip "HTTP/1.1 200 OK"
2026-09-27 22:49:19,490 [INFO] httpx: HTTP Request: GET https://data.binance.vision/data/futures/um/daily/metrics/BTCUSDT/BTCUSDT-metrics-2026-04-12.zip.CHECKSUM "HTTP/1.1 200 OK"
2026-09-27 22:49:20,266 [INFO] httpx: HTTP Request: GET https://data.binance.vision/data/futures/um/daily/metrics/BTCUSDT/BTCUSDT-metrics-2026-04-13.zip "HTTP/1.1 200 OK"
2026-09-27 22:49:21,036 [INFO] httpx: HTTP Request: GET https://data.binance.vision/data/futures/um/daily/metrics/BTCUSDT/BTCUSDT-metrics-2026-04-13.zip.CHECKSUM "HTTP/1.1 200 OK"
2026-09-27 22:49:21,824 [INFO] httpx: HTTP Request: GET https://data.binance.vision/data/futures/um/daily/metrics/BTCUSDT/BTCUSDT-metrics-2026-04-14.zip "HTTP/1.1 200 OK"
2026-09-27 22:49:22,582 [INFO] httpx: HTTP Request: GET https://data.binance.vision/data/futures/um/daily/metrics/BTCUSDT/BTCUSDT-metrics-2026-04-14.zip.CHECKSUM "HTTP/1.1 200 OK"
2026-09-27 22:49:23,356 [INFO] httpx: HTTP Request: GET https://data.binance.vision/data/futures/um/daily/metrics/BTCUSDT/BTCUSDT-metrics-2026-04-15.zip "HTTP/1.1 200 OK"
2026-09-27 22:49:24,125 [INFO] httpx: HTTP Request: GET https://data.binance.vision/data/futures/um/daily/metrics/BTCUSDT/BTCUSDT-metrics-2026-04-15.zip.CHECKSUM "HTTP/1.1 200 OK"
2026-09-27 22:49:24,893 [INFO] httpx: HTTP Request: GET https://data.binance.vision/data/futures/um/daily/metrics/BTCUSDT/BTCUSDT-metrics-2026-04-16.zip "HTTP/1.1 200 OK"
2026-09-27 22:49:25,664 [INFO] httpx: HTTP Request: GET https://data.binance.vision/data/futures/um/daily/metrics/BTCUSDT/BTCUSDT-metrics-2026-04-16.zip.CHECKSUM "HTTP/1.1 200 OK"
2026-09-27 22:49:26,443 [INFO] httpx: HTTP Request: GET https://data.binance.vision/data/futures/um/daily/metrics/BTCUSDT/BTCUSDT-metrics-2026-04-17.zip "HTTP/1.1 200 OK"
2026-09-27 22:49:27,217 [INFO] httpx: HTTP Request: GET https://data.binance.vision/data/futures/um/daily/metrics/BTCUSDT/BTCUSDT-metrics-2026-04-17.zip.CHECKSUM "HTTP/1.1 200 OK"
2026-09-27 22:49:27,995 [INFO] httpx: HTTP Request: GET https://data.binance.vision/data/futures/um/daily/metrics/BTCUSDT/BTCUSDT-metrics-2026-04-18.zip "HTTP/1.1 200 OK"
2026-09-27 22:49:28,765 [INFO] httpx: HTTP Request: GET https://data.binance.vision/data/futures/um/daily/metrics/BTCUSDT/BTCUSDT-metrics-2026-04-18.zip.CHECKSUM "HTTP/1.1 200 OK"
2026-09-27 22:49:29,571 [INFO] httpx: HTTP Request: GET https://data.binance.vision/data/futures/um/daily/metrics/BTCUSDT/BTCUSDT-metrics-2026-04-19.zip "HTTP/1.1 200 OK"
2026-09-27 22:49:30,328 [INFO] httpx: HTTP Request: GET https://data.binance.vision/data/futures/um/daily/metrics/BTCUSDT/BTCUSDT-metrics-2026-04-19.zip.CHECKSUM "HTTP/1.1 200 OK"
2026-09-27 22:49:30,654 [INFO] httpx: HTTP Request: GET https://data.binance.vision/data/futures/um/daily/metrics/BTCUSDT/BTCUSDT-metrics-2026-04-20.zip "HTTP/1.1 200 OK"
2026-09-27 22:49:31,417 [INFO] httpx: HTTP Request: GET https://data.binance.vision/data/futures/um/daily/metrics/BTCUSDT/BTCUSDT-metrics-2026-04-20.zip.CHECKSUM "HTTP/1.1 200 OK"
2026-09-27 22:49:32,192 [INFO] httpx: HTTP Request: GET https://data.binance.vision/data/futures/um/daily/metrics/BTCUSDT/BTCUSDT-metrics-2026-04-21.zip "HTTP/1.1 200 OK"
2026-09-27 22:49:32,959 [INFO] httpx: HTTP Request: GET https://data.binance.vision/data/futures/um/daily/metrics/BTCUSDT/BTCUSDT-metrics-2026-04-21.zip.CHECKSUM "HTTP/1.1 200 OK"
2026-09-27 22:49:33,749 [INFO] httpx: HTTP Request: GET https://data.binance.vision/data/futures/um/daily/metrics/BTCUSDT/BTCUSDT-metrics-2026-04-22.zip "HTTP/1.1 200 OK"
2026-09-27 22:49:34,522 [INFO] httpx: HTTP Request: GET https://data.binance.vision/data/futures/um/daily/metrics/BTCUSDT/BTCUSDT-metrics-2026-04-22.zip.CHECKSUM "HTTP/1.1 200 OK"
2026-09-27 22:49:35,311 [INFO] httpx: HTTP Request: GET https://data.binance.vision/data/futures/um/daily/metrics/BTCUSDT/BTCUSDT-metrics-2026-04-23.zip "HTTP/1.1 200 OK"
2026-09-27 22:49:36,088 [INFO] httpx: HTTP Request: GET https://data.binance.vision/data/futures/um/daily/metrics/BTCUSDT/BTCUSDT-metrics-2026-04-23.zip.CHECKSUM "HTTP/1.1 200 OK"
2026-09-27 22:49:36,879 [INFO] httpx: HTTP Request: GET https://data.binance.vision/data/futures/um/daily/metrics/BTCUSDT/BTCUSDT-metrics-2026-04-24.zip "HTTP/1.1 200 OK"
2026-09-27 22:49:37,643 [INFO] httpx: HTTP Request: GET https://data.binance.vision/data/futures/um/daily/metrics/BTCUSDT/BTCUSDT-metrics-2026-04-24.zip.CHECKSUM "HTTP/1.1 200 OK"
2026-09-27 22:49:38,425 [INFO] httpx: HTTP Request: GET https://data.binance.vision/data/futures/um/daily/metrics/BTCUSDT/BTCUSDT-metrics-2026-04-25.zip "HTTP/1.1 200 OK"
2026-09-27 22:49:39,191 [INFO] httpx: HTTP Request: GET https://data.binance.vision/data/futures/um/daily/metrics/BTCUSDT/BTCUSDT-metrics-2026-04-25.zip.CHECKSUM "HTTP/1.1 200 OK"
2026-09-27 22:49:39,472 [INFO] httpx: HTTP Request: GET https://data.binance.vision/data/futures/um/daily/metrics/BTCUSDT/BTCUSDT-metrics-2026-04-26.zip "HTTP/1.1 200 OK"
2026-09-27 22:49:40,240 [INFO] httpx: HTTP Request: GET https://data.binance.vision/data/futures/um/daily/metrics/BTCUSDT/BTCUSDT-metrics-2026-04-26.zip.CHECKSUM "HTTP/1.1 200 OK"
2026-09-27 22:49:41,014 [INFO] httpx: HTTP Request: GET https://data.binance.vision/data/futures/um/daily/metrics/BTCUSDT/BTCUSDT-metrics-2026-04-27.zip "HTTP/1.1 200 OK"
2026-09-27 22:49:41,800 [INFO] httpx: HTTP Request: GET https://data.binance.vision/data/futures/um/daily/metrics/BTCUSDT/BTCUSDT-metrics-2026-04-27.zip.CHECKSUM "HTTP/1.1 200 OK"
2026-09-27 22:49:42,597 [INFO] httpx: HTTP Request: GET https://data.binance.vision/data/futures/um/daily/metrics/BTCUSDT/BTCUSDT-metrics-2026-04-28.zip "HTTP/1.1 200 OK"
2026-09-27 22:49:43,371 [INFO] httpx: HTTP Request: GET https://data.binance.vision/data/futures/um/daily/metrics/BTCUSDT/BTCUSDT-metrics-2026-04-28.zip.CHECKSUM "HTTP/1.1 200 OK"
2026-09-27 22:49:44,154 [INFO] httpx: HTTP Request: GET https://data.binance.vision/data/futures/um/daily/metrics/BTCUSDT/BTCUSDT-metrics-2026-04-29.zip "HTTP/1.1 200 OK"
2026-09-27 22:49:44,925 [INFO] httpx: HTTP Request: GET https://data.binance.vision/data/futures/um/daily/metrics/BTCUSDT/BTCUSDT-metrics-2026-04-29.zip.CHECKSUM "HTTP/1.1 200 OK"
2026-09-27 22:49:45,701 [INFO] httpx: HTTP Request: GET https://data.binance.vision/data/futures/um/daily/metrics/BTCUSDT/BTCUSDT-metrics-2026-04-30.zip "HTTP/1.1 200 OK"
2026-09-27 22:49:46,470 [INFO] httpx: HTTP Request: GET https://data.binance.vision/data/futures/um/daily/metrics/BTCUSDT/BTCUSDT-metrics-2026-04-30.zip.CHECKSUM "HTTP/1.1 200 OK"
2026-09-27 22:49:47,253 [INFO] httpx: HTTP Request: GET https://data.binance.vision/data/futures/um/daily/metrics/BTCUSDT/BTCUSDT-metrics-2026-05-01.zip "HTTP/1.1 200 OK"
2026-09-27 22:49:48,014 [INFO] httpx: HTTP Request: GET https://data.binance.vision/data/futures/um/daily/metrics/BTCUSDT/BTCUSDT-metrics-2026-05-01.zip.CHECKSUM "HTTP/1.1 200 OK"
2026-09-27 22:49:48,803 [INFO] httpx: HTTP Request: GET https://data.binance.vision/data/futures/um/daily/metrics/BTCUSDT/BTCUSDT-metrics-2026-05-02.zip "HTTP/1.1 200 OK"
2026-09-27 22:49:49,082 [INFO] httpx: HTTP Request: GET https://data.binance.vision/data/futures/um/daily/metrics/BTCUSDT/BTCUSDT-metrics-2026-05-02.zip.CHECKSUM "HTTP/1.1 200 OK"
2026-09-27 22:49:49,862 [INFO] httpx: HTTP Request: GET https://data.binance.vision/data/futures/um/daily/metrics/BTCUSDT/BTCUSDT-metrics-2026-05-03.zip "HTTP/1.1 200 OK"
2026-09-27 22:49:52,381 [INFO] httpx: HTTP Request: GET https://data.binance.vision/data/futures/um/daily/metrics/BTCUSDT/BTCUSDT-metrics-2026-05-03.zip.CHECKSUM "HTTP/1.1 200 OK"
2026-09-27 22:49:53,244 [INFO] httpx: HTTP Request: GET https://data.binance.vision/data/futures/um/daily/metrics/BTCUSDT/BTCUSDT-metrics-2026-05-04.zip "HTTP/1.1 200 OK"
2026-09-27 22:49:54,007 [INFO] httpx: HTTP Request: GET https://data.binance.vision/data/futures/um/daily/metrics/BTCUSDT/BTCUSDT-metrics-2026-05-04.zip.CHECKSUM "HTTP/1.1 200 OK"
2026-09-27 22:49:54,793 [INFO] httpx: HTTP Request: GET https://data.binance.vision/data/futures/um/daily/metrics/BTCUSDT/BTCUSDT-metrics-2026-05-05.zip "HTTP/1.1 200 OK"
2026-09-27 22:49:55,556 [INFO] httpx: HTTP Request: GET https://data.binance.vision/data/futures/um/daily/metrics/BTCUSDT/BTCUSDT-metrics-2026-05-05.zip.CHECKSUM "HTTP/1.1 200 OK"
2026-09-27 22:49:56,332 [INFO] httpx: HTTP Request: GET https://data.binance.vision/data/futures/um/daily/metrics/BTCUSDT/BTCUSDT-metrics-2026-05-06.zip "HTTP/1.1 200 OK"
2026-09-27 22:49:57,103 [INFO] httpx: HTTP Request: GET https://data.binance.vision/data/futures/um/daily/metrics/BTCUSDT/BTCUSDT-metrics-2026-05-06.zip.CHECKSUM "HTTP/1.1 200 OK"
2026-09-27 22:49:57,872 [INFO] httpx: HTTP Request: GET https://data.binance.vision/data/futures/um/daily/metrics/BTCUSDT/BTCUSDT-metrics-2026-05-07.zip "HTTP/1.1 200 OK"
2026-09-27 22:49:58,645 [INFO] httpx: HTTP Request: GET https://data.binance.vision/data/futures/um/daily/metrics/BTCUSDT/BTCUSDT-metrics-2026-05-07.zip.CHECKSUM "HTTP/1.1 200 OK"
2026-09-27 22:49:59,429 [INFO] httpx: HTTP Request: GET https://data.binance.vision/data/futures/um/daily/metrics/BTCUSDT/BTCUSDT-metrics-2026-05-08.zip "HTTP/1.1 200 OK"
2026-09-27 22:50:00,206 [INFO] httpx: HTTP Request: GET https://data.binance.vision/data/futures/um/daily/metrics/BTCUSDT/BTCUSDT-metrics-2026-05-08.zip.CHECKSUM "HTTP/1.1 200 OK"
2026-09-27 22:50:00,991 [INFO] httpx: HTTP Request: GET https://data.binance.vision/data/futures/um/daily/metrics/BTCUSDT/BTCUSDT-metrics-2026-05-09.zip "HTTP/1.1 200 OK"
2026-09-27 22:50:01,761 [INFO] httpx: HTTP Request: GET https://data.binance.vision/data/futures/um/daily/metrics/BTCUSDT/BTCUSDT-metrics-2026-05-09.zip.CHECKSUM "HTTP/1.1 200 OK"
2026-09-27 22:50:02,538 [INFO] httpx: HTTP Request: GET https://data.binance.vision/data/futures/um/daily/metrics/BTCUSDT/BTCUSDT-metrics-2026-05-10.zip "HTTP/1.1 200 OK"
2026-09-27 22:50:03,297 [INFO] httpx: HTTP Request: GET https://data.binance.vision/data/futures/um/daily/metrics/BTCUSDT/BTCUSDT-metrics-2026-05-10.zip.CHECKSUM "HTTP/1.1 200 OK"
2026-09-27 22:50:04,073 [INFO] httpx: HTTP Request: GET https://data.binance.vision/data/futures/um/daily/metrics/BTCUSDT/BTCUSDT-metrics-2026-05-11.zip "HTTP/1.1 200 OK"
2026-09-27 22:50:04,840 [INFO] httpx: HTTP Request: GET https://data.binance.vision/data/futures/um/daily/metrics/BTCUSDT/BTCUSDT-metrics-2026-05-11.zip.CHECKSUM "HTTP/1.1 200 OK"
2026-09-27 22:50:05,123 [INFO] httpx: HTTP Request: GET https://data.binance.vision/data/futures/um/daily/metrics/BTCUSDT/BTCUSDT-metrics-2026-05-12.zip "HTTP/1.1 200 OK"
2026-09-27 22:50:05,894 [INFO] httpx: HTTP Request: GET https://data.binance.vision/data/futures/um/daily/metrics/BTCUSDT/BTCUSDT-metrics-2026-05-12.zip.CHECKSUM "HTTP/1.1 200 OK"
2026-09-27 22:50:06,685 [INFO] httpx: HTTP Request: GET https://data.binance.vision/data/futures/um/daily/metrics/BTCUSDT/BTCUSDT-metrics-2026-05-13.zip "HTTP/1.1 200 OK"
2026-09-27 22:50:07,450 [INFO] httpx: HTTP Request: GET https://data.binance.vision/data/futures/um/daily/metrics/BTCUSDT/BTCUSDT-metrics-2026-05-13.zip.CHECKSUM "HTTP/1.1 200 OK"
2026-09-27 22:50:08,249 [INFO] httpx: HTTP Request: GET https://data.binance.vision/data/futures/um/daily/metrics/BTCUSDT/BTCUSDT-metrics-2026-05-14.zip "HTTP/1.1 200 OK"
2026-09-27 22:50:09,017 [INFO] httpx: HTTP Request: GET https://data.binance.vision/data/futures/um/daily/metrics/BTCUSDT/BTCUSDT-metrics-2026-05-14.zip.CHECKSUM "HTTP/1.1 200 OK"
2026-09-27 22:50:09,798 [INFO] httpx: HTTP Request: GET https://data.binance.vision/data/futures/um/daily/metrics/BTCUSDT/BTCUSDT-metrics-2026-05-15.zip "HTTP/1.1 200 OK"
2026-09-27 22:50:10,591 [INFO] httpx: HTTP Request: GET https://data.binance.vision/data/futures/um/daily/metrics/BTCUSDT/BTCUSDT-metrics-2026-05-15.zip.CHECKSUM "HTTP/1.1 200 OK"
2026-09-27 22:50:11,394 [INFO] httpx: HTTP Request: GET https://data.binance.vision/data/futures/um/daily/metrics/BTCUSDT/BTCUSDT-metrics-2026-05-16.zip "HTTP/1.1 200 OK"
2026-09-27 22:50:12,169 [INFO] httpx: HTTP Request: GET https://data.binance.vision/data/futures/um/daily/metrics/BTCUSDT/BTCUSDT-metrics-2026-05-16.zip.CHECKSUM "HTTP/1.1 200 OK"
2026-09-27 22:50:12,978 [INFO] httpx: HTTP Request: GET https://data.binance.vision/data/futures/um/daily/metrics/BTCUSDT/BTCUSDT-metrics-2026-05-17.zip "HTTP/1.1 200 OK"
2026-09-27 22:50:13,751 [INFO] httpx: HTTP Request: GET https://data.binance.vision/data/futures/um/daily/metrics/BTCUSDT/BTCUSDT-metrics-2026-05-17.zip.CHECKSUM "HTTP/1.1 200 OK"
2026-09-27 22:50:14,509 [INFO] httpx: HTTP Request: GET https://data.binance.vision/data/futures/um/daily/metrics/BTCUSDT/BTCUSDT-metrics-2026-05-18.zip "HTTP/1.1 200 OK"
2026-09-27 22:50:15,278 [INFO] httpx: HTTP Request: GET https://data.binance.vision/data/futures/um/daily/metrics/BTCUSDT/BTCUSDT-metrics-2026-05-18.zip.CHECKSUM "HTTP/1.1 200 OK"
2026-09-27 22:50:15,561 [INFO] httpx: HTTP Request: GET https://data.binance.vision/data/futures/um/daily/metrics/BTCUSDT/BTCUSDT-metrics-2026-05-19.zip "HTTP/1.1 200 OK"
2026-09-27 22:50:16,330 [INFO] httpx: HTTP Request: GET https://data.binance.vision/data/futures/um/daily/metrics/BTCUSDT/BTCUSDT-metrics-2026-05-19.zip.CHECKSUM "HTTP/1.1 200 OK"
2026-09-27 22:50:17,101 [INFO] httpx: HTTP Request: GET https://data.binance.vision/data/futures/um/daily/metrics/BTCUSDT/BTCUSDT-metrics-2026-05-20.zip "HTTP/1.1 200 OK"
2026-09-27 22:50:17,873 [INFO] httpx: HTTP Request: GET https://data.binance.vision/data/futures/um/daily/metrics/BTCUSDT/BTCUSDT-metrics-2026-05-20.zip.CHECKSUM "HTTP/1.1 200 OK"
2026-09-27 22:50:18,638 [INFO] httpx: HTTP Request: GET https://data.binance.vision/data/futures/um/daily/metrics/BTCUSDT/BTCUSDT-metrics-2026-05-21.zip "HTTP/1.1 200 OK"
2026-09-27 22:50:19,405 [INFO] httpx: HTTP Request: GET https://data.binance.vision/data/futures/um/daily/metrics/BTCUSDT/BTCUSDT-metrics-2026-05-21.zip.CHECKSUM "HTTP/1.1 200 OK"
2026-09-27 22:50:20,191 [INFO] httpx: HTTP Request: GET https://data.binance.vision/data/futures/um/daily/metrics/BTCUSDT/BTCUSDT-metrics-2026-05-22.zip "HTTP/1.1 200 OK"
2026-09-27 22:50:20,966 [INFO] httpx: HTTP Request: GET https://data.binance.vision/data/futures/um/daily/metrics/BTCUSDT/BTCUSDT-metrics-2026-05-22.zip.CHECKSUM "HTTP/1.1 200 OK"
2026-09-27 22:50:21,285 [INFO] httpx: HTTP Request: GET https://data.binance.vision/data/futures/um/daily/metrics/BTCUSDT/BTCUSDT-metrics-2026-05-23.zip "HTTP/1.1 200 OK"
2026-09-27 22:50:21,566 [INFO] httpx: HTTP Request: GET https://data.binance.vision/data/futures/um/daily/metrics/BTCUSDT/BTCUSDT-metrics-2026-05-23.zip.CHECKSUM "HTTP/1.1 200 OK"
2026-09-27 22:50:22,354 [INFO] httpx: HTTP Request: GET https://data.binance.vision/data/futures/um/daily/metrics/BTCUSDT/BTCUSDT-metrics-2026-05-24.zip "HTTP/1.1 200 OK"
2026-09-27 22:50:23,130 [INFO] httpx: HTTP Request: GET https://data.binance.vision/data/futures/um/daily/metrics/BTCUSDT/BTCUSDT-metrics-2026-05-24.zip.CHECKSUM "HTTP/1.1 200 OK"
2026-09-27 22:50:23,427 [INFO] httpx: HTTP Request: GET https://data.binance.vision/data/futures/um/daily/metrics/BTCUSDT/BTCUSDT-metrics-2026-05-25.zip "HTTP/1.1 200 OK"
2026-09-27 22:50:23,974 [INFO] httpx: HTTP Request: GET https://data.binance.vision/data/futures/um/daily/metrics/BTCUSDT/BTCUSDT-metrics-2026-05-25.zip.CHECKSUM "HTTP/1.1 200 OK"
2026-09-27 22:50:26,530 [INFO] httpx: HTTP Request: GET https://data.binance.vision/data/futures/um/daily/metrics/BTCUSDT/BTCUSDT-metrics-2026-05-26.zip "HTTP/1.1 200 OK"
2026-09-27 22:50:27,316 [INFO] httpx: HTTP Request: GET https://data.binance.vision/data/futures/um/daily/metrics/BTCUSDT/BTCUSDT-metrics-2026-05-26.zip.CHECKSUM "HTTP/1.1 200 OK"
2026-09-27 22:50:28,120 [INFO] httpx: HTTP Request: GET https://data.binance.vision/data/futures/um/daily/metrics/BTCUSDT/BTCUSDT-metrics-2026-05-27.zip "HTTP/1.1 200 OK"
2026-09-27 22:50:28,890 [INFO] httpx: HTTP Request: GET https://data.binance.vision/data/futures/um/daily/metrics/BTCUSDT/BTCUSDT-metrics-2026-05-27.zip.CHECKSUM "HTTP/1.1 200 OK"
2026-09-27 22:50:29,181 [INFO] httpx: HTTP Request: GET https://data.binance.vision/data/futures/um/daily/metrics/BTCUSDT/BTCUSDT-metrics-2026-05-28.zip "HTTP/1.1 200 OK"
2026-09-27 22:50:29,486 [INFO] httpx: HTTP Request: GET https://data.binance.vision/data/futures/um/daily/metrics/BTCUSDT/BTCUSDT-metrics-2026-05-28.zip.CHECKSUM "HTTP/1.1 200 OK"
2026-09-27 22:50:29,784 [INFO] httpx: HTTP Request: GET https://data.binance.vision/data/futures/um/daily/metrics/BTCUSDT/BTCUSDT-metrics-2026-05-29.zip "HTTP/1.1 200 OK"
2026-09-27 22:50:30,064 [INFO] httpx: HTTP Request: GET https://data.binance.vision/data/futures/um/daily/metrics/BTCUSDT/BTCUSDT-metrics-2026-05-29.zip.CHECKSUM "HTTP/1.1 200 OK"
2026-09-27 22:50:30,356 [INFO] httpx: HTTP Request: GET https://data.binance.vision/data/futures/um/daily/metrics/BTCUSDT/BTCUSDT-metrics-2026-05-30.zip "HTTP/1.1 200 OK"
2026-09-27 22:50:30,636 [INFO] httpx: HTTP Request: GET https://data.binance.vision/data/futures/um/daily/metrics/BTCUSDT/BTCUSDT-metrics-2026-05-30.zip.CHECKSUM "HTTP/1.1 200 OK"
2026-09-27 22:50:30,932 [INFO] httpx: HTTP Request: GET https://data.binance.vision/data/futures/um/daily/metrics/BTCUSDT/BTCUSDT-metrics-2026-05-31.zip "HTTP/1.1 200 OK"
2026-09-27 22:50:31,243 [INFO] httpx: HTTP Request: GET https://data.binance.vision/data/futures/um/daily/metrics/BTCUSDT/BTCUSDT-metrics-2026-05-31.zip.CHECKSUM "HTTP/1.1 200 OK"
2026-09-27 22:50:32,033 [INFO] httpx: HTTP Request: GET https://data.binance.vision/data/futures/um/daily/metrics/BTCUSDT/BTCUSDT-metrics-2026-06-01.zip "HTTP/1.1 200 OK"
2026-09-27 22:50:32,808 [INFO] httpx: HTTP Request: GET https://data.binance.vision/data/futures/um/daily/metrics/BTCUSDT/BTCUSDT-metrics-2026-06-01.zip.CHECKSUM "HTTP/1.1 200 OK"
2026-09-27 22:50:33,587 [INFO] httpx: HTTP Request: GET https://data.binance.vision/data/futures/um/daily/metrics/BTCUSDT/BTCUSDT-metrics-2026-06-02.zip "HTTP/1.1 200 OK"
2026-09-27 22:50:33,867 [INFO] httpx: HTTP Request: GET https://data.binance.vision/data/futures/um/daily/metrics/BTCUSDT/BTCUSDT-metrics-2026-06-02.zip.CHECKSUM "HTTP/1.1 200 OK"
2026-09-27 22:50:34,643 [INFO] httpx: HTTP Request: GET https://data.binance.vision/data/futures/um/daily/metrics/BTCUSDT/BTCUSDT-metrics-2026-06-03.zip "HTTP/1.1 200 OK"
2026-09-27 22:50:35,419 [INFO] httpx: HTTP Request: GET https://data.binance.vision/data/futures/um/daily/metrics/BTCUSDT/BTCUSDT-metrics-2026-06-03.zip.CHECKSUM "HTTP/1.1 200 OK"
2026-09-27 22:50:35,713 [INFO] httpx: HTTP Request: GET https://data.binance.vision/data/futures/um/daily/metrics/BTCUSDT/BTCUSDT-metrics-2026-06-04.zip "HTTP/1.1 200 OK"
2026-09-27 22:50:35,996 [INFO] httpx: HTTP Request: GET https://data.binance.vision/data/futures/um/daily/metrics/BTCUSDT/BTCUSDT-metrics-2026-06-04.zip.CHECKSUM "HTTP/1.1 200 OK"
2026-09-27 22:50:36,298 [INFO] httpx: HTTP Request: GET https://data.binance.vision/data/futures/um/daily/metrics/BTCUSDT/BTCUSDT-metrics-2026-06-05.zip "HTTP/1.1 200 OK"
2026-09-27 22:50:36,585 [INFO] httpx: HTTP Request: GET https://data.binance.vision/data/futures/um/daily/metrics/BTCUSDT/BTCUSDT-metrics-2026-06-05.zip.CHECKSUM "HTTP/1.1 200 OK"
2026-09-27 22:50:37,371 [INFO] httpx: HTTP Request: GET https://data.binance.vision/data/futures/um/daily/metrics/BTCUSDT/BTCUSDT-metrics-2026-06-06.zip "HTTP/1.1 200 OK"
2026-09-27 22:50:38,164 [INFO] httpx: HTTP Request: GET https://data.binance.vision/data/futures/um/daily/metrics/BTCUSDT/BTCUSDT-metrics-2026-06-06.zip.CHECKSUM "HTTP/1.1 200 OK"
2026-09-27 22:50:38,456 [INFO] httpx: HTTP Request: GET https://data.binance.vision/data/futures/um/daily/metrics/BTCUSDT/BTCUSDT-metrics-2026-06-07.zip "HTTP/1.1 200 OK"
2026-09-27 22:50:39,230 [INFO] httpx: HTTP Request: GET https://data.binance.vision/data/futures/um/daily/metrics/BTCUSDT/BTCUSDT-metrics-2026-06-07.zip.CHECKSUM "HTTP/1.1 200 OK"
2026-09-27 22:50:39,555 [INFO] httpx: HTTP Request: GET https://data.binance.vision/data/futures/um/daily/metrics/BTCUSDT/BTCUSDT-metrics-2026-06-08.zip "HTTP/1.1 200 OK"
2026-09-27 22:50:39,837 [INFO] httpx: HTTP Request: GET https://data.binance.vision/data/futures/um/daily/metrics/BTCUSDT/BTCUSDT-metrics-2026-06-08.zip.CHECKSUM "HTTP/1.1 200 OK"
2026-09-27 22:50:40,198 [INFO] httpx: HTTP Request: GET https://data.binance.vision/data/futures/um/daily/metrics/BTCUSDT/BTCUSDT-metrics-2026-06-09.zip "HTTP/1.1 200 OK"
2026-09-27 22:50:40,972 [INFO] httpx: HTTP Request: GET https://data.binance.vision/data/futures/um/daily/metrics/BTCUSDT/BTCUSDT-metrics-2026-06-09.zip.CHECKSUM "HTTP/1.1 200 OK"
2026-09-27 22:50:41,303 [INFO] httpx: HTTP Request: GET https://data.binance.vision/data/futures/um/daily/metrics/BTCUSDT/BTCUSDT-metrics-2026-06-10.zip "HTTP/1.1 200 OK"
2026-09-27 22:50:42,084 [INFO] httpx: HTTP Request: GET https://data.binance.vision/data/futures/um/daily/metrics/BTCUSDT/BTCUSDT-metrics-2026-06-10.zip.CHECKSUM "HTTP/1.1 200 OK"
2026-09-27 22:50:42,871 [INFO] httpx: HTTP Request: GET https://data.binance.vision/data/futures/um/daily/metrics/BTCUSDT/BTCUSDT-metrics-2026-06-11.zip "HTTP/1.1 200 OK"
2026-09-27 22:50:43,640 [INFO] httpx: HTTP Request: GET https://data.binance.vision/data/futures/um/daily/metrics/BTCUSDT/BTCUSDT-metrics-2026-06-11.zip.CHECKSUM "HTTP/1.1 200 OK"
2026-09-27 22:50:43,945 [INFO] httpx: HTTP Request: GET https://data.binance.vision/data/futures/um/daily/metrics/BTCUSDT/BTCUSDT-metrics-2026-06-12.zip "HTTP/1.1 200 OK"
2026-09-27 22:50:44,710 [INFO] httpx: HTTP Request: GET https://data.binance.vision/data/futures/um/daily/metrics/BTCUSDT/BTCUSDT-metrics-2026-06-12.zip.CHECKSUM "HTTP/1.1 200 OK"
2026-09-27 22:50:45,007 [INFO] httpx: HTTP Request: GET https://data.binance.vision/data/futures/um/daily/metrics/BTCUSDT/BTCUSDT-metrics-2026-06-13.zip "HTTP/1.1 200 OK"
2026-09-27 22:50:45,812 [INFO] httpx: HTTP Request: GET https://data.binance.vision/data/futures/um/daily/metrics/BTCUSDT/BTCUSDT-metrics-2026-06-13.zip.CHECKSUM "HTTP/1.1 200 OK"
2026-09-27 22:50:46,608 [INFO] httpx: HTTP Request: GET https://data.binance.vision/data/futures/um/daily/metrics/BTCUSDT/BTCUSDT-metrics-2026-06-14.zip "HTTP/1.1 200 OK"
2026-09-27 22:50:47,376 [INFO] httpx: HTTP Request: GET https://data.binance.vision/data/futures/um/daily/metrics/BTCUSDT/BTCUSDT-metrics-2026-06-14.zip.CHECKSUM "HTTP/1.1 200 OK"
2026-09-27 22:50:48,163 [INFO] httpx: HTTP Request: GET https://data.binance.vision/data/futures/um/daily/metrics/BTCUSDT/BTCUSDT-metrics-2026-06-15.zip "HTTP/1.1 200 OK"
2026-09-27 22:50:48,442 [INFO] httpx: HTTP Request: GET https://data.binance.vision/data/futures/um/daily/metrics/BTCUSDT/BTCUSDT-metrics-2026-06-15.zip.CHECKSUM "HTTP/1.1 200 OK"
2026-09-27 22:50:49,222 [INFO] httpx: HTTP Request: GET https://data.binance.vision/data/futures/um/daily/metrics/BTCUSDT/BTCUSDT-metrics-2026-06-16.zip "HTTP/1.1 200 OK"
2026-09-27 22:50:49,734 [INFO] httpx: HTTP Request: GET https://data.binance.vision/data/futures/um/daily/metrics/BTCUSDT/BTCUSDT-metrics-2026-06-16.zip.CHECKSUM "HTTP/1.1 200 OK"
2026-09-27 22:50:50,031 [INFO] httpx: HTTP Request: GET https://data.binance.vision/data/futures/um/daily/metrics/BTCUSDT/BTCUSDT-metrics-2026-06-17.zip "HTTP/1.1 200 OK"
2026-09-27 22:50:50,536 [INFO] httpx: HTTP Request: GET https://data.binance.vision/data/futures/um/daily/metrics/BTCUSDT/BTCUSDT-metrics-2026-06-17.zip.CHECKSUM "HTTP/1.1 200 OK"
2026-09-27 22:50:50,870 [INFO] httpx: HTTP Request: GET https://data.binance.vision/data/futures/um/daily/metrics/BTCUSDT/BTCUSDT-metrics-2026-06-18.zip "HTTP/1.1 200 OK"
2026-09-27 22:50:51,641 [INFO] httpx: HTTP Request: GET https://data.binance.vision/data/futures/um/daily/metrics/BTCUSDT/BTCUSDT-metrics-2026-06-18.zip.CHECKSUM "HTTP/1.1 200 OK"
2026-09-27 22:50:52,257 [INFO] httpx: HTTP Request: GET https://data.binance.vision/data/futures/um/daily/metrics/BTCUSDT/BTCUSDT-metrics-2026-06-19.zip "HTTP/1.1 200 OK"
2026-09-27 22:50:53,022 [INFO] httpx: HTTP Request: GET https://data.binance.vision/data/futures/um/daily/metrics/BTCUSDT/BTCUSDT-metrics-2026-06-19.zip.CHECKSUM "HTTP/1.1 200 OK"
2026-09-27 22:50:53,310 [INFO] httpx: HTTP Request: GET https://data.binance.vision/data/futures/um/daily/metrics/BTCUSDT/BTCUSDT-metrics-2026-06-20.zip "HTTP/1.1 200 OK"
2026-09-27 22:50:53,825 [INFO] httpx: HTTP Request: GET https://data.binance.vision/data/futures/um/daily/metrics/BTCUSDT/BTCUSDT-metrics-2026-06-20.zip.CHECKSUM "HTTP/1.1 200 OK"
2026-09-27 22:50:54,590 [INFO] httpx: HTTP Request: GET https://data.binance.vision/data/futures/um/daily/metrics/BTCUSDT/BTCUSDT-metrics-2026-06-21.zip "HTTP/1.1 200 OK"
2026-09-27 22:50:54,866 [INFO] httpx: HTTP Request: GET https://data.binance.vision/data/futures/um/daily/metrics/BTCUSDT/BTCUSDT-metrics-2026-06-21.zip.CHECKSUM "HTTP/1.1 200 OK"
2026-09-27 22:50:55,156 [INFO] httpx: HTTP Request: GET https://data.binance.vision/data/futures/um/daily/metrics/BTCUSDT/BTCUSDT-metrics-2026-06-22.zip "HTTP/1.1 200 OK"
2026-09-27 22:50:55,920 [INFO] httpx: HTTP Request: GET https://data.binance.vision/data/futures/um/daily/metrics/BTCUSDT/BTCUSDT-metrics-2026-06-22.zip.CHECKSUM "HTTP/1.1 200 OK"
2026-09-27 22:50:56,700 [INFO] httpx: HTTP Request: GET https://data.binance.vision/data/futures/um/daily/metrics/BTCUSDT/BTCUSDT-metrics-2026-06-23.zip "HTTP/1.1 200 OK"
2026-09-27 22:50:57,472 [INFO] httpx: HTTP Request: GET https://data.binance.vision/data/futures/um/daily/metrics/BTCUSDT/BTCUSDT-metrics-2026-06-23.zip.CHECKSUM "HTTP/1.1 200 OK"
2026-09-27 22:50:57,761 [INFO] httpx: HTTP Request: GET https://data.binance.vision/data/futures/um/daily/metrics/BTCUSDT/BTCUSDT-metrics-2026-06-24.zip "HTTP/1.1 200 OK"
2026-09-27 22:50:58,041 [INFO] httpx: HTTP Request: GET https://data.binance.vision/data/futures/um/daily/metrics/BTCUSDT/BTCUSDT-metrics-2026-06-24.zip.CHECKSUM "HTTP/1.1 200 OK"
2026-09-27 22:51:00,328 [INFO] httpx: HTTP Request: GET https://data.binance.vision/data/futures/um/daily/metrics/BTCUSDT/BTCUSDT-metrics-2026-06-25.zip "HTTP/1.1 200 OK"
2026-09-27 22:51:00,615 [INFO] httpx: HTTP Request: GET https://data.binance.vision/data/futures/um/daily/metrics/BTCUSDT/BTCUSDT-metrics-2026-06-25.zip.CHECKSUM "HTTP/1.1 200 OK"
2026-09-27 22:51:00,922 [INFO] httpx: HTTP Request: GET https://data.binance.vision/data/futures/um/daily/metrics/BTCUSDT/BTCUSDT-metrics-2026-06-26.zip "HTTP/1.1 200 OK"
2026-09-27 22:51:01,211 [INFO] httpx: HTTP Request: GET https://data.binance.vision/data/futures/um/daily/metrics/BTCUSDT/BTCUSDT-metrics-2026-06-26.zip.CHECKSUM "HTTP/1.1 200 OK"
2026-09-27 22:51:01,501 [INFO] httpx: HTTP Request: GET https://data.binance.vision/data/futures/um/daily/metrics/BTCUSDT/BTCUSDT-metrics-2026-06-27.zip "HTTP/1.1 200 OK"
2026-09-27 22:51:02,265 [INFO] httpx: HTTP Request: GET https://data.binance.vision/data/futures/um/daily/metrics/BTCUSDT/BTCUSDT-metrics-2026-06-27.zip.CHECKSUM "HTTP/1.1 200 OK"
2026-09-27 22:51:03,051 [INFO] httpx: HTTP Request: GET https://data.binance.vision/data/futures/um/daily/metrics/BTCUSDT/BTCUSDT-metrics-2026-06-28.zip "HTTP/1.1 200 OK"
2026-09-27 22:51:03,819 [INFO] httpx: HTTP Request: GET https://data.binance.vision/data/futures/um/daily/metrics/BTCUSDT/BTCUSDT-metrics-2026-06-28.zip.CHECKSUM "HTTP/1.1 200 OK"
2026-09-27 22:51:04,597 [INFO] httpx: HTTP Request: GET https://data.binance.vision/data/futures/um/daily/metrics/BTCUSDT/BTCUSDT-metrics-2026-06-29.zip "HTTP/1.1 200 OK"
2026-09-27 22:51:04,990 [INFO] httpx: HTTP Request: GET https://data.binance.vision/data/futures/um/daily/metrics/BTCUSDT/BTCUSDT-metrics-2026-06-29.zip.CHECKSUM "HTTP/1.1 200 OK"
2026-09-27 22:51:05,762 [INFO] httpx: HTTP Request: GET https://data.binance.vision/data/futures/um/daily/metrics/BTCUSDT/BTCUSDT-metrics-2026-06-30.zip "HTTP/1.1 200 OK"
2026-09-27 22:51:06,246 [INFO] httpx: HTTP Request: GET https://data.binance.vision/data/futures/um/daily/metrics/BTCUSDT/BTCUSDT-metrics-2026-06-30.zip.CHECKSUM "HTTP/1.1 200 OK"
2026-09-27 22:51:07,045 [INFO] httpx: HTTP Request: GET https://data.binance.vision/data/futures/um/daily/metrics/BTCUSDT/BTCUSDT-metrics-2026-07-01.zip "HTTP/1.1 200 OK"
2026-09-27 22:51:07,332 [INFO] httpx: HTTP Request: GET https://data.binance.vision/data/futures/um/daily/metrics/BTCUSDT/BTCUSDT-metrics-2026-07-01.zip.CHECKSUM "HTTP/1.1 200 OK"
2026-09-27 22:51:07,972 [INFO] httpx: HTTP Request: GET https://data.binance.vision/data/futures/um/daily/metrics/BTCUSDT/BTCUSDT-metrics-2026-07-02.zip "HTTP/1.1 200 OK"
2026-09-27 22:51:08,744 [INFO] httpx: HTTP Request: GET https://data.binance.vision/data/futures/um/daily/metrics/BTCUSDT/BTCUSDT-metrics-2026-07-02.zip.CHECKSUM "HTTP/1.1 200 OK"
2026-09-27 22:51:09,574 [INFO] httpx: HTTP Request: GET https://data.binance.vision/data/futures/um/daily/metrics/BTCUSDT/BTCUSDT-metrics-2026-07-03.zip "HTTP/1.1 200 OK"
2026-09-27 22:51:09,965 [INFO] httpx: HTTP Request: GET https://data.binance.vision/data/futures/um/daily/metrics/BTCUSDT/BTCUSDT-metrics-2026-07-03.zip.CHECKSUM "HTTP/1.1 200 OK"
2026-09-27 22:51:10,263 [INFO] httpx: HTTP Request: GET https://data.binance.vision/data/futures/um/daily/metrics/BTCUSDT/BTCUSDT-metrics-2026-07-04.zip "HTTP/1.1 200 OK"
2026-09-27 22:51:10,543 [INFO] httpx: HTTP Request: GET https://data.binance.vision/data/futures/um/daily/metrics/BTCUSDT/BTCUSDT-metrics-2026-07-04.zip.CHECKSUM "HTTP/1.1 200 OK"
2026-09-27 22:51:10,849 [INFO] httpx: HTTP Request: GET https://data.binance.vision/data/futures/um/daily/metrics/BTCUSDT/BTCUSDT-metrics-2026-07-05.zip "HTTP/1.1 200 OK"
2026-09-27 22:51:11,124 [INFO] httpx: HTTP Request: GET https://data.binance.vision/data/futures/um/daily/metrics/BTCUSDT/BTCUSDT-metrics-2026-07-05.zip.CHECKSUM "HTTP/1.1 200 OK"
2026-09-27 22:51:11,409 [INFO] httpx: HTTP Request: GET https://data.binance.vision/data/futures/um/daily/metrics/BTCUSDT/BTCUSDT-metrics-2026-07-06.zip "HTTP/1.1 200 OK"
2026-09-27 22:51:12,195 [INFO] httpx: HTTP Request: GET https://data.binance.vision/data/futures/um/daily/metrics/BTCUSDT/BTCUSDT-metrics-2026-07-06.zip.CHECKSUM "HTTP/1.1 200 OK"
2026-09-27 22:51:12,973 [INFO] httpx: HTTP Request: GET https://data.binance.vision/data/futures/um/daily/metrics/BTCUSDT/BTCUSDT-metrics-2026-07-07.zip "HTTP/1.1 200 OK"
2026-09-27 22:51:13,250 [INFO] httpx: HTTP Request: GET https://data.binance.vision/data/futures/um/daily/metrics/BTCUSDT/BTCUSDT-metrics-2026-07-07.zip.CHECKSUM "HTTP/1.1 200 OK"
2026-09-27 22:51:14,035 [INFO] httpx: HTTP Request: GET https://data.binance.vision/data/futures/um/daily/metrics/BTCUSDT/BTCUSDT-metrics-2026-07-08.zip "HTTP/1.1 200 OK"
2026-09-27 22:51:14,320 [INFO] httpx: HTTP Request: GET https://data.binance.vision/data/futures/um/daily/metrics/BTCUSDT/BTCUSDT-metrics-2026-07-08.zip.CHECKSUM "HTTP/1.1 200 OK"
2026-09-27 22:51:15,090 [INFO] httpx: HTTP Request: GET https://data.binance.vision/data/futures/um/daily/metrics/BTCUSDT/BTCUSDT-metrics-2026-07-09.zip "HTTP/1.1 200 OK"
2026-09-27 22:51:15,860 [INFO] httpx: HTTP Request: GET https://data.binance.vision/data/futures/um/daily/metrics/BTCUSDT/BTCUSDT-metrics-2026-07-09.zip.CHECKSUM "HTTP/1.1 200 OK"
2026-09-27 22:51:16,640 [INFO] httpx: HTTP Request: GET https://data.binance.vision/data/futures/um/daily/metrics/BTCUSDT/BTCUSDT-metrics-2026-07-10.zip "HTTP/1.1 200 OK"
2026-09-27 22:51:16,932 [INFO] httpx: HTTP Request: GET https://data.binance.vision/data/futures/um/daily/metrics/BTCUSDT/BTCUSDT-metrics-2026-07-10.zip.CHECKSUM "HTTP/1.1 200 OK"
2026-09-27 22:51:17,724 [INFO] httpx: HTTP Request: GET https://data.binance.vision/data/futures/um/daily/metrics/BTCUSDT/BTCUSDT-metrics-2026-07-11.zip "HTTP/1.1 200 OK"
2026-09-27 22:51:18,540 [INFO] httpx: HTTP Request: GET https://data.binance.vision/data/futures/um/daily/metrics/BTCUSDT/BTCUSDT-metrics-2026-07-11.zip.CHECKSUM "HTTP/1.1 200 OK"
2026-09-27 22:51:18,838 [INFO] httpx: HTTP Request: GET https://data.binance.vision/data/futures/um/daily/metrics/BTCUSDT/BTCUSDT-metrics-2026-07-12.zip "HTTP/1.1 200 OK"
2026-09-27 22:51:19,424 [INFO] httpx: HTTP Request: GET https://data.binance.vision/data/futures/um/daily/metrics/BTCUSDT/BTCUSDT-metrics-2026-07-12.zip.CHECKSUM "HTTP/1.1 200 OK"
2026-09-27 22:51:19,746 [INFO] httpx: HTTP Request: GET https://data.binance.vision/data/futures/um/daily/metrics/BTCUSDT/BTCUSDT-metrics-2026-07-13.zip "HTTP/1.1 200 OK"
2026-09-27 22:51:20,060 [INFO] httpx: HTTP Request: GET https://data.binance.vision/data/futures/um/daily/metrics/BTCUSDT/BTCUSDT-metrics-2026-07-13.zip.CHECKSUM "HTTP/1.1 200 OK"
2026-09-27 22:51:20,353 [INFO] httpx: HTTP Request: GET https://data.binance.vision/data/futures/um/daily/metrics/BTCUSDT/BTCUSDT-metrics-2026-07-14.zip "HTTP/1.1 200 OK"
2026-09-27 22:51:20,645 [INFO] httpx: HTTP Request: GET https://data.binance.vision/data/futures/um/daily/metrics/BTCUSDT/BTCUSDT-metrics-2026-07-14.zip.CHECKSUM "HTTP/1.1 200 OK"
2026-09-27 22:51:20,975 [INFO] httpx: HTTP Request: GET https://data.binance.vision/data/futures/um/daily/metrics/BTCUSDT/BTCUSDT-metrics-2026-07-15.zip "HTTP/1.1 200 OK"
2026-09-27 22:51:21,763 [INFO] httpx: HTTP Request: GET https://data.binance.vision/data/futures/um/daily/metrics/BTCUSDT/BTCUSDT-metrics-2026-07-15.zip.CHECKSUM "HTTP/1.1 200 OK"
2026-09-27 22:51:22,555 [INFO] httpx: HTTP Request: GET https://data.binance.vision/data/futures/um/daily/metrics/BTCUSDT/BTCUSDT-metrics-2026-07-16.zip "HTTP/1.1 200 OK"
2026-09-27 22:51:23,347 [INFO] httpx: HTTP Request: GET https://data.binance.vision/data/futures/um/daily/metrics/BTCUSDT/BTCUSDT-metrics-2026-07-16.zip.CHECKSUM "HTTP/1.1 200 OK"
2026-09-27 22:51:23,877 [INFO] httpx: HTTP Request: GET https://data.binance.vision/data/futures/um/daily/metrics/BTCUSDT/BTCUSDT-metrics-2026-07-17.zip "HTTP/1.1 200 OK"
2026-09-27 22:51:24,178 [INFO] httpx: HTTP Request: GET https://data.binance.vision/data/futures/um/daily/metrics/BTCUSDT/BTCUSDT-metrics-2026-07-17.zip.CHECKSUM "HTTP/1.1 200 OK"
2026-09-27 22:51:24,476 [INFO] httpx: HTTP Request: GET https://data.binance.vision/data/futures/um/daily/metrics/BTCUSDT/BTCUSDT-metrics-2026-07-18.zip "HTTP/1.1 200 OK"
2026-09-27 22:51:24,766 [INFO] httpx: HTTP Request: GET https://data.binance.vision/data/futures/um/daily/metrics/BTCUSDT/BTCUSDT-metrics-2026-07-18.zip.CHECKSUM "HTTP/1.1 200 OK"
2026-09-27 22:51:25,061 [INFO] httpx: HTTP Request: GET https://data.binance.vision/data/futures/um/daily/metrics/BTCUSDT/BTCUSDT-metrics-2026-07-19.zip "HTTP/1.1 200 OK"
2026-09-27 22:51:25,352 [INFO] httpx: HTTP Request: GET https://data.binance.vision/data/futures/um/daily/metrics/BTCUSDT/BTCUSDT-metrics-2026-07-19.zip.CHECKSUM "HTTP/1.1 200 OK"
2026-09-27 22:51:25,936 [INFO] httpx: HTTP Request: GET https://data.binance.vision/data/futures/um/daily/metrics/BTCUSDT/BTCUSDT-metrics-2026-07-20.zip "HTTP/1.1 200 OK"
2026-09-27 22:51:26,725 [INFO] httpx: HTTP Request: GET https://data.binance.vision/data/futures/um/daily/metrics/BTCUSDT/BTCUSDT-metrics-2026-07-20.zip.CHECKSUM "HTTP/1.1 200 OK"
2026-09-27 22:51:27,027 [INFO] httpx: HTTP Request: GET https://data.binance.vision/data/futures/um/daily/metrics/BTCUSDT/BTCUSDT-metrics-2026-07-21.zip "HTTP/1.1 200 OK"
2026-09-27 22:51:27,339 [INFO] httpx: HTTP Request: GET https://data.binance.vision/data/futures/um/daily/metrics/BTCUSDT/BTCUSDT-metrics-2026-07-21.zip.CHECKSUM "HTTP/1.1 200 OK"
2026-09-27 22:51:27,660 [INFO] httpx: HTTP Request: GET https://data.binance.vision/data/futures/um/daily/metrics/BTCUSDT/BTCUSDT-metrics-2026-07-22.zip "HTTP/1.1 200 OK"
2026-09-27 22:51:28,532 [INFO] httpx: HTTP Request: GET https://data.binance.vision/data/futures/um/daily/metrics/BTCUSDT/BTCUSDT-metrics-2026-07-22.zip.CHECKSUM "HTTP/1.1 200 OK"
2026-09-27 22:51:29,334 [INFO] httpx: HTTP Request: GET https://data.binance.vision/data/futures/um/daily/metrics/BTCUSDT/BTCUSDT-metrics-2026-07-23.zip "HTTP/1.1 200 OK"
2026-09-27 22:51:30,131 [INFO] httpx: HTTP Request: GET https://data.binance.vision/data/futures/um/daily/metrics/BTCUSDT/BTCUSDT-metrics-2026-07-23.zip.CHECKSUM "HTTP/1.1 200 OK"
2026-09-27 22:51:30,435 [INFO] httpx: HTTP Request: GET https://data.binance.vision/data/futures/um/daily/metrics/BTCUSDT/BTCUSDT-metrics-2026-07-24.zip "HTTP/1.1 200 OK"
2026-09-27 22:51:31,259 [INFO] httpx: HTTP Request: GET https://data.binance.vision/data/futures/um/daily/metrics/BTCUSDT/BTCUSDT-metrics-2026-07-24.zip.CHECKSUM "HTTP/1.1 200 OK"
2026-09-27 22:51:32,151 [INFO] httpx: HTTP Request: GET https://data.binance.vision/data/futures/um/daily/metrics/BTCUSDT/BTCUSDT-metrics-2026-07-25.zip "HTTP/1.1 200 OK"
2026-09-27 22:51:34,709 [INFO] httpx: HTTP Request: GET https://data.binance.vision/data/futures/um/daily/metrics/BTCUSDT/BTCUSDT-metrics-2026-07-25.zip.CHECKSUM "HTTP/1.1 200 OK"
2026-09-27 22:51:35,532 [INFO] httpx: HTTP Request: GET https://data.binance.vision/data/futures/um/daily/metrics/BTCUSDT/BTCUSDT-metrics-2026-07-26.zip "HTTP/1.1 200 OK"
2026-09-27 22:51:35,838 [INFO] httpx: HTTP Request: GET https://data.binance.vision/data/futures/um/daily/metrics/BTCUSDT/BTCUSDT-metrics-2026-07-26.zip.CHECKSUM "HTTP/1.1 200 OK"
2026-09-27 22:51:36,132 [INFO] httpx: HTTP Request: GET https://data.binance.vision/data/futures/um/daily/metrics/BTCUSDT/BTCUSDT-metrics-2026-07-27.zip "HTTP/1.1 200 OK"
2026-09-27 22:51:36,421 [INFO] httpx: HTTP Request: GET https://data.binance.vision/data/futures/um/daily/metrics/BTCUSDT/BTCUSDT-metrics-2026-07-27.zip.CHECKSUM "HTTP/1.1 200 OK"
2026-09-27 22:51:36,724 [INFO] httpx: HTTP Request: GET https://data.binance.vision/data/futures/um/daily/metrics/BTCUSDT/BTCUSDT-metrics-2026-07-28.zip "HTTP/1.1 200 OK"
2026-09-27 22:51:37,048 [INFO] httpx: HTTP Request: GET https://data.binance.vision/data/futures/um/daily/metrics/BTCUSDT/BTCUSDT-metrics-2026-07-28.zip.CHECKSUM "HTTP/1.1 200 OK"
2026-09-27 22:51:37,827 [INFO] httpx: HTTP Request: GET https://data.binance.vision/data/futures/um/daily/metrics/BTCUSDT/BTCUSDT-metrics-2026-07-29.zip "HTTP/1.1 200 OK"
2026-09-27 22:51:38,599 [INFO] httpx: HTTP Request: GET https://data.binance.vision/data/futures/um/daily/metrics/BTCUSDT/BTCUSDT-metrics-2026-07-29.zip.CHECKSUM "HTTP/1.1 200 OK"
2026-09-27 22:51:39,072 [INFO] httpx: HTTP Request: GET https://data.binance.vision/data/futures/um/daily/metrics/BTCUSDT/BTCUSDT-metrics-2026-07-30.zip "HTTP/1.1 200 OK"
2026-09-27 22:51:39,360 [INFO] httpx: HTTP Request: GET https://data.binance.vision/data/futures/um/daily/metrics/BTCUSDT/BTCUSDT-metrics-2026-07-30.zip.CHECKSUM "HTTP/1.1 200 OK"
2026-09-27 22:51:40,134 [INFO] httpx: HTTP Request: GET https://data.binance.vision/data/futures/um/daily/metrics/BTCUSDT/BTCUSDT-metrics-2026-07-31.zip "HTTP/1.1 200 OK"
2026-09-27 22:51:40,427 [INFO] httpx: HTTP Request: GET https://data.binance.vision/data/futures/um/daily/metrics/BTCUSDT/BTCUSDT-metrics-2026-07-31.zip.CHECKSUM "HTTP/1.1 200 OK"
2026-09-27 22:51:41,219 [INFO] httpx: HTTP Request: GET https://data.binance.vision/data/futures/um/daily/metrics/BTCUSDT/BTCUSDT-metrics-2026-08-01.zip "HTTP/1.1 200 OK"
2026-09-27 22:51:41,495 [INFO] httpx: HTTP Request: GET https://data.binance.vision/data/futures/um/daily/metrics/BTCUSDT/BTCUSDT-metrics-2026-08-01.zip.CHECKSUM "HTTP/1.1 200 OK"
2026-09-27 22:51:41,862 [INFO] httpx: HTTP Request: GET https://data.binance.vision/data/futures/um/daily/metrics/BTCUSDT/BTCUSDT-metrics-2026-08-02.zip "HTTP/1.1 200 OK"
2026-09-27 22:51:42,628 [INFO] httpx: HTTP Request: GET https://data.binance.vision/data/futures/um/daily/metrics/BTCUSDT/BTCUSDT-metrics-2026-08-02.zip.CHECKSUM "HTTP/1.1 200 OK"
2026-09-27 22:51:43,417 [INFO] httpx: HTTP Request: GET https://data.binance.vision/data/futures/um/daily/metrics/BTCUSDT/BTCUSDT-metrics-2026-08-03.zip "HTTP/1.1 200 OK"
2026-09-27 22:51:43,704 [INFO] httpx: HTTP Request: GET https://data.binance.vision/data/futures/um/daily/metrics/BTCUSDT/BTCUSDT-metrics-2026-08-03.zip.CHECKSUM "HTTP/1.1 200 OK"
2026-09-27 22:51:44,494 [INFO] httpx: HTTP Request: GET https://data.binance.vision/data/futures/um/daily/metrics/BTCUSDT/BTCUSDT-metrics-2026-08-04.zip "HTTP/1.1 200 OK"
2026-09-27 22:51:45,368 [INFO] httpx: HTTP Request: GET https://data.binance.vision/data/futures/um/daily/metrics/BTCUSDT/BTCUSDT-metrics-2026-08-04.zip.CHECKSUM "HTTP/1.1 200 OK"
2026-09-27 22:51:45,690 [INFO] httpx: HTTP Request: GET https://data.binance.vision/data/futures/um/daily/metrics/BTCUSDT/BTCUSDT-metrics-2026-08-05.zip "HTTP/1.1 200 OK"
2026-09-27 22:51:46,451 [INFO] httpx: HTTP Request: GET https://data.binance.vision/data/futures/um/daily/metrics/BTCUSDT/BTCUSDT-metrics-2026-08-05.zip.CHECKSUM "HTTP/1.1 200 OK"
2026-09-27 22:51:47,262 [INFO] httpx: HTTP Request: GET https://data.binance.vision/data/futures/um/daily/metrics/BTCUSDT/BTCUSDT-metrics-2026-08-06.zip "HTTP/1.1 200 OK"
2026-09-27 22:51:48,028 [INFO] httpx: HTTP Request: GET https://data.binance.vision/data/futures/um/daily/metrics/BTCUSDT/BTCUSDT-metrics-2026-08-06.zip.CHECKSUM "HTTP/1.1 200 OK"
2026-09-27 22:51:48,817 [INFO] httpx: HTTP Request: GET https://data.binance.vision/data/futures/um/daily/metrics/BTCUSDT/BTCUSDT-metrics-2026-08-07.zip "HTTP/1.1 200 OK"
2026-09-27 22:51:49,574 [INFO] httpx: HTTP Request: GET https://data.binance.vision/data/futures/um/daily/metrics/BTCUSDT/BTCUSDT-metrics-2026-08-07.zip.CHECKSUM "HTTP/1.1 200 OK"
2026-09-27 22:51:50,352 [INFO] httpx: HTTP Request: GET https://data.binance.vision/data/futures/um/daily/metrics/BTCUSDT/BTCUSDT-metrics-2026-08-08.zip "HTTP/1.1 200 OK"
2026-09-27 22:51:51,139 [INFO] httpx: HTTP Request: GET https://data.binance.vision/data/futures/um/daily/metrics/BTCUSDT/BTCUSDT-metrics-2026-08-08.zip.CHECKSUM "HTTP/1.1 200 OK"
2026-09-27 22:51:51,927 [INFO] httpx: HTTP Request: GET https://data.binance.vision/data/futures/um/daily/metrics/BTCUSDT/BTCUSDT-metrics-2026-08-09.zip "HTTP/1.1 200 OK"
2026-09-27 22:51:52,694 [INFO] httpx: HTTP Request: GET https://data.binance.vision/data/futures/um/daily/metrics/BTCUSDT/BTCUSDT-metrics-2026-08-09.zip.CHECKSUM "HTTP/1.1 200 OK"
2026-09-27 22:51:53,463 [INFO] httpx: HTTP Request: GET https://data.binance.vision/data/futures/um/daily/metrics/BTCUSDT/BTCUSDT-metrics-2026-08-10.zip "HTTP/1.1 200 OK"
2026-09-27 22:51:53,754 [INFO] httpx: HTTP Request: GET https://data.binance.vision/data/futures/um/daily/metrics/BTCUSDT/BTCUSDT-metrics-2026-08-10.zip.CHECKSUM "HTTP/1.1 200 OK"
2026-09-27 22:51:54,547 [INFO] httpx: HTTP Request: GET https://data.binance.vision/data/futures/um/daily/metrics/BTCUSDT/BTCUSDT-metrics-2026-08-11.zip "HTTP/1.1 200 OK"
2026-09-27 22:51:55,312 [INFO] httpx: HTTP Request: GET https://data.binance.vision/data/futures/um/daily/metrics/BTCUSDT/BTCUSDT-metrics-2026-08-11.zip.CHECKSUM "HTTP/1.1 200 OK"
2026-09-27 22:51:56,097 [INFO] httpx: HTTP Request: GET https://data.binance.vision/data/futures/um/daily/metrics/BTCUSDT/BTCUSDT-metrics-2026-08-12.zip "HTTP/1.1 200 OK"
2026-09-27 22:51:56,858 [INFO] httpx: HTTP Request: GET https://data.binance.vision/data/futures/um/daily/metrics/BTCUSDT/BTCUSDT-metrics-2026-08-12.zip.CHECKSUM "HTTP/1.1 200 OK"
2026-09-27 22:51:57,655 [INFO] httpx: HTTP Request: GET https://data.binance.vision/data/futures/um/daily/metrics/BTCUSDT/BTCUSDT-metrics-2026-08-13.zip "HTTP/1.1 200 OK"
2026-09-27 22:51:58,442 [INFO] httpx: HTTP Request: GET https://data.binance.vision/data/futures/um/daily/metrics/BTCUSDT/BTCUSDT-metrics-2026-08-13.zip.CHECKSUM "HTTP/1.1 200 OK"
2026-09-27 22:51:59,227 [INFO] httpx: HTTP Request: GET https://data.binance.vision/data/futures/um/daily/metrics/BTCUSDT/BTCUSDT-metrics-2026-08-14.zip "HTTP/1.1 200 OK"
2026-09-27 22:52:00,010 [INFO] httpx: HTTP Request: GET https://data.binance.vision/data/futures/um/daily/metrics/BTCUSDT/BTCUSDT-metrics-2026-08-14.zip.CHECKSUM "HTTP/1.1 200 OK"
2026-09-27 22:52:00,810 [INFO] httpx: HTTP Request: GET https://data.binance.vision/data/futures/um/daily/metrics/BTCUSDT/BTCUSDT-metrics-2026-08-15.zip "HTTP/1.1 200 OK"
2026-09-27 22:52:01,585 [INFO] httpx: HTTP Request: GET https://data.binance.vision/data/futures/um/daily/metrics/BTCUSDT/BTCUSDT-metrics-2026-08-15.zip.CHECKSUM "HTTP/1.1 200 OK"
2026-09-27 22:52:02,363 [INFO] httpx: HTTP Request: GET https://data.binance.vision/data/futures/um/daily/metrics/BTCUSDT/BTCUSDT-metrics-2026-08-16.zip "HTTP/1.1 200 OK"
2026-09-27 22:52:03,118 [INFO] httpx: HTTP Request: GET https://data.binance.vision/data/futures/um/daily/metrics/BTCUSDT/BTCUSDT-metrics-2026-08-16.zip.CHECKSUM "HTTP/1.1 200 OK"
2026-09-27 22:52:03,882 [INFO] httpx: HTTP Request: GET https://data.binance.vision/data/futures/um/daily/metrics/BTCUSDT/BTCUSDT-metrics-2026-08-17.zip "HTTP/1.1 200 OK"
2026-09-27 22:52:04,636 [INFO] httpx: HTTP Request: GET https://data.binance.vision/data/futures/um/daily/metrics/BTCUSDT/BTCUSDT-metrics-2026-08-17.zip.CHECKSUM "HTTP/1.1 200 OK"
2026-09-27 22:52:04,935 [INFO] httpx: HTTP Request: GET https://data.binance.vision/data/futures/um/daily/metrics/BTCUSDT/BTCUSDT-metrics-2026-08-18.zip "HTTP/1.1 200 OK"
2026-09-27 22:52:05,217 [INFO] httpx: HTTP Request: GET https://data.binance.vision/data/futures/um/daily/metrics/BTCUSDT/BTCUSDT-metrics-2026-08-18.zip.CHECKSUM "HTTP/1.1 200 OK"
2026-09-27 22:52:06,006 [INFO] httpx: HTTP Request: GET https://data.binance.vision/data/futures/um/daily/metrics/BTCUSDT/BTCUSDT-metrics-2026-08-19.zip "HTTP/1.1 200 OK"
2026-09-27 22:52:08,678 [INFO] httpx: HTTP Request: GET https://data.binance.vision/data/futures/um/daily/metrics/BTCUSDT/BTCUSDT-metrics-2026-08-19.zip.CHECKSUM "HTTP/1.1 200 OK"
2026-09-27 22:52:09,475 [INFO] httpx: HTTP Request: GET https://data.binance.vision/data/futures/um/daily/metrics/BTCUSDT/BTCUSDT-metrics-2026-08-20.zip "HTTP/1.1 200 OK"
2026-09-27 22:52:09,772 [INFO] httpx: HTTP Request: GET https://data.binance.vision/data/futures/um/daily/metrics/BTCUSDT/BTCUSDT-metrics-2026-08-20.zip.CHECKSUM "HTTP/1.1 200 OK"
2026-09-27 22:52:10,295 [INFO] httpx: HTTP Request: GET https://data.binance.vision/data/futures/um/daily/metrics/BTCUSDT/BTCUSDT-metrics-2026-08-21.zip "HTTP/1.1 200 OK"
2026-09-27 22:52:11,082 [INFO] httpx: HTTP Request: GET https://data.binance.vision/data/futures/um/daily/metrics/BTCUSDT/BTCUSDT-metrics-2026-08-21.zip.CHECKSUM "HTTP/1.1 200 OK"
2026-09-27 22:52:11,882 [INFO] httpx: HTTP Request: GET https://data.binance.vision/data/futures/um/daily/metrics/BTCUSDT/BTCUSDT-metrics-2026-08-22.zip "HTTP/1.1 200 OK"
2026-09-27 22:52:12,671 [INFO] httpx: HTTP Request: GET https://data.binance.vision/data/futures/um/daily/metrics/BTCUSDT/BTCUSDT-metrics-2026-08-22.zip.CHECKSUM "HTTP/1.1 200 OK"
2026-09-27 22:52:13,477 [INFO] httpx: HTTP Request: GET https://data.binance.vision/data/futures/um/daily/metrics/BTCUSDT/BTCUSDT-metrics-2026-08-23.zip "HTTP/1.1 200 OK"
2026-09-27 22:52:13,766 [INFO] httpx: HTTP Request: GET https://data.binance.vision/data/futures/um/daily/metrics/BTCUSDT/BTCUSDT-metrics-2026-08-23.zip.CHECKSUM "HTTP/1.1 200 OK"
2026-09-27 22:52:14,083 [INFO] httpx: HTTP Request: GET https://data.binance.vision/data/futures/um/daily/metrics/BTCUSDT/BTCUSDT-metrics-2026-08-24.zip "HTTP/1.1 200 OK"
2026-09-27 22:52:14,922 [INFO] httpx: HTTP Request: GET https://data.binance.vision/data/futures/um/daily/metrics/BTCUSDT/BTCUSDT-metrics-2026-08-24.zip.CHECKSUM "HTTP/1.1 200 OK"
2026-09-27 22:52:15,738 [INFO] httpx: HTTP Request: GET https://data.binance.vision/data/futures/um/daily/metrics/BTCUSDT/BTCUSDT-metrics-2026-08-25.zip "HTTP/1.1 200 OK"
2026-09-27 22:52:16,533 [INFO] httpx: HTTP Request: GET https://data.binance.vision/data/futures/um/daily/metrics/BTCUSDT/BTCUSDT-metrics-2026-08-25.zip.CHECKSUM "HTTP/1.1 200 OK"
2026-09-27 22:52:17,397 [INFO] httpx: HTTP Request: GET https://data.binance.vision/data/futures/um/daily/metrics/BTCUSDT/BTCUSDT-metrics-2026-08-26.zip "HTTP/1.1 200 OK"
2026-09-27 22:52:18,212 [INFO] httpx: HTTP Request: GET https://data.binance.vision/data/futures/um/daily/metrics/BTCUSDT/BTCUSDT-metrics-2026-08-26.zip.CHECKSUM "HTTP/1.1 200 OK"
2026-09-27 22:52:19,008 [INFO] httpx: HTTP Request: GET https://data.binance.vision/data/futures/um/daily/metrics/BTCUSDT/BTCUSDT-metrics-2026-08-27.zip "HTTP/1.1 200 OK"
2026-09-27 22:52:19,809 [INFO] httpx: HTTP Request: GET https://data.binance.vision/data/futures/um/daily/metrics/BTCUSDT/BTCUSDT-metrics-2026-08-27.zip.CHECKSUM "HTTP/1.1 200 OK"
2026-09-27 22:52:20,603 [INFO] httpx: HTTP Request: GET https://data.binance.vision/data/futures/um/daily/metrics/BTCUSDT/BTCUSDT-metrics-2026-08-28.zip "HTTP/1.1 200 OK"
2026-09-27 22:52:20,933 [INFO] httpx: HTTP Request: GET https://data.binance.vision/data/futures/um/daily/metrics/BTCUSDT/BTCUSDT-metrics-2026-08-28.zip.CHECKSUM "HTTP/1.1 200 OK"
2026-09-27 22:52:21,698 [INFO] httpx: HTTP Request: GET https://data.binance.vision/data/futures/um/daily/metrics/BTCUSDT/BTCUSDT-metrics-2026-08-29.zip "HTTP/1.1 200 OK"
2026-09-27 22:52:22,463 [INFO] httpx: HTTP Request: GET https://data.binance.vision/data/futures/um/daily/metrics/BTCUSDT/BTCUSDT-metrics-2026-08-29.zip.CHECKSUM "HTTP/1.1 200 OK"
2026-09-27 22:52:23,245 [INFO] httpx: HTTP Request: GET https://data.binance.vision/data/futures/um/daily/metrics/BTCUSDT/BTCUSDT-metrics-2026-08-30.zip "HTTP/1.1 200 OK"
2026-09-27 22:52:24,014 [INFO] httpx: HTTP Request: GET https://data.binance.vision/data/futures/um/daily/metrics/BTCUSDT/BTCUSDT-metrics-2026-08-30.zip.CHECKSUM "HTTP/1.1 200 OK"
2026-09-27 22:52:24,334 [INFO] httpx: HTTP Request: GET https://data.binance.vision/data/futures/um/daily/metrics/BTCUSDT/BTCUSDT-metrics-2026-08-31.zip "HTTP/1.1 200 OK"
2026-09-27 22:52:24,632 [INFO] httpx: HTTP Request: GET https://data.binance.vision/data/futures/um/daily/metrics/BTCUSDT/BTCUSDT-metrics-2026-08-31.zip.CHECKSUM "HTTP/1.1 200 OK"
2026-09-27 22:52:25,137 [INFO] httpx: HTTP Request: GET https://data.binance.vision/data/futures/um/daily/metrics/BTCUSDT/BTCUSDT-metrics-2026-09-01.zip "HTTP/1.1 200 OK"
2026-09-27 22:52:25,916 [INFO] httpx: HTTP Request: GET https://data.binance.vision/data/futures/um/daily/metrics/BTCUSDT/BTCUSDT-metrics-2026-09-01.zip.CHECKSUM "HTTP/1.1 200 OK"
2026-09-27 22:52:26,693 [INFO] httpx: HTTP Request: GET https://data.binance.vision/data/futures/um/daily/metrics/BTCUSDT/BTCUSDT-metrics-2026-09-02.zip "HTTP/1.1 200 OK"
2026-09-27 22:52:27,489 [INFO] httpx: HTTP Request: GET https://data.binance.vision/data/futures/um/daily/metrics/BTCUSDT/BTCUSDT-metrics-2026-09-02.zip.CHECKSUM "HTTP/1.1 200 OK"
2026-09-27 22:52:28,267 [INFO] httpx: HTTP Request: GET https://data.binance.vision/data/futures/um/daily/metrics/BTCUSDT/BTCUSDT-metrics-2026-09-03.zip "HTTP/1.1 200 OK"
2026-09-27 22:52:29,042 [INFO] httpx: HTTP Request: GET https://data.binance.vision/data/futures/um/daily/metrics/BTCUSDT/BTCUSDT-metrics-2026-09-03.zip.CHECKSUM "HTTP/1.1 200 OK"
2026-09-27 22:52:29,085 [INFO] GarimpoInvestimentos.v3.collectors.binance_vision: binance_vision[BTCUSDT]: 636000 OI records (metrics 5min)
2026-09-27 22:52:31,231 [INFO] httpx: HTTP Request: GET https://data.binance.vision/data/spot/monthly/klines/BTCUSDT/1h/BTCUSDT-1h-2021-01.zip "HTTP/1.1 200 OK"
2026-09-27 22:52:31,771 [INFO] httpx: HTTP Request: GET https://data.binance.vision/data/spot/monthly/klines/BTCUSDT/1h/BTCUSDT-1h-2021-01.zip.CHECKSUM "HTTP/1.1 200 OK"
2026-09-27 22:52:32,075 [INFO] httpx: HTTP Request: GET https://data.binance.vision/data/spot/monthly/klines/BTCUSDT/1h/BTCUSDT-1h-2021-02.zip "HTTP/1.1 200 OK"
2026-09-27 22:52:33,097 [INFO] httpx: HTTP Request: GET https://data.binance.vision/data/spot/monthly/klines/BTCUSDT/1h/BTCUSDT-1h-2021-02.zip.CHECKSUM "HTTP/1.1 200 OK"
2026-09-27 22:52:33,393 [INFO] httpx: HTTP Request: GET https://data.binance.vision/data/spot/monthly/klines/BTCUSDT/1h/BTCUSDT-1h-2021-03.zip "HTTP/1.1 200 OK"
2026-09-27 22:52:33,917 [INFO] httpx: HTTP Request: GET https://data.binance.vision/data/spot/monthly/klines/BTCUSDT/1h/BTCUSDT-1h-2021-03.zip.CHECKSUM "HTTP/1.1 200 OK"
2026-09-27 22:52:34,703 [INFO] httpx: HTTP Request: GET https://data.binance.vision/data/spot/monthly/klines/BTCUSDT/1h/BTCUSDT-1h-2021-04.zip "HTTP/1.1 200 OK"
2026-09-27 22:52:35,245 [INFO] httpx: HTTP Request: GET https://data.binance.vision/data/spot/monthly/klines/BTCUSDT/1h/BTCUSDT-1h-2021-04.zip.CHECKSUM "HTTP/1.1 200 OK"
2026-09-27 22:52:35,553 [INFO] httpx: HTTP Request: GET https://data.binance.vision/data/spot/monthly/klines/BTCUSDT/1h/BTCUSDT-1h-2021-05.zip "HTTP/1.1 200 OK"
2026-09-27 22:52:36,567 [INFO] httpx: HTTP Request: GET https://data.binance.vision/data/spot/monthly/klines/BTCUSDT/1h/BTCUSDT-1h-2021-05.zip.CHECKSUM "HTTP/1.1 200 OK"
2026-09-27 22:52:37,365 [INFO] httpx: HTTP Request: GET https://data.binance.vision/data/spot/monthly/klines/BTCUSDT/1h/BTCUSDT-1h-2021-06.zip "HTTP/1.1 200 OK"
2026-09-27 22:52:37,897 [INFO] httpx: HTTP Request: GET https://data.binance.vision/data/spot/monthly/klines/BTCUSDT/1h/BTCUSDT-1h-2021-06.zip.CHECKSUM "HTTP/1.1 200 OK"
2026-09-27 22:52:38,508 [INFO] httpx: HTTP Request: GET https://data.binance.vision/data/spot/monthly/klines/BTCUSDT/1h/BTCUSDT-1h-2021-07.zip "HTTP/1.1 200 OK"
2026-09-27 22:52:39,038 [INFO] httpx: HTTP Request: GET https://data.binance.vision/data/spot/monthly/klines/BTCUSDT/1h/BTCUSDT-1h-2021-07.zip.CHECKSUM "HTTP/1.1 200 OK"
2026-09-27 22:52:39,330 [INFO] httpx: HTTP Request: GET https://data.binance.vision/data/spot/monthly/klines/BTCUSDT/1h/BTCUSDT-1h-2021-08.zip "HTTP/1.1 200 OK"
2026-09-27 22:52:39,872 [INFO] httpx: HTTP Request: GET https://data.binance.vision/data/spot/monthly/klines/BTCUSDT/1h/BTCUSDT-1h-2021-08.zip.CHECKSUM "HTTP/1.1 200 OK"
2026-09-27 22:52:40,164 [INFO] httpx: HTTP Request: GET https://data.binance.vision/data/spot/monthly/klines/BTCUSDT/1h/BTCUSDT-1h-2021-09.zip "HTTP/1.1 200 OK"
2026-09-27 22:52:40,694 [INFO] httpx: HTTP Request: GET https://data.binance.vision/data/spot/monthly/klines/BTCUSDT/1h/BTCUSDT-1h-2021-09.zip.CHECKSUM "HTTP/1.1 200 OK"
2026-09-27 22:52:43,067 [INFO] httpx: HTTP Request: GET https://data.binance.vision/data/spot/monthly/klines/BTCUSDT/1h/BTCUSDT-1h-2021-10.zip "HTTP/1.1 200 OK"
2026-09-27 22:52:43,589 [INFO] httpx: HTTP Request: GET https://data.binance.vision/data/spot/monthly/klines/BTCUSDT/1h/BTCUSDT-1h-2021-10.zip.CHECKSUM "HTTP/1.1 200 OK"
2026-09-27 22:52:44,372 [INFO] httpx: HTTP Request: GET https://data.binance.vision/data/spot/monthly/klines/BTCUSDT/1h/BTCUSDT-1h-2021-11.zip "HTTP/1.1 200 OK"
2026-09-27 22:52:44,904 [INFO] httpx: HTTP Request: GET https://data.binance.vision/data/spot/monthly/klines/BTCUSDT/1h/BTCUSDT-1h-2021-11.zip.CHECKSUM "HTTP/1.1 200 OK"
2026-09-27 22:52:45,699 [INFO] httpx: HTTP Request: GET https://data.binance.vision/data/spot/monthly/klines/BTCUSDT/1h/BTCUSDT-1h-2021-12.zip "HTTP/1.1 200 OK"
2026-09-27 22:52:46,284 [INFO] httpx: HTTP Request: GET https://data.binance.vision/data/spot/monthly/klines/BTCUSDT/1h/BTCUSDT-1h-2021-12.zip.CHECKSUM "HTTP/1.1 200 OK"
2026-09-27 22:52:46,802 [INFO] httpx: HTTP Request: GET https://data.binance.vision/data/spot/monthly/klines/BTCUSDT/1h/BTCUSDT-1h-2022-01.zip "HTTP/1.1 200 OK"
2026-09-27 22:52:47,801 [INFO] httpx: HTTP Request: GET https://data.binance.vision/data/spot/monthly/klines/BTCUSDT/1h/BTCUSDT-1h-2022-01.zip.CHECKSUM "HTTP/1.1 200 OK"
2026-09-27 22:52:48,581 [INFO] httpx: HTTP Request: GET https://data.binance.vision/data/spot/monthly/klines/BTCUSDT/1h/BTCUSDT-1h-2022-02.zip "HTTP/1.1 200 OK"
2026-09-27 22:52:49,109 [INFO] httpx: HTTP Request: GET https://data.binance.vision/data/spot/monthly/klines/BTCUSDT/1h/BTCUSDT-1h-2022-02.zip.CHECKSUM "HTTP/1.1 200 OK"
2026-09-27 22:52:49,388 [INFO] httpx: HTTP Request: GET https://data.binance.vision/data/spot/monthly/klines/BTCUSDT/1h/BTCUSDT-1h-2022-03.zip "HTTP/1.1 200 OK"
2026-09-27 22:52:49,905 [INFO] httpx: HTTP Request: GET https://data.binance.vision/data/spot/monthly/klines/BTCUSDT/1h/BTCUSDT-1h-2022-03.zip.CHECKSUM "HTTP/1.1 200 OK"
2026-09-27 22:52:50,204 [INFO] httpx: HTTP Request: GET https://data.binance.vision/data/spot/monthly/klines/BTCUSDT/1h/BTCUSDT-1h-2022-04.zip "HTTP/1.1 200 OK"
2026-09-27 22:52:50,728 [INFO] httpx: HTTP Request: GET https://data.binance.vision/data/spot/monthly/klines/BTCUSDT/1h/BTCUSDT-1h-2022-04.zip.CHECKSUM "HTTP/1.1 200 OK"
2026-09-27 22:52:51,501 [INFO] httpx: HTTP Request: GET https://data.binance.vision/data/spot/monthly/klines/BTCUSDT/1h/BTCUSDT-1h-2022-05.zip "HTTP/1.1 200 OK"
2026-09-27 22:52:52,511 [INFO] httpx: HTTP Request: GET https://data.binance.vision/data/spot/monthly/klines/BTCUSDT/1h/BTCUSDT-1h-2022-05.zip.CHECKSUM "HTTP/1.1 200 OK"
2026-09-27 22:52:53,297 [INFO] httpx: HTTP Request: GET https://data.binance.vision/data/spot/monthly/klines/BTCUSDT/1h/BTCUSDT-1h-2022-06.zip "HTTP/1.1 200 OK"
2026-09-27 22:52:54,325 [INFO] httpx: HTTP Request: GET https://data.binance.vision/data/spot/monthly/klines/BTCUSDT/1h/BTCUSDT-1h-2022-06.zip.CHECKSUM "HTTP/1.1 200 OK"
2026-09-27 22:52:55,099 [INFO] httpx: HTTP Request: GET https://data.binance.vision/data/spot/monthly/klines/BTCUSDT/1h/BTCUSDT-1h-2022-07.zip "HTTP/1.1 200 OK"
2026-09-27 22:52:56,106 [INFO] httpx: HTTP Request: GET https://data.binance.vision/data/spot/monthly/klines/BTCUSDT/1h/BTCUSDT-1h-2022-07.zip.CHECKSUM "HTTP/1.1 200 OK"
2026-09-27 22:52:56,876 [INFO] httpx: HTTP Request: GET https://data.binance.vision/data/spot/monthly/klines/BTCUSDT/1h/BTCUSDT-1h-2022-08.zip "HTTP/1.1 200 OK"
2026-09-27 22:52:57,904 [INFO] httpx: HTTP Request: GET https://data.binance.vision/data/spot/monthly/klines/BTCUSDT/1h/BTCUSDT-1h-2022-08.zip.CHECKSUM "HTTP/1.1 200 OK"
2026-09-27 22:52:58,690 [INFO] httpx: HTTP Request: GET https://data.binance.vision/data/spot/monthly/klines/BTCUSDT/1h/BTCUSDT-1h-2022-09.zip "HTTP/1.1 200 OK"
2026-09-27 22:52:59,208 [INFO] httpx: HTTP Request: GET https://data.binance.vision/data/spot/monthly/klines/BTCUSDT/1h/BTCUSDT-1h-2022-09.zip.CHECKSUM "HTTP/1.1 200 OK"
2026-09-27 22:52:59,522 [INFO] httpx: HTTP Request: GET https://data.binance.vision/data/spot/monthly/klines/BTCUSDT/1h/BTCUSDT-1h-2022-10.zip "HTTP/1.1 200 OK"
2026-09-27 22:53:00,065 [INFO] httpx: HTTP Request: GET https://data.binance.vision/data/spot/monthly/klines/BTCUSDT/1h/BTCUSDT-1h-2022-10.zip.CHECKSUM "HTTP/1.1 200 OK"
2026-09-27 22:53:00,492 [INFO] httpx: HTTP Request: GET https://data.binance.vision/data/spot/monthly/klines/BTCUSDT/1h/BTCUSDT-1h-2022-11.zip "HTTP/1.1 200 OK"
2026-09-27 22:53:01,478 [INFO] httpx: HTTP Request: GET https://data.binance.vision/data/spot/monthly/klines/BTCUSDT/1h/BTCUSDT-1h-2022-11.zip.CHECKSUM "HTTP/1.1 200 OK"
2026-09-27 22:53:01,796 [INFO] httpx: HTTP Request: GET https://data.binance.vision/data/spot/monthly/klines/BTCUSDT/1h/BTCUSDT-1h-2022-12.zip "HTTP/1.1 200 OK"
2026-09-27 22:53:02,793 [INFO] httpx: HTTP Request: GET https://data.binance.vision/data/spot/monthly/klines/BTCUSDT/1h/BTCUSDT-1h-2022-12.zip.CHECKSUM "HTTP/1.1 200 OK"
2026-09-27 22:53:03,236 [INFO] httpx: HTTP Request: GET https://data.binance.vision/data/spot/monthly/klines/BTCUSDT/1h/BTCUSDT-1h-2023-01.zip "HTTP/1.1 200 OK"
2026-09-27 22:53:04,031 [INFO] httpx: HTTP Request: GET https://data.binance.vision/data/spot/monthly/klines/BTCUSDT/1h/BTCUSDT-1h-2023-01.zip.CHECKSUM "HTTP/1.1 200 OK"
2026-09-27 22:53:04,315 [INFO] httpx: HTTP Request: GET https://data.binance.vision/data/spot/monthly/klines/BTCUSDT/1h/BTCUSDT-1h-2023-02.zip "HTTP/1.1 200 OK"
2026-09-27 22:53:05,324 [INFO] httpx: HTTP Request: GET https://data.binance.vision/data/spot/monthly/klines/BTCUSDT/1h/BTCUSDT-1h-2023-02.zip.CHECKSUM "HTTP/1.1 200 OK"
2026-09-27 22:53:05,618 [INFO] httpx: HTTP Request: GET https://data.binance.vision/data/spot/monthly/klines/BTCUSDT/1h/BTCUSDT-1h-2023-03.zip "HTTP/1.1 200 OK"
2026-09-27 22:53:06,622 [INFO] httpx: HTTP Request: GET https://data.binance.vision/data/spot/monthly/klines/BTCUSDT/1h/BTCUSDT-1h-2023-03.zip.CHECKSUM "HTTP/1.1 200 OK"
2026-09-27 22:53:07,390 [INFO] httpx: HTTP Request: GET https://data.binance.vision/data/spot/monthly/klines/BTCUSDT/1h/BTCUSDT-1h-2023-04.zip "HTTP/1.1 200 OK"
2026-09-27 22:53:08,407 [INFO] httpx: HTTP Request: GET https://data.binance.vision/data/spot/monthly/klines/BTCUSDT/1h/BTCUSDT-1h-2023-04.zip.CHECKSUM "HTTP/1.1 200 OK"
2026-09-27 22:53:09,193 [INFO] httpx: HTTP Request: GET https://data.binance.vision/data/spot/monthly/klines/BTCUSDT/1h/BTCUSDT-1h-2023-05.zip "HTTP/1.1 200 OK"
2026-09-27 22:53:09,721 [INFO] httpx: HTTP Request: GET https://data.binance.vision/data/spot/monthly/klines/BTCUSDT/1h/BTCUSDT-1h-2023-05.zip.CHECKSUM "HTTP/1.1 200 OK"
2026-09-27 22:53:10,496 [INFO] httpx: HTTP Request: GET https://data.binance.vision/data/spot/monthly/klines/BTCUSDT/1h/BTCUSDT-1h-2023-06.zip "HTTP/1.1 200 OK"
2026-09-27 22:53:11,504 [INFO] httpx: HTTP Request: GET https://data.binance.vision/data/spot/monthly/klines/BTCUSDT/1h/BTCUSDT-1h-2023-06.zip.CHECKSUM "HTTP/1.1 200 OK"
2026-09-27 22:53:11,802 [INFO] httpx: HTTP Request: GET https://data.binance.vision/data/spot/monthly/klines/BTCUSDT/1h/BTCUSDT-1h-2023-07.zip "HTTP/1.1 200 OK"
2026-09-27 22:53:12,439 [INFO] httpx: HTTP Request: GET https://data.binance.vision/data/spot/monthly/klines/BTCUSDT/1h/BTCUSDT-1h-2023-07.zip.CHECKSUM "HTTP/1.1 200 OK"
2026-09-27 22:53:12,734 [INFO] httpx: HTTP Request: GET https://data.binance.vision/data/spot/monthly/klines/BTCUSDT/1h/BTCUSDT-1h-2023-08.zip "HTTP/1.1 200 OK"
2026-09-27 22:53:13,251 [INFO] httpx: HTTP Request: GET https://data.binance.vision/data/spot/monthly/klines/BTCUSDT/1h/BTCUSDT-1h-2023-08.zip.CHECKSUM "HTTP/1.1 200 OK"
2026-09-27 22:53:14,056 [INFO] httpx: HTTP Request: GET https://data.binance.vision/data/spot/monthly/klines/BTCUSDT/1h/BTCUSDT-1h-2023-09.zip "HTTP/1.1 200 OK"
2026-09-27 22:53:16,369 [INFO] httpx: HTTP Request: GET https://data.binance.vision/data/spot/monthly/klines/BTCUSDT/1h/BTCUSDT-1h-2023-09.zip.CHECKSUM "HTTP/1.1 200 OK"
2026-09-27 22:53:16,655 [INFO] httpx: HTTP Request: GET https://data.binance.vision/data/spot/monthly/klines/BTCUSDT/1h/BTCUSDT-1h-2023-10.zip "HTTP/1.1 200 OK"
2026-09-27 22:53:17,211 [INFO] httpx: HTTP Request: GET https://data.binance.vision/data/spot/monthly/klines/BTCUSDT/1h/BTCUSDT-1h-2023-10.zip.CHECKSUM "HTTP/1.1 200 OK"
2026-09-27 22:53:17,998 [INFO] httpx: HTTP Request: GET https://data.binance.vision/data/spot/monthly/klines/BTCUSDT/1h/BTCUSDT-1h-2023-11.zip "HTTP/1.1 200 OK"
2026-09-27 22:53:18,525 [INFO] httpx: HTTP Request: GET https://data.binance.vision/data/spot/monthly/klines/BTCUSDT/1h/BTCUSDT-1h-2023-11.zip.CHECKSUM "HTTP/1.1 200 OK"
2026-09-27 22:53:18,824 [INFO] httpx: HTTP Request: GET https://data.binance.vision/data/spot/monthly/klines/BTCUSDT/1h/BTCUSDT-1h-2023-12.zip "HTTP/1.1 200 OK"
2026-09-27 22:53:19,350 [INFO] httpx: HTTP Request: GET https://data.binance.vision/data/spot/monthly/klines/BTCUSDT/1h/BTCUSDT-1h-2023-12.zip.CHECKSUM "HTTP/1.1 200 OK"
2026-09-27 22:53:19,747 [INFO] httpx: HTTP Request: GET https://data.binance.vision/data/spot/monthly/klines/BTCUSDT/1h/BTCUSDT-1h-2024-01.zip "HTTP/1.1 200 OK"
2026-09-27 22:53:20,358 [INFO] httpx: HTTP Request: GET https://data.binance.vision/data/spot/monthly/klines/BTCUSDT/1h/BTCUSDT-1h-2024-01.zip.CHECKSUM "HTTP/1.1 200 OK"
2026-09-27 22:53:20,646 [INFO] httpx: HTTP Request: GET https://data.binance.vision/data/spot/monthly/klines/BTCUSDT/1h/BTCUSDT-1h-2024-02.zip "HTTP/1.1 200 OK"
2026-09-27 22:53:21,433 [INFO] httpx: HTTP Request: GET https://data.binance.vision/data/spot/monthly/klines/BTCUSDT/1h/BTCUSDT-1h-2024-02.zip.CHECKSUM "HTTP/1.1 200 OK"
2026-09-27 22:53:21,734 [INFO] httpx: HTTP Request: GET https://data.binance.vision/data/spot/monthly/klines/BTCUSDT/1h/BTCUSDT-1h-2024-03.zip "HTTP/1.1 200 OK"
2026-09-27 22:53:22,743 [INFO] httpx: HTTP Request: GET https://data.binance.vision/data/spot/monthly/klines/BTCUSDT/1h/BTCUSDT-1h-2024-03.zip.CHECKSUM "HTTP/1.1 200 OK"
2026-09-27 22:53:23,689 [INFO] httpx: HTTP Request: GET https://data.binance.vision/data/spot/monthly/klines/BTCUSDT/1h/BTCUSDT-1h-2024-04.zip "HTTP/1.1 200 OK"
2026-09-27 22:53:24,570 [INFO] httpx: HTTP Request: GET https://data.binance.vision/data/spot/monthly/klines/BTCUSDT/1h/BTCUSDT-1h-2024-04.zip.CHECKSUM "HTTP/1.1 200 OK"
2026-09-27 22:53:25,370 [INFO] httpx: HTTP Request: GET https://data.binance.vision/data/spot/monthly/klines/BTCUSDT/1h/BTCUSDT-1h-2024-05.zip "HTTP/1.1 200 OK"
2026-09-27 22:53:25,866 [INFO] httpx: HTTP Request: GET https://data.binance.vision/data/spot/monthly/klines/BTCUSDT/1h/BTCUSDT-1h-2024-05.zip.CHECKSUM "HTTP/1.1 200 OK"
2026-09-27 22:53:26,650 [INFO] httpx: HTTP Request: GET https://data.binance.vision/data/spot/monthly/klines/BTCUSDT/1h/BTCUSDT-1h-2024-06.zip "HTTP/1.1 200 OK"
2026-09-27 22:53:27,664 [INFO] httpx: HTTP Request: GET https://data.binance.vision/data/spot/monthly/klines/BTCUSDT/1h/BTCUSDT-1h-2024-06.zip.CHECKSUM "HTTP/1.1 200 OK"
2026-09-27 22:53:28,426 [INFO] httpx: HTTP Request: GET https://data.binance.vision/data/spot/monthly/klines/BTCUSDT/1h/BTCUSDT-1h-2024-07.zip "HTTP/1.1 200 OK"
2026-09-27 22:53:29,436 [INFO] httpx: HTTP Request: GET https://data.binance.vision/data/spot/monthly/klines/BTCUSDT/1h/BTCUSDT-1h-2024-07.zip.CHECKSUM "HTTP/1.1 200 OK"
2026-09-27 22:53:29,758 [INFO] httpx: HTTP Request: GET https://data.binance.vision/data/spot/monthly/klines/BTCUSDT/1h/BTCUSDT-1h-2024-08.zip "HTTP/1.1 200 OK"
2026-09-27 22:53:30,765 [INFO] httpx: HTTP Request: GET https://data.binance.vision/data/spot/monthly/klines/BTCUSDT/1h/BTCUSDT-1h-2024-08.zip.CHECKSUM "HTTP/1.1 200 OK"
2026-09-27 22:53:31,094 [INFO] httpx: HTTP Request: GET https://data.binance.vision/data/spot/monthly/klines/BTCUSDT/1h/BTCUSDT-1h-2024-09.zip "HTTP/1.1 200 OK"
2026-09-27 22:53:32,071 [INFO] httpx: HTTP Request: GET https://data.binance.vision/data/spot/monthly/klines/BTCUSDT/1h/BTCUSDT-1h-2024-09.zip.CHECKSUM "HTTP/1.1 200 OK"
2026-09-27 22:53:32,875 [INFO] httpx: HTTP Request: GET https://data.binance.vision/data/spot/monthly/klines/BTCUSDT/1h/BTCUSDT-1h-2024-10.zip "HTTP/1.1 200 OK"
2026-09-27 22:53:33,440 [INFO] httpx: HTTP Request: GET https://data.binance.vision/data/spot/monthly/klines/BTCUSDT/1h/BTCUSDT-1h-2024-10.zip.CHECKSUM "HTTP/1.1 200 OK"
2026-09-27 22:53:34,358 [INFO] httpx: HTTP Request: GET https://data.binance.vision/data/spot/monthly/klines/BTCUSDT/1h/BTCUSDT-1h-2024-11.zip "HTTP/1.1 200 OK"
2026-09-27 22:53:34,772 [INFO] httpx: HTTP Request: GET https://data.binance.vision/data/spot/monthly/klines/BTCUSDT/1h/BTCUSDT-1h-2024-11.zip.CHECKSUM "HTTP/1.1 200 OK"
2026-09-27 22:53:35,083 [INFO] httpx: HTTP Request: GET https://data.binance.vision/data/spot/monthly/klines/BTCUSDT/1h/BTCUSDT-1h-2024-12.zip "HTTP/1.1 200 OK"
2026-09-27 22:53:35,729 [INFO] httpx: HTTP Request: GET https://data.binance.vision/data/spot/monthly/klines/BTCUSDT/1h/BTCUSDT-1h-2024-12.zip.CHECKSUM "HTTP/1.1 200 OK"
2026-09-27 22:53:36,593 [INFO] httpx: HTTP Request: GET https://data.binance.vision/data/spot/monthly/klines/BTCUSDT/1h/BTCUSDT-1h-2025-01.zip "HTTP/1.1 200 OK"
2026-09-27 22:53:37,628 [INFO] httpx: HTTP Request: GET https://data.binance.vision/data/spot/monthly/klines/BTCUSDT/1h/BTCUSDT-1h-2025-01.zip.CHECKSUM "HTTP/1.1 200 OK"
2026-09-27 22:53:38,354 [INFO] httpx: HTTP Request: GET https://data.binance.vision/data/spot/monthly/klines/BTCUSDT/1h/BTCUSDT-1h-2025-02.zip "HTTP/1.1 200 OK"
2026-09-27 22:53:39,336 [INFO] httpx: HTTP Request: GET https://data.binance.vision/data/spot/monthly/klines/BTCUSDT/1h/BTCUSDT-1h-2025-02.zip.CHECKSUM "HTTP/1.1 200 OK"
2026-09-27 22:53:39,639 [INFO] httpx: HTTP Request: GET https://data.binance.vision/data/spot/monthly/klines/BTCUSDT/1h/BTCUSDT-1h-2025-03.zip "HTTP/1.1 200 OK"
2026-09-27 22:53:40,188 [INFO] httpx: HTTP Request: GET https://data.binance.vision/data/spot/monthly/klines/BTCUSDT/1h/BTCUSDT-1h-2025-03.zip.CHECKSUM "HTTP/1.1 200 OK"
2026-09-27 22:53:40,487 [INFO] httpx: HTTP Request: GET https://data.binance.vision/data/spot/monthly/klines/BTCUSDT/1h/BTCUSDT-1h-2025-04.zip "HTTP/1.1 200 OK"
2026-09-27 22:53:41,491 [INFO] httpx: HTTP Request: GET https://data.binance.vision/data/spot/monthly/klines/BTCUSDT/1h/BTCUSDT-1h-2025-04.zip.CHECKSUM "HTTP/1.1 200 OK"
2026-09-27 22:53:42,272 [INFO] httpx: HTTP Request: GET https://data.binance.vision/data/spot/monthly/klines/BTCUSDT/1h/BTCUSDT-1h-2025-05.zip "HTTP/1.1 200 OK"
2026-09-27 22:53:42,895 [INFO] httpx: HTTP Request: GET https://data.binance.vision/data/spot/monthly/klines/BTCUSDT/1h/BTCUSDT-1h-2025-05.zip.CHECKSUM "HTTP/1.1 200 OK"
2026-09-27 22:53:43,610 [INFO] httpx: HTTP Request: GET https://data.binance.vision/data/spot/monthly/klines/BTCUSDT/1h/BTCUSDT-1h-2025-06.zip "HTTP/1.1 200 OK"
2026-09-27 22:53:44,135 [INFO] httpx: HTTP Request: GET https://data.binance.vision/data/spot/monthly/klines/BTCUSDT/1h/BTCUSDT-1h-2025-06.zip.CHECKSUM "HTTP/1.1 200 OK"
2026-09-27 22:53:44,432 [INFO] httpx: HTTP Request: GET https://data.binance.vision/data/spot/monthly/klines/BTCUSDT/1h/BTCUSDT-1h-2025-07.zip "HTTP/1.1 200 OK"
2026-09-27 22:53:44,962 [INFO] httpx: HTTP Request: GET https://data.binance.vision/data/spot/monthly/klines/BTCUSDT/1h/BTCUSDT-1h-2025-07.zip.CHECKSUM "HTTP/1.1 200 OK"
2026-09-27 22:53:45,264 [INFO] httpx: HTTP Request: GET https://data.binance.vision/data/spot/monthly/klines/BTCUSDT/1h/BTCUSDT-1h-2025-08.zip "HTTP/1.1 200 OK"
2026-09-27 22:53:46,278 [INFO] httpx: HTTP Request: GET https://data.binance.vision/data/spot/monthly/klines/BTCUSDT/1h/BTCUSDT-1h-2025-08.zip.CHECKSUM "HTTP/1.1 200 OK"
2026-09-27 22:53:47,083 [INFO] httpx: HTTP Request: GET https://data.binance.vision/data/spot/monthly/klines/BTCUSDT/1h/BTCUSDT-1h-2025-09.zip "HTTP/1.1 200 OK"
2026-09-27 22:53:47,607 [INFO] httpx: HTTP Request: GET https://data.binance.vision/data/spot/monthly/klines/BTCUSDT/1h/BTCUSDT-1h-2025-09.zip.CHECKSUM "HTTP/1.1 200 OK"
2026-09-27 22:53:48,391 [INFO] httpx: HTTP Request: GET https://data.binance.vision/data/spot/monthly/klines/BTCUSDT/1h/BTCUSDT-1h-2025-10.zip "HTTP/1.1 200 OK"
2026-09-27 22:53:50,709 [INFO] httpx: HTTP Request: GET https://data.binance.vision/data/spot/monthly/klines/BTCUSDT/1h/BTCUSDT-1h-2025-10.zip.CHECKSUM "HTTP/1.1 200 OK"
2026-09-27 22:53:51,181 [INFO] httpx: HTTP Request: GET https://data.binance.vision/data/spot/monthly/klines/BTCUSDT/1h/BTCUSDT-1h-2025-11.zip "HTTP/1.1 200 OK"
2026-09-27 22:53:51,709 [INFO] httpx: HTTP Request: GET https://data.binance.vision/data/spot/monthly/klines/BTCUSDT/1h/BTCUSDT-1h-2025-11.zip.CHECKSUM "HTTP/1.1 200 OK"
2026-09-27 22:53:52,064 [INFO] httpx: HTTP Request: GET https://data.binance.vision/data/spot/monthly/klines/BTCUSDT/1h/BTCUSDT-1h-2025-12.zip "HTTP/1.1 200 OK"
2026-09-27 22:53:53,093 [INFO] httpx: HTTP Request: GET https://data.binance.vision/data/spot/monthly/klines/BTCUSDT/1h/BTCUSDT-1h-2025-12.zip.CHECKSUM "HTTP/1.1 200 OK"
2026-09-27 22:53:53,865 [INFO] httpx: HTTP Request: GET https://data.binance.vision/data/spot/monthly/klines/BTCUSDT/1h/BTCUSDT-1h-2026-01.zip "HTTP/1.1 200 OK"
2026-09-27 22:53:54,485 [INFO] httpx: HTTP Request: GET https://data.binance.vision/data/spot/monthly/klines/BTCUSDT/1h/BTCUSDT-1h-2026-01.zip.CHECKSUM "HTTP/1.1 200 OK"
2026-09-27 22:53:55,276 [INFO] httpx: HTTP Request: GET https://data.binance.vision/data/spot/monthly/klines/BTCUSDT/1h/BTCUSDT-1h-2026-02.zip "HTTP/1.1 200 OK"
2026-09-27 22:53:55,795 [INFO] httpx: HTTP Request: GET https://data.binance.vision/data/spot/monthly/klines/BTCUSDT/1h/BTCUSDT-1h-2026-02.zip.CHECKSUM "HTTP/1.1 200 OK"
2026-09-27 22:53:56,253 [INFO] httpx: HTTP Request: GET https://data.binance.vision/data/spot/monthly/klines/BTCUSDT/1h/BTCUSDT-1h-2026-03.zip "HTTP/1.1 200 OK"
2026-09-27 22:53:56,778 [INFO] httpx: HTTP Request: GET https://data.binance.vision/data/spot/monthly/klines/BTCUSDT/1h/BTCUSDT-1h-2026-03.zip.CHECKSUM "HTTP/1.1 200 OK"
2026-09-27 22:53:57,065 [INFO] httpx: HTTP Request: GET https://data.binance.vision/data/spot/monthly/klines/BTCUSDT/1h/BTCUSDT-1h-2026-04.zip "HTTP/1.1 200 OK"
2026-09-27 22:53:57,604 [INFO] httpx: HTTP Request: GET https://data.binance.vision/data/spot/monthly/klines/BTCUSDT/1h/BTCUSDT-1h-2026-04.zip.CHECKSUM "HTTP/1.1 200 OK"
2026-09-27 22:53:58,377 [INFO] httpx: HTTP Request: GET https://data.binance.vision/data/spot/monthly/klines/BTCUSDT/1h/BTCUSDT-1h-2026-05.zip "HTTP/1.1 200 OK"
2026-09-27 22:53:59,426 [INFO] httpx: HTTP Request: GET https://data.binance.vision/data/spot/monthly/klines/BTCUSDT/1h/BTCUSDT-1h-2026-05.zip.CHECKSUM "HTTP/1.1 200 OK"
2026-09-27 22:54:00,228 [INFO] httpx: HTTP Request: GET https://data.binance.vision/data/spot/monthly/klines/BTCUSDT/1h/BTCUSDT-1h-2026-06.zip "HTTP/1.1 200 OK"
2026-09-27 22:54:00,800 [INFO] httpx: HTTP Request: GET https://data.binance.vision/data/spot/monthly/klines/BTCUSDT/1h/BTCUSDT-1h-2026-06.zip.CHECKSUM "HTTP/1.1 200 OK"
2026-09-27 22:54:01,096 [INFO] httpx: HTTP Request: GET https://data.binance.vision/data/spot/monthly/klines/BTCUSDT/1h/BTCUSDT-1h-2026-07.zip "HTTP/1.1 200 OK"
2026-09-27 22:54:02,107 [INFO] httpx: HTTP Request: GET https://data.binance.vision/data/spot/monthly/klines/BTCUSDT/1h/BTCUSDT-1h-2026-07.zip.CHECKSUM "HTTP/1.1 200 OK"
2026-09-27 22:54:02,896 [INFO] httpx: HTTP Request: GET https://data.binance.vision/data/spot/monthly/klines/BTCUSDT/1h/BTCUSDT-1h-2026-08.zip "HTTP/1.1 200 OK"
2026-09-27 22:54:03,418 [INFO] httpx: HTTP Request: GET https://data.binance.vision/data/spot/monthly/klines/BTCUSDT/1h/BTCUSDT-1h-2026-08.zip.CHECKSUM "HTTP/1.1 200 OK"
2026-09-27 22:54:03,690 [INFO] httpx: HTTP Request: GET https://data.binance.vision/data/spot/monthly/klines/BTCUSDT/1h/BTCUSDT-1h-2026-09.zip "HTTP/1.1 404 Not Found"
2026-09-27 22:54:03,690 [WARNING] GarimpoInvestimentos.v3.collectors.binance_vision: Arquivo Vision ausente: https://data.binance.vision/data/spot/monthly/klines/BTCUSDT/1h/BTCUSDT-1h-2026-09.zip
2026-09-27 22:54:03,693 [INFO] GarimpoInvestimentos.v3.collectors.binance_vision: binance_vision[BTCUSDT]: 49642 klines (1h)
2026-09-27 22:54:03,825 [INFO] __main__: vision_ingest[BTCUSDT]: {'funding_total': 6207, 'funding_new': 6207, 'oi_total': 595848, 'oi_new': 595848, 'klines_total': 49642, 'klines_new': 49642}
